Fecha;Sector;Sentimiento
2021-10-04;crypto;51.94
2021-10-05;financial services;46.29
2021-10-05;utilities;45.81
2021-10-05;ENERGY;53.62
2021-10-05;basic materials;47.66
2021-10-05;  Consumer Cyclical ;57.21
2021-10-05;Communication Services;61.3
2021-10-05;Real Estate;29.36
2021-10-05;  Technology ;50.06
2021-10-05;  Industrials ;48.46
2021-10-05;HEALTHCARE;57.36
2021-10-05;Crypto;36.32
2021-10-06;FINANCIAL SERVICES;59.53
2021-10-06;Utilities;44.33
2021-10-06;  Energy ;35.91
2021-10-06;Basic Materials;63.39
2021-10-06;CONSUMER CYCLICAL;59.05
2021-10-06;Communication Services;41.3
2021-10-06;REAL ESTATE;51.4
2021-10-06;  Technology ;47.97
2021-10-06;Industrials;42.77
2021-10-06;  Healthcare ;58.75
2021-10-06;Crypto;44.35
2021-10-07;Financial Services;45.62
2021-10-07;utilities;56.38
2021-10-07;Energy;56.08
2021-10-07;Basic Materials;12.93
2021-10-07;Consumer Cyclical;34.13
2021-10-07;  Communication Services ;48.65
2021-10-07;  Real Estate ;60.67
2021-10-07;  Technology ;38.95
2021-10-07;  Industrials ;52.09
2021-10-07;HEALTHCARE;58.42
2021-10-07;Crypto;35.73
2021-10-08;FINANCIAL SERVICES;36.06
2021-10-08;Utilities;67.27
2021-10-08;energy;57.23
2021-10-08;  Basic Materials ;56.55
2021-10-08;consumer cyclical;67.66
2021-10-08;Communication Services;52.26
2021-10-08;Real Estate;36.68
2021-10-08;Technology;32.73
2021-10-08;industrials;30.01
2021-10-08;  Healthcare ;41.35
2021-10-08;crypto;57.84
2021-10-11;FINANCIAL SERVICES;46.29
2021-10-11;Utilities;51.82
2021-10-11;Energy;43.32
2021-10-11;basic materials;31.84
2021-10-11;CONSUMER CYCLICAL;32.88
2021-10-11;Communication Services;48.61
2021-10-11;Real Estate;47.65
2021-10-11;TECHNOLOGY;64.88
2021-10-11;INDUSTRIALS;47.89
2021-10-11;Healthcare;34.21
2021-10-11;crypto;40.96
2021-10-12;  Financial Services ;50.25
2021-10-12;UTILITIES;63.89
2021-10-12;energy;41.39
2021-10-12;Basic Materials;53.85
2021-10-12;consumer cyclical;30.33
2021-10-12;Communication Services;34.95
2021-10-12;real estate;53.59
2021-10-12;Technology;51.46
2021-10-12;Industrials;43.94
2021-10-12;HEALTHCARE;41.92
2021-10-12;Crypto;28.8
2021-10-13;Financial Services;61.34
2021-10-13;UTILITIES;47.4
2021-10-13;energy;55.61
2021-10-13;Basic Materials;37.24
2021-10-13;consumer cyclical;50.04
2021-10-13;COMMUNICATION SERVICES;60.29
2021-10-13;  Real Estate ;40.11
2021-10-13;technology;61.96
2021-10-13;Industrials;37.73
2021-10-13;healthcare;39.48
2021-10-13;  Crypto ;25.21
2021-10-14;  Financial Services ;36.57
2021-10-14;Utilities;57.32
2021-10-14;energy;54.72
2021-10-14;basic materials;56.87
2021-10-14;Consumer Cyclical;40.81
2021-10-14;Communication Services;51.38
2021-10-14;Real Estate;45.21
2021-10-14;Technology;60.69
2021-10-14;INDUSTRIALS;28.68
2021-10-14;Healthcare;57.56
2021-10-14;CRYPTO;49.19
2021-10-15;Financial Services;52.55
2021-10-15;Utilities;74.76
2021-10-15;energy;59.28
2021-10-15;BASIC MATERIALS;39.57
2021-10-15;Consumer Cyclical;21.6
2021-10-15;Communication Services;41.84
2021-10-15;Real Estate;51.3
2021-10-15;Technology;48.91
2021-10-15;Industrials;43.74
2021-10-15;HEALTHCARE;59.2
2021-10-15;Crypto;60.81
2021-10-18;FINANCIAL SERVICES;71.31
2021-10-18;Utilities;46.8
2021-10-18;ENERGY;56.24
2021-10-18;BASIC MATERIALS;40.81
2021-10-18;CONSUMER CYCLICAL;66.91
2021-10-18;communication services;53.18
2021-10-18;real estate;88.15
2021-10-18;Technology;48.06
2021-10-18;Industrials;57.22
2021-10-18;Healthcare;49.26
2021-10-18;Crypto;55.82
2021-10-19;financial services;53.96
2021-10-19;UTILITIES;42.47
2021-10-19;ENERGY;37.74
2021-10-19;  Basic Materials ;65.92
2021-10-19;Consumer Cyclical;75.26
2021-10-19;Communication Services;36.55
2021-10-19;  Real Estate ;60.22
2021-10-19;TECHNOLOGY;43.24
2021-10-19;Industrials;46.12
2021-10-19;HEALTHCARE;36.46
2021-10-19;  Crypto ;64.27
2021-10-20;FINANCIAL SERVICES;34.7
2021-10-20;utilities;57.21
2021-10-20;energy;40.12
2021-10-20;Basic Materials;35.72
2021-10-20;CONSUMER CYCLICAL;56.22
2021-10-20;Communication Services;34.67
2021-10-20;real estate;61.02
2021-10-20;Technology;63.04
2021-10-20;INDUSTRIALS;56.55
2021-10-20;Healthcare;32.48
2021-10-20;  Crypto ;30.25
2021-10-21;FINANCIAL SERVICES;60.76
2021-10-21;utilities;54.58
2021-10-21;Energy;52.34
2021-10-21;basic materials;55.67
2021-10-21;  Consumer Cyclical ;26.77
2021-10-21;communication services;45.26
2021-10-21;real estate;58.47
2021-10-21;TECHNOLOGY;18.09
2021-10-21;Industrials;60.29
2021-10-21;Healthcare;53.83
2021-10-21;CRYPTO;32.38
2021-10-22;FINANCIAL SERVICES;36.73
2021-10-22;Utilities;43.27
2021-10-22;energy;48.9
2021-10-22;Basic Materials;53.42
2021-10-22;Consumer Cyclical;38.63
2021-10-22;Communication Services;59.58
2021-10-22;REAL ESTATE;59.94
2021-10-22;technology;53.87
2021-10-22;industrials;72.57
2021-10-22;HEALTHCARE;53.13
2021-10-22;  Crypto ;48.51
2021-10-25;Financial Services;59.45
2021-10-25;Utilities;64.08
2021-10-25;Energy;50.58
2021-10-25;basic materials;54.68
2021-10-25;consumer cyclical;32.75
2021-10-25;  Communication Services ;48.48
2021-10-25;REAL ESTATE;58.26
2021-10-25;TECHNOLOGY;52.22
2021-10-25;industrials;61.53
2021-10-25;  Healthcare ;61.63
2021-10-25;Crypto;76.11
2021-10-26;Financial Services;41.96
2021-10-26;UTILITIES;62.5
2021-10-26;energy;61.08
2021-10-26;Basic Materials;85.08
2021-10-26;CONSUMER CYCLICAL;47.55
2021-10-26;Communication Services;57.35
2021-10-26;Real Estate;44.81
2021-10-26;Technology;59.65
2021-10-26;industrials;51.94
2021-10-26;healthcare;37.45
2021-10-26;Crypto;56.4
2021-10-27;financial services;17.28
2021-10-27;  Utilities ;61.8
2021-10-27;  Energy ;39.92
2021-10-27;Basic Materials;51.61
2021-10-27;Consumer Cyclical;53.04
2021-10-27;Communication Services;59.6
2021-10-27;real estate;37.07
2021-10-27;TECHNOLOGY;57.59
2021-10-27;Industrials;57.13
2021-10-27;HEALTHCARE;50.28
2021-10-27;  Crypto ;41.56
2021-10-28;  Financial Services ;38.49
2021-10-28;UTILITIES;55.4
2021-10-28;Energy;49.95
2021-10-28;Basic Materials;74.61
2021-10-28;consumer cyclical;46.13
2021-10-28;Communication Services;35.29
2021-10-28;Real Estate;52.06
2021-10-28;Technology;67.65
2021-10-28;industrials;47.17
2021-10-28;Healthcare;46.73
2021-10-28;crypto;57.36
2021-10-29;Financial Services;63.16
2021-10-29;Utilities;45.66
2021-10-29;energy;40.87
2021-10-29;Basic Materials;51.75
2021-10-29;CONSUMER CYCLICAL;50.84
2021-10-29;Communication Services;42.88
2021-10-29;Real Estate;61.25
2021-10-29;Technology;46.75
2021-10-29;industrials;34.56
2021-10-29;Healthcare;37.57
2021-10-29;Crypto;26.5
2021-11-01;  Financial Services ;39.0
2021-11-01;Utilities;38.27
2021-11-01;ENERGY;52.21
2021-11-01;  Basic Materials ;66.64
2021-11-01;Consumer Cyclical;44.91
2021-11-01;communication services;39.64
2021-11-01;REAL ESTATE;34.91
2021-11-01;TECHNOLOGY;44.88
2021-11-01;Industrials;21.47
2021-11-01;Healthcare;58.64
2021-11-01;CRYPTO;48.78
2021-11-02;FINANCIAL SERVICES;58.84
2021-11-02;Utilities;61.43
2021-11-02;Energy;35.56
2021-11-02;BASIC MATERIALS;61.18
2021-11-02;  Consumer Cyclical ;56.43
2021-11-02;Communication Services;44.11
2021-11-02;REAL ESTATE;35.85
2021-11-02;Technology;60.31
2021-11-02;industrials;55.69
2021-11-02;Healthcare;62.79
2021-11-02;crypto;55.75
2021-11-03;financial services;43.19
2021-11-03;Utilities;59.77
2021-11-03;Energy;37.5
2021-11-03;Basic Materials;38.56
2021-11-03;  Consumer Cyclical ;58.12
2021-11-03;Communication Services;49.48
2021-11-03;Real Estate;42.55
2021-11-03;Technology;53.02
2021-11-03;  Industrials ;48.42
2021-11-03;Healthcare;48.4
2021-11-03;  Crypto ;37.23
2021-11-04;FINANCIAL SERVICES;56.67
2021-11-04;Utilities;48.3
2021-11-04;Energy;36.11
2021-11-04;basic materials;34.31
2021-11-04;Consumer Cyclical;30.87
2021-11-04;  Communication Services ;36.13
2021-11-04;Real Estate;44.3
2021-11-04;Technology;55.39
2021-11-04;INDUSTRIALS;36.19
2021-11-04;HEALTHCARE;56.73
2021-11-04;Crypto;71.07
2021-11-05;financial services;48.12
2021-11-05;  Utilities ;54.51
2021-11-05;Energy;43.07
2021-11-05;  Basic Materials ;61.31
2021-11-05;  Consumer Cyclical ;68.58
2021-11-05;COMMUNICATION SERVICES;22.24
2021-11-05;real estate;52.24
2021-11-05;  Technology ;60.25
2021-11-05;industrials;56.08
2021-11-05;HEALTHCARE;48.98
2021-11-05;crypto;49.07
2021-11-08;financial services;44.66
2021-11-08;utilities;27.23
2021-11-08;Energy;45.94
2021-11-08;Basic Materials;40.13
2021-11-08;  Consumer Cyclical ;72.0
2021-11-08;communication services;54.88
2021-11-08;Real Estate;43.49
2021-11-08;TECHNOLOGY;51.59
2021-11-08;INDUSTRIALS;52.52
2021-11-08;HEALTHCARE;15.26
2021-11-08;  Crypto ;75.27
2021-11-09;FINANCIAL SERVICES;38.66
2021-11-09;UTILITIES;67.55
2021-11-09;Energy;37.56
2021-11-09;Basic Materials;58.56
2021-11-09;consumer cyclical;51.05
2021-11-09;Communication Services;35.32
2021-11-09;Real Estate;61.7
2021-11-09;Technology;36.81
2021-11-09;industrials;60.3
2021-11-09;HEALTHCARE;55.84
2021-11-09;CRYPTO;48.93
2021-11-10;Financial Services;46.37
2021-11-10;  Utilities ;48.46
2021-11-10;Energy;42.99
2021-11-10;Basic Materials;26.64
2021-11-10;consumer cyclical;49.75
2021-11-10;  Communication Services ;64.67
2021-11-10;  Real Estate ;46.14
2021-11-10;Technology;72.62
2021-11-10;Industrials;52.6
2021-11-10;HEALTHCARE;63.09
2021-11-10;CRYPTO;31.89
2021-11-11;Financial Services;81.13
2021-11-11;Utilities;57.81
2021-11-11;Energy;59.59
2021-11-11;basic materials;59.1
2021-11-11;CONSUMER CYCLICAL;70.61
2021-11-11;Communication Services;80.23
2021-11-11;  Real Estate ;44.65
2021-11-11;Technology;62.86
2021-11-11;INDUSTRIALS;37.64
2021-11-11;HEALTHCARE;66.01
2021-11-11;Crypto;52.45
2021-11-12;FINANCIAL SERVICES;59.28
2021-11-12;Utilities;30.66
2021-11-12;Energy;39.88
2021-11-12;Basic Materials;66.39
2021-11-12;consumer cyclical;46.55
2021-11-12;Communication Services;32.22
2021-11-12;Real Estate;46.77
2021-11-12;TECHNOLOGY;52.79
2021-11-12;Industrials;53.98
2021-11-12;HEALTHCARE;54.91
2021-11-12;CRYPTO;48.07
2021-11-15;financial services;65.7
2021-11-15;Utilities;36.19
2021-11-15;Energy;44.21
2021-11-15;basic materials;41.6
2021-11-15;  Consumer Cyclical ;68.32
2021-11-15;  Communication Services ;52.58
2021-11-15;Real Estate;58.56
2021-11-15;Technology;42.49
2021-11-15;industrials;40.64
2021-11-15;healthcare;49.57
2021-11-15;Crypto;41.46
2021-11-16;  Financial Services ;67.14
2021-11-16;  Utilities ;46.71
2021-11-16;ENERGY;43.17
2021-11-16;BASIC MATERIALS;42.59
2021-11-16;CONSUMER CYCLICAL;50.46
2021-11-16;communication services;55.82
2021-11-16;REAL ESTATE;60.72
2021-11-16;  Technology ;48.24
2021-11-16;industrials;62.84
2021-11-16;HEALTHCARE;57.64
2021-11-16;Crypto;28.84
2021-11-17;Financial Services;43.95
2021-11-17;  Utilities ;42.74
2021-11-17;Energy;53.42
2021-11-17;  Basic Materials ;34.38
2021-11-17;Consumer Cyclical;48.87
2021-11-17;COMMUNICATION SERVICES;43.82
2021-11-17;REAL ESTATE;52.37
2021-11-17;Technology;31.87
2021-11-17;Industrials;61.04
2021-11-17;  Healthcare ;61.6
2021-11-17;crypto;42.54
2021-11-18;FINANCIAL SERVICES;57.59
2021-11-18;UTILITIES;52.64
2021-11-18;energy;26.38
2021-11-18;BASIC MATERIALS;52.65
2021-11-18;consumer cyclical;56.36
2021-11-18;COMMUNICATION SERVICES;68.01
2021-11-18;Real Estate;68.83
2021-11-18;  Technology ;47.98
2021-11-18;industrials;66.39
2021-11-18;healthcare;57.41
2021-11-18;CRYPTO;55.56
2021-11-19;FINANCIAL SERVICES;25.38
2021-11-19;Utilities;35.48
2021-11-19;Energy;25.84
2021-11-19;Basic Materials;79.5
2021-11-19;  Consumer Cyclical ;41.08
2021-11-19;communication services;60.22
2021-11-19;REAL ESTATE;35.31
2021-11-19;Technology;51.69
2021-11-19;  Industrials ;48.33
2021-11-19;  Healthcare ;47.19
2021-11-19;crypto;58.11
2021-11-22;FINANCIAL SERVICES;38.48
2021-11-22;UTILITIES;63.85
2021-11-22;Energy;29.86
2021-11-22;BASIC MATERIALS;44.46
2021-11-22;Consumer Cyclical;58.99
2021-11-22;  Communication Services ;46.76
2021-11-22;Real Estate;57.16
2021-11-22;  Technology ;5.33
2021-11-22;industrials;27.19
2021-11-22;HEALTHCARE;55.68
2021-11-22;Crypto;67.95
2021-11-23;Financial Services;62.95
2021-11-23;  Utilities ;49.86
2021-11-23;  Energy ;37.24
2021-11-23;BASIC MATERIALS;50.83
2021-11-23;consumer cyclical;42.65
2021-11-23;communication services;100
2021-11-23;Real Estate;32.84
2021-11-23;TECHNOLOGY;46.88
2021-11-23;INDUSTRIALS;66.02
2021-11-23;Healthcare;47.87
2021-11-23;Crypto;52.01
2021-11-24;Financial Services;55.98
2021-11-24;Utilities;39.07
2021-11-24;energy;65.71
2021-11-24;basic materials;47.87
2021-11-24;Consumer Cyclical;32.92
2021-11-24;communication services;42.15
2021-11-24;  Real Estate ;47.19
2021-11-24;  Technology ;57.77
2021-11-24;  Industrials ;69.39
2021-11-24;  Healthcare ;22.76
2021-11-24;CRYPTO;68.22
2021-11-25;financial services;40.96
2021-11-25;Utilities;42.88
2021-11-25;  Energy ;49.94
2021-11-25;BASIC MATERIALS;59.72
2021-11-25;CONSUMER CYCLICAL;55.59
2021-11-25;Communication Services;23.24
2021-11-25;real estate;62.51
2021-11-25;technology;49.26
2021-11-25;INDUSTRIALS;88.72
2021-11-25;HEALTHCARE;51.07
2021-11-25;crypto;53.33
2021-11-26;financial services;61.78
2021-11-26;Utilities;62.36
2021-11-26;Energy;58.19
2021-11-26;BASIC MATERIALS;47.79
2021-11-26;consumer cyclical;33.18
2021-11-26;communication services;61.25
2021-11-26;REAL ESTATE;40.39
2021-11-26;technology;62.15
2021-11-26;Industrials;30.83
2021-11-26;Healthcare;36.02
2021-11-26;Crypto;20.79
2021-11-29;FINANCIAL SERVICES;21.0
2021-11-29;  Utilities ;41.41
2021-11-29;ENERGY;42.3
2021-11-29;basic materials;11.26
2021-11-29;  Consumer Cyclical ;28.73
2021-11-29;communication services;45.86
2021-11-29;real estate;51.39
2021-11-29;TECHNOLOGY;45.34
2021-11-29;Industrials;38.06
2021-11-29;Healthcare;46.68
2021-11-29;  Crypto ;60.84
2021-11-30;  Financial Services ;42.37
2021-11-30;Utilities;41.52
2021-11-30;Energy;75.02
2021-11-30;Basic Materials;52.69
2021-11-30;consumer cyclical;58.33
2021-11-30;  Communication Services ;40.83
2021-11-30;Real Estate;58.23
2021-11-30;technology;45.01
2021-11-30;Industrials;33.98
2021-11-30;HEALTHCARE;66.03
2021-11-30;Crypto;64.41
2021-12-01;Financial Services;44.08
2021-12-01;Utilities;60.74
2021-12-01;energy;59.07
2021-12-01;BASIC MATERIALS;44.57
2021-12-01;consumer cyclical;45.71
2021-12-01;Communication Services;73.5
2021-12-01;REAL ESTATE;36.66
2021-12-01;TECHNOLOGY;62.9
2021-12-01;industrials;15.89
2021-12-01;HEALTHCARE;53.54
2021-12-01;crypto;48.97
2021-12-02;Financial Services;50.12
2021-12-02;UTILITIES;53.38
2021-12-02;  Energy ;45.62
2021-12-02;Basic Materials;51.04
2021-12-02;Consumer Cyclical;71.33
2021-12-02;communication services;30.03
2021-12-02;  Real Estate ;72.48
2021-12-02;TECHNOLOGY;68.78
2021-12-02;INDUSTRIALS;66.9
2021-12-02;healthcare;47.87
2021-12-02;crypto;45.98
2021-12-03;  Financial Services ;53.18
2021-12-03;utilities;38.3
2021-12-03;energy;35.69
2021-12-03;Basic Materials;29.42
2021-12-03;  Consumer Cyclical ;50.47
2021-12-03;Communication Services;33.18
2021-12-03;Real Estate;61.17
2021-12-03;Technology;34.68
2021-12-03;industrials;32.01
2021-12-03;  Healthcare ;61.15
2021-12-03;Crypto;68.49
2021-12-06;FINANCIAL SERVICES;48.78
2021-12-06;Utilities;55.3
2021-12-06;  Energy ;34.31
2021-12-06;basic materials;39.15
2021-12-06;Consumer Cyclical;28.67
2021-12-06;COMMUNICATION SERVICES;45.76
2021-12-06;REAL ESTATE;40.49
2021-12-06;TECHNOLOGY;57.07
2021-12-06;Industrials;33.1
2021-12-06;healthcare;46.74
2021-12-06;  Crypto ;48.9
2021-12-07;Financial Services;60.62
2021-12-07;  Utilities ;59.83
2021-12-07;Energy;65.95
2021-12-07;basic materials;31.18
2021-12-07;Consumer Cyclical;44.48
2021-12-07;COMMUNICATION SERVICES;53.64
2021-12-07;  Real Estate ;50.16
2021-12-07;technology;50.63
2021-12-07;INDUSTRIALS;47.72
2021-12-07;HEALTHCARE;34.15
2021-12-07;Crypto;67.14
2021-12-08;FINANCIAL SERVICES;55.84
2021-12-08;utilities;41.25
2021-12-08;Energy;46.06
2021-12-08;Basic Materials;65.66
2021-12-08;consumer cyclical;69.05
2021-12-08;COMMUNICATION SERVICES;41.66
2021-12-08;real estate;51.5
2021-12-08;Technology;58.43
2021-12-08;Industrials;52.69
2021-12-08;HEALTHCARE;57.96
2021-12-08;crypto;36.93
2021-12-09;financial services;35.13
2021-12-09;Utilities;39.03
2021-12-09;  Energy ;54.41
2021-12-09;Basic Materials;49.74
2021-12-09;  Consumer Cyclical ;46.7
2021-12-09;communication services;60.34
2021-12-09;Real Estate;51.98
2021-12-09;TECHNOLOGY;62.0
2021-12-09;Industrials;43.53
2021-12-09;Healthcare;59.7
2021-12-09;crypto;62.44
2021-12-10;Financial Services;62.49
2021-12-10;Utilities;62.62
2021-12-10;Energy;46.84
2021-12-10;BASIC MATERIALS;55.84
2021-12-10;CONSUMER CYCLICAL;61.26
2021-12-10;  Communication Services ;47.69
2021-12-10;REAL ESTATE;28.91
2021-12-10;TECHNOLOGY;71.28
2021-12-10;  Industrials ;49.86
2021-12-10;Healthcare;59.85
2021-12-10;  Crypto ;59.22
2021-12-13;Financial Services;48.92
2021-12-13;utilities;55.61
2021-12-13;  Energy ;36.22
2021-12-13;BASIC MATERIALS;45.56
2021-12-13;CONSUMER CYCLICAL;36.41
2021-12-13;COMMUNICATION SERVICES;58.36
2021-12-13;  Real Estate ;42.87
2021-12-13;TECHNOLOGY;31.69
2021-12-13;Industrials;64.57
2021-12-13;  Healthcare ;76.65
2021-12-13;CRYPTO;39.98
2021-12-14;Financial Services;64.84
2021-12-14;UTILITIES;46.92
2021-12-14;ENERGY;44.09
2021-12-14;basic materials;18.78
2021-12-14;Consumer Cyclical;28.3
2021-12-14;Communication Services;64.3
2021-12-14;Real Estate;69.34
2021-12-14;Technology;33.73
2021-12-14;Industrials;48.2
2021-12-14;healthcare;46.62
2021-12-14;CRYPTO;37.5
2021-12-15;  Financial Services ;56.78
2021-12-15;Utilities;59.24
2021-12-15;Energy;71.48
2021-12-15;BASIC MATERIALS;85.07
2021-12-15;CONSUMER CYCLICAL;57.9
2021-12-15;COMMUNICATION SERVICES;67.77
2021-12-15;REAL ESTATE;49.62
2021-12-15;  Technology ;44.67
2021-12-15;INDUSTRIALS;55.74
2021-12-15;Healthcare;52.13
2021-12-15;Crypto;56.37
2021-12-16;FINANCIAL SERVICES;44.71
2021-12-16;Utilities;40.82
2021-12-16;  Energy ;31.53
2021-12-16;Basic Materials;44.18
2021-12-16;Consumer Cyclical;61.55
2021-12-16;Communication Services;47.42
2021-12-16;Real Estate;46.07
2021-12-16;TECHNOLOGY;30.23
2021-12-16;Industrials;63.48
2021-12-16;Healthcare;63.49
2021-12-16;CRYPTO;57.86
2021-12-17;financial services;71.49
2021-12-17;Utilities;55.65
2021-12-17;  Energy ;50.12
2021-12-17;Basic Materials;56.55
2021-12-17;consumer cyclical;31.93
2021-12-17;Communication Services;47.96
2021-12-17;real estate;72.12
2021-12-17;TECHNOLOGY;62.69
2021-12-17;  Industrials ;39.42
2021-12-17;healthcare;42.54
2021-12-17;crypto;23.31
2021-12-20;Financial Services;13.89
2021-12-20;Utilities;40.73
2021-12-20;ENERGY;27.1
2021-12-20;BASIC MATERIALS;52.82
2021-12-20;Consumer Cyclical;40.03
2021-12-20;communication services;70.52
2021-12-20;REAL ESTATE;46.49
2021-12-20;  Technology ;47.06
2021-12-20;  Industrials ;35.61
2021-12-20;HEALTHCARE;37.01
2021-12-20;CRYPTO;55.81
2021-12-21;financial services;53.87
2021-12-21;Utilities;45.92
2021-12-21;Energy;38.88
2021-12-21;basic materials;38.48
2021-12-21;CONSUMER CYCLICAL;56.06
2021-12-21;COMMUNICATION SERVICES;54.37
2021-12-21;Real Estate;24.14
2021-12-21;TECHNOLOGY;44.24
2021-12-21;  Industrials ;60.95
2021-12-21;HEALTHCARE;33.53
2021-12-21;Crypto;47.09
2021-12-22;Financial Services;51.8
2021-12-22;UTILITIES;58.79
2021-12-22;Energy;63.68
2021-12-22;  Basic Materials ;63.58
2021-12-22;  Consumer Cyclical ;77.08
2021-12-22;COMMUNICATION SERVICES;49.64
2021-12-22;Real Estate;73.98
2021-12-22;TECHNOLOGY;56.23
2021-12-22;  Industrials ;39.7
2021-12-22;HEALTHCARE;57.38
2021-12-22;CRYPTO;31.46
2021-12-23;Financial Services;52.18
2021-12-23;utilities;49.5
2021-12-23;Energy;54.94
2021-12-23;BASIC MATERIALS;62.08
2021-12-23;Consumer Cyclical;43.29
2021-12-23;  Communication Services ;60.48
2021-12-23;REAL ESTATE;40.2
2021-12-23;Technology;49.45
2021-12-23;INDUSTRIALS;61.84
2021-12-23;Healthcare;58.53
2021-12-23;Crypto;57.49
2021-12-27;Financial Services;52.65
2021-12-27;utilities;37.92
2021-12-27;Energy;47.5
2021-12-27;Basic Materials;51.38
2021-12-27;Consumer Cyclical;56.53
2021-12-27;  Communication Services ;47.01
2021-12-27;REAL ESTATE;44.75
2021-12-27;TECHNOLOGY;67.36
2021-12-27;industrials;45.74
2021-12-27;Healthcare;28.8
2021-12-27;Crypto;62.2
2021-12-28;FINANCIAL SERVICES;68.45
2021-12-28;Utilities;54.6
2021-12-28;ENERGY;64.05
2021-12-28;BASIC MATERIALS;68.41
2021-12-28;consumer cyclical;52.68
2021-12-28;Communication Services;81.08
2021-12-28;Real Estate;48.51
2021-12-28;TECHNOLOGY;39.65
2021-12-28;industrials;55.94
2021-12-28;healthcare;54.85
2021-12-28;crypto;63.79
2021-12-29;Financial Services;52.13
2021-12-29;Utilities;53.24
2021-12-29;Energy;63.32
2021-12-29;BASIC MATERIALS;54.12
2021-12-29;consumer cyclical;40.82
2021-12-29;Communication Services;66.98
2021-12-29;Real Estate;42.04
2021-12-29;Technology;54.02
2021-12-29;INDUSTRIALS;63.93
2021-12-29;Healthcare;64.04
2021-12-29;Crypto;50.55
2021-12-30;  Financial Services ;36.36
2021-12-30;Utilities;43.31
2021-12-30;Energy;23.22
2021-12-30;basic materials;63.0
2021-12-30;Consumer Cyclical;51.86
2021-12-30;Communication Services;57.41
2021-12-30;REAL ESTATE;44.31
2021-12-30;TECHNOLOGY;63.17
2021-12-30;INDUSTRIALS;49.22
2021-12-30;healthcare;53.01
2021-12-30;Crypto;39.61
2022-01-03;FINANCIAL SERVICES;60.69
2022-01-03;  Utilities ;64.84
2022-01-03;ENERGY;55.36
2022-01-03;  Basic Materials ;41.04
2022-01-03;CONSUMER CYCLICAL;49.91
2022-01-03;Communication Services;44.55
2022-01-03;Real Estate;55.72
2022-01-03;TECHNOLOGY;54.11
2022-01-03;Industrials;55.24
2022-01-03;Healthcare;62.37
2022-01-03;Crypto;38.91
2022-01-04;Financial Services;52.95
2022-01-04;Utilities;76.34
2022-01-04;  Energy ;57.12
2022-01-04;BASIC MATERIALS;66.88
2022-01-04;CONSUMER CYCLICAL;66.59
2022-01-04;COMMUNICATION SERVICES;79.53
2022-01-04;REAL ESTATE;60.46
2022-01-04;TECHNOLOGY;45.04
2022-01-04;industrials;41.61
2022-01-04;  Healthcare ;32.95
2022-01-04;CRYPTO;51.25
2022-01-05;financial services;74.96
2022-01-05;UTILITIES;47.94
2022-01-05;ENERGY;45.88
2022-01-05;basic materials;59.35
2022-01-05;Consumer Cyclical;53.73
2022-01-05;  Communication Services ;38.9
2022-01-05;REAL ESTATE;40.67
2022-01-05;  Technology ;47.49
2022-01-05;  Industrials ;68.33
2022-01-05;HEALTHCARE;32.4
2022-01-05;CRYPTO;30.86
2022-01-06;FINANCIAL SERVICES;35.16
2022-01-06;Utilities;37.17
2022-01-06;Energy;69.05
2022-01-06;BASIC MATERIALS;41.75
2022-01-06;CONSUMER CYCLICAL;23.08
2022-01-06;Communication Services;64.33
2022-01-06;REAL ESTATE;68.92
2022-01-06;  Technology ;69.44
2022-01-06;  Industrials ;64.02
2022-01-06;HEALTHCARE;28.46
2022-01-06;Crypto;50.59
2022-01-07;FINANCIAL SERVICES;79.31
2022-01-07;Utilities;40.64
2022-01-07;Energy;42.79
2022-01-07;  Basic Materials ;50.77
2022-01-07;consumer cyclical;61.51
2022-01-07;  Communication Services ;69.6
2022-01-07;real estate;14.26
2022-01-07;TECHNOLOGY;37.52
2022-01-07;Industrials;48.06
2022-01-07;Healthcare;60.15
2022-01-07;crypto;53.82
2022-01-10;  Financial Services ;35.42
2022-01-10;UTILITIES;73.7
2022-01-10;energy;54.45
2022-01-10;Basic Materials;67.35
2022-01-10;Consumer Cyclical;34.96
2022-01-10;communication services;63.14
2022-01-10;REAL ESTATE;48.06
2022-01-10;technology;66.74
2022-01-10;INDUSTRIALS;49.06
2022-01-10;HEALTHCARE;32.3
2022-01-10;  Crypto ;43.94
2022-01-11;Financial Services;68.25
2022-01-11;UTILITIES;51.23
2022-01-11;Energy;60.33
2022-01-11;Basic Materials;57.9
2022-01-11;  Consumer Cyclical ;34.2
2022-01-11;COMMUNICATION SERVICES;72.67
2022-01-11;Real Estate;31.55
2022-01-11;Technology;48.39
2022-01-11;industrials;61.11
2022-01-11;healthcare;48.37
2022-01-11;CRYPTO;66.68
2022-01-12;FINANCIAL SERVICES;59.99
2022-01-12;Utilities;42.01
2022-01-12;energy;49.17
2022-01-12;Basic Materials;65.33
2022-01-12;  Consumer Cyclical ;62.59
2022-01-12;communication services;49.15
2022-01-12;Real Estate;66.04
2022-01-12;Technology;55.56
2022-01-12;INDUSTRIALS;60.88
2022-01-12;HEALTHCARE;49.3
2022-01-12;Crypto;74.12
2022-01-13;financial services;39.12
2022-01-13;  Utilities ;45.19
2022-01-13;Energy;57.53
2022-01-13;  Basic Materials ;81.27
2022-01-13;consumer cyclical;57.72
2022-01-13;COMMUNICATION SERVICES;38.52
2022-01-13;  Real Estate ;43.85
2022-01-13;Technology;30.91
2022-01-13;Industrials;31.14
2022-01-13;healthcare;43.79
2022-01-13;Crypto;59.37
2022-01-14;Financial Services;53.98
2022-01-14;utilities;48.99
2022-01-14;energy;54.41
2022-01-14;Basic Materials;82.3
2022-01-14;consumer cyclical;45.51
2022-01-14;Communication Services;71.85
2022-01-14;Real Estate;49.18
2022-01-14;Technology;59.97
2022-01-14;Industrials;45.42
2022-01-14;healthcare;55.07
2022-01-14;crypto;61.12
2022-01-17;  Financial Services ;44.15
2022-01-17;utilities;34.07
2022-01-17;energy;58.28
2022-01-17;Basic Materials;39.76
2022-01-17;  Consumer Cyclical ;19.69
2022-01-17;Communication Services;44.68
2022-01-17;Real Estate;49.49
2022-01-17;Technology;52.38
2022-01-17;industrials;50.14
2022-01-17;HEALTHCARE;30.04
2022-01-17;crypto;55.12
2022-01-18;Financial Services;58.97
2022-01-18;utilities;52.47
2022-01-18;  Energy ;54.14
2022-01-18;Basic Materials;31.95
2022-01-18;Consumer Cyclical;43.14
2022-01-18;Communication Services;67.75
2022-01-18;real estate;35.93
2022-01-18;technology;54.85
2022-01-18;INDUSTRIALS;37.59
2022-01-18;HEALTHCARE;60.16
2022-01-18;  Crypto ;50.77
2022-01-19;Financial Services;52.96
2022-01-19;Utilities;61.37
2022-01-19;Energy;67.05
2022-01-19;Basic Materials;30.85
2022-01-19;consumer cyclical;35.61
2022-01-19;COMMUNICATION SERVICES;51.34
2022-01-19;REAL ESTATE;54.55
2022-01-19;TECHNOLOGY;44.88
2022-01-19;INDUSTRIALS;28.15
2022-01-19;HEALTHCARE;49.37
2022-01-19;Crypto;96.7
2022-01-20;Financial Services;53.13
2022-01-20;UTILITIES;59.02
2022-01-20;energy;56.38
2022-01-20;basic materials;67.97
2022-01-20;CONSUMER CYCLICAL;59.48
2022-01-20;Communication Services;38.8
2022-01-20;Real Estate;36.96
2022-01-20;Technology;80.75
2022-01-20;Industrials;68.46
2022-01-20;  Healthcare ;27.49
2022-01-20;Crypto;59.32
2022-01-21;FINANCIAL SERVICES;34.74
2022-01-21;Utilities;50.33
2022-01-21;ENERGY;55.35
2022-01-21;basic materials;57.34
2022-01-21;Consumer Cyclical;67.66
2022-01-21;COMMUNICATION SERVICES;60.95
2022-01-21;REAL ESTATE;48.96
2022-01-21;Technology;63.75
2022-01-21;Industrials;67.16
2022-01-21;healthcare;44.93
2022-01-21;CRYPTO;33.74
2022-01-24;FINANCIAL SERVICES;52.47
2022-01-24;UTILITIES;45.18
2022-01-24;Energy;26.87
2022-01-24;Basic Materials;19.74
2022-01-24;Consumer Cyclical;61.89
2022-01-24;communication services;69.33
2022-01-24;  Real Estate ;28.95
2022-01-24;Technology;40.52
2022-01-24;Industrials;41.83
2022-01-24;HEALTHCARE;47.62
2022-01-24;Crypto;40.23
2022-01-25;FINANCIAL SERVICES;30.37
2022-01-25;UTILITIES;32.71
2022-01-25;energy;33.86
2022-01-25;Basic Materials;15.27
2022-01-25;  Consumer Cyclical ;39.93
2022-01-25;communication services;50.49
2022-01-25;  Real Estate ;22.35
2022-01-25;TECHNOLOGY;52.14
2022-01-25;INDUSTRIALS;45.84
2022-01-25;Healthcare;32.06
2022-01-25;  Crypto ;36.47
2022-01-26;FINANCIAL SERVICES;71.03
2022-01-26;Utilities;51.16
2022-01-26;energy;66.28
2022-01-26;BASIC MATERIALS;40.82
2022-01-26;Consumer Cyclical;68.55
2022-01-26;COMMUNICATION SERVICES;40.82
2022-01-26;Real Estate;36.09
2022-01-26;TECHNOLOGY;56.36
2022-01-26;INDUSTRIALS;55.01
2022-01-26;healthcare;70.98
2022-01-26;  Crypto ;59.64
2022-01-27;FINANCIAL SERVICES;74.43
2022-01-27;Utilities;62.23
2022-01-27;  Energy ;43.67
2022-01-27;BASIC MATERIALS;27.05
2022-01-27;CONSUMER CYCLICAL;62.34
2022-01-27;  Communication Services ;62.97
2022-01-27;REAL ESTATE;50.55
2022-01-27;technology;74.07
2022-01-27;INDUSTRIALS;67.13
2022-01-27;healthcare;48.14
2022-01-27;CRYPTO;47.51
2022-01-28;Financial Services;63.39
2022-01-28;Utilities;42.15
2022-01-28;ENERGY;51.52
2022-01-28;Basic Materials;32.27
2022-01-28;consumer cyclical;53.26
2022-01-28;COMMUNICATION SERVICES;57.58
2022-01-28;Real Estate;32.1
2022-01-28;Technology;50.56
2022-01-28;  Industrials ;50.66
2022-01-28;healthcare;60.81
2022-01-28;CRYPTO;56.32
2022-01-31;FINANCIAL SERVICES;52.26
2022-01-31;utilities;38.36
2022-01-31;Energy;27.84
2022-01-31;Basic Materials;42.56
2022-01-31;consumer cyclical;22.98
2022-01-31;Communication Services;43.68
2022-01-31;Real Estate;43.41
2022-01-31;TECHNOLOGY;61.33
2022-01-31;  Industrials ;27.4
2022-01-31;healthcare;47.7
2022-01-31;  Crypto ;53.3
2022-02-01;Financial Services;43.24
2022-02-01;Utilities;55.31
2022-02-01;ENERGY;69.72
2022-02-01;Basic Materials;51.87
2022-02-01;Consumer Cyclical;60.74
2022-02-01;COMMUNICATION SERVICES;50.02
2022-02-01;Real Estate;55.81
2022-02-01;Technology;53.93
2022-02-01;Industrials;36.09
2022-02-01;HEALTHCARE;51.17
2022-02-01;Crypto;38.24
2022-02-02;Financial Services;60.95
2022-02-02;utilities;49.11
2022-02-02;ENERGY;72.29
2022-02-02;basic materials;61.69
2022-02-02;Consumer Cyclical;75.93
2022-02-02;Communication Services;27.71
2022-02-02;real estate;53.15
2022-02-02;  Technology ;31.18
2022-02-02;INDUSTRIALS;57.75
2022-02-02;healthcare;54.46
2022-02-02;CRYPTO;53.44
2022-02-03;  Financial Services ;57.61
2022-02-03;  Utilities ;56.92
2022-02-03;ENERGY;47.93
2022-02-03;basic materials;47.51
2022-02-03;Consumer Cyclical;44.12
2022-02-03;Communication Services;56.23
2022-02-03;  Real Estate ;37.08
2022-02-03;Technology;39.51
2022-02-03;industrials;44.3
2022-02-03;  Healthcare ;51.24
2022-02-03;CRYPTO;51.35
2022-02-04;Financial Services;38.87
2022-02-04;Utilities;49.45
2022-02-04;  Energy ;69.21
2022-02-04;BASIC MATERIALS;56.78
2022-02-04;Consumer Cyclical;49.47
2022-02-04;  Communication Services ;71.47
2022-02-04;Real Estate;62.79
2022-02-04;  Technology ;68.34
2022-02-04;industrials;62.77
2022-02-04;Healthcare;36.07
2022-02-04;Crypto;57.06
2022-02-07;FINANCIAL SERVICES;61.88
2022-02-07;Utilities;40.14
2022-02-07;energy;56.77
2022-02-07;Basic Materials;48.24
2022-02-07;Consumer Cyclical;49.49
2022-02-07;Communication Services;49.42
2022-02-07;REAL ESTATE;52.22
2022-02-07;TECHNOLOGY;56.42
2022-02-07;INDUSTRIALS;57.19
2022-02-07;Healthcare;47.31
2022-02-07;Crypto;60.74
2022-02-08;financial services;64.32
2022-02-08;  Utilities ;49.71
2022-02-08;Energy;56.68
2022-02-08;Basic Materials;36.78
2022-02-08;Consumer Cyclical;72.16
2022-02-08;COMMUNICATION SERVICES;40.58
2022-02-08;Real Estate;51.15
2022-02-08;TECHNOLOGY;60.87
2022-02-08;INDUSTRIALS;41.14
2022-02-08;healthcare;36.95
2022-02-08;crypto;9.6
2022-02-09;  Financial Services ;69.01
2022-02-09;utilities;46.75
2022-02-09;energy;45.26
2022-02-09;basic materials;38.31
2022-02-09;  Consumer Cyclical ;59.72
2022-02-09;COMMUNICATION SERVICES;71.57
2022-02-09;Real Estate;67.24
2022-02-09;TECHNOLOGY;41.64
2022-02-09;Industrials;36.28
2022-02-09;Healthcare;41.87
2022-02-09;crypto;52.1
2022-02-10;Financial Services;51.92
2022-02-10;  Utilities ;60.94
2022-02-10;Energy;35.41
2022-02-10;Basic Materials;52.74
2022-02-10;Consumer Cyclical;57.19
2022-02-10;communication services;57.87
2022-02-10;real estate;76.94
2022-02-10;Technology;54.67
2022-02-10;industrials;56.58
2022-02-10;Healthcare;66.07
2022-02-10;crypto;15.13
2022-02-11;FINANCIAL SERVICES;35.4
2022-02-11;UTILITIES;39.95
2022-02-11;energy;60.79
2022-02-11;  Basic Materials ;63.79
2022-02-11;CONSUMER CYCLICAL;52.05
2022-02-11;Communication Services;81.55
2022-02-11;  Real Estate ;64.21
2022-02-11;  Technology ;45.79
2022-02-11;Industrials;34.44
2022-02-11;Healthcare;52.98
2022-02-11;Crypto;34.09
2022-02-14;Financial Services;40.12
2022-02-14;utilities;45.16
2022-02-14;  Energy ;59.63
2022-02-14;basic materials;59.36
2022-02-14;  Consumer Cyclical ;57.12
2022-02-14;communication services;49.5
2022-02-14;Real Estate;34.32
2022-02-14;Technology;46.3
2022-02-14;Industrials;29.13
2022-02-14;healthcare;35.27
2022-02-14;  Crypto ;37.3
2022-02-15;FINANCIAL SERVICES;44.64
2022-02-15;Utilities;57.42
2022-02-15;  Energy ;57.05
2022-02-15;BASIC MATERIALS;31.46
2022-02-15;Consumer Cyclical;67.92
2022-02-15;Communication Services;63.41
2022-02-15;Real Estate;46.46
2022-02-15;Technology;39.9
2022-02-15;INDUSTRIALS;38.4
2022-02-15;healthcare;52.51
2022-02-15;  Crypto ;57.7
2022-02-16;financial services;58.05
2022-02-16;  Utilities ;36.86
2022-02-16;Energy;44.01
2022-02-16;BASIC MATERIALS;63.84
2022-02-16;consumer cyclical;33.74
2022-02-16;COMMUNICATION SERVICES;25.68
2022-02-16;  Real Estate ;56.8
2022-02-16;TECHNOLOGY;56.61
2022-02-16;Industrials;72.01
2022-02-16;  Healthcare ;60.71
2022-02-16;Crypto;52.34
2022-02-17;financial services;59.88
2022-02-17;Utilities;55.73
2022-02-17;  Energy ;65.34
2022-02-17;  Basic Materials ;49.36
2022-02-17;CONSUMER CYCLICAL;47.53
2022-02-17;  Communication Services ;56.6
2022-02-17;Real Estate;83.2
2022-02-17;technology;75.65
2022-02-17;industrials;59.44
2022-02-17;Healthcare;43.39
2022-02-17;crypto;56.47
2022-02-18;financial services;44.2
2022-02-18;Utilities;56.88
2022-02-18;  Energy ;53.16
2022-02-18;BASIC MATERIALS;55.33
2022-02-18;consumer cyclical;40.81
2022-02-18;COMMUNICATION SERVICES;34.75
2022-02-18;real estate;48.91
2022-02-18;  Technology ;37.94
2022-02-18;Industrials;78.91
2022-02-18;Healthcare;41.7
2022-02-18;Crypto;55.33
2022-02-21;Financial Services;76.27
2022-02-21;UTILITIES;71.39
2022-02-21;energy;38.75
2022-02-21;Basic Materials;40.68
2022-02-21;consumer cyclical;23.1
2022-02-21;Communication Services;59.82
2022-02-21;  Real Estate ;48.04
2022-02-21;TECHNOLOGY;51.26
2022-02-21;Industrials;34.09
2022-02-21;Healthcare;50.68
2022-02-21;Crypto;56.89
2022-02-22;Financial Services;40.97
2022-02-22;UTILITIES;55.48
2022-02-22;Energy;35.6
2022-02-22;basic materials;38.76
2022-02-22;Consumer Cyclical;46.42
2022-02-22;Communication Services;55.23
2022-02-22;real estate;51.83
2022-02-22;  Technology ;54.19
2022-02-22;Industrials;57.82
2022-02-22;HEALTHCARE;67.04
2022-02-22;CRYPTO;58.49
2022-02-23;Financial Services;46.55
2022-02-23;utilities;49.12
2022-02-23;  Energy ;42.14
2022-02-23;basic materials;40.68
2022-02-23;Consumer Cyclical;69.59
2022-02-23;COMMUNICATION SERVICES;37.8
2022-02-23;  Real Estate ;41.83
2022-02-23;  Technology ;72.86
2022-02-23;  Industrials ;51.7
2022-02-23;  Healthcare ;68.99
2022-02-23;CRYPTO;53.1
2022-02-24;Financial Services;71.09
2022-02-24;Utilities;64.37
2022-02-24;  Energy ;45.24
2022-02-24;Basic Materials;47.22
2022-02-24;CONSUMER CYCLICAL;55.01
2022-02-24;Communication Services;62.3
2022-02-24;  Real Estate ;76.55
2022-02-24;Technology;50.18
2022-02-24;Industrials;55.06
2022-02-24;Healthcare;64.57
2022-02-24;crypto;59.83
2022-02-25;FINANCIAL SERVICES;21.87
2022-02-25;UTILITIES;32.98
2022-02-25;Energy;43.25
2022-02-25;BASIC MATERIALS;27.79
2022-02-25;Consumer Cyclical;47.71
2022-02-25;Communication Services;39.57
2022-02-25;REAL ESTATE;38.99
2022-02-25;  Technology ;85.38
2022-02-25;industrials;47.4
2022-02-25;HEALTHCARE;38.14
2022-02-25;Crypto;42.54
2022-02-28;financial services;53.63
2022-02-28;Utilities;54.22
2022-02-28;Energy;70.36
2022-02-28;BASIC MATERIALS;84.57
2022-02-28;  Consumer Cyclical ;59.77
2022-02-28;communication services;66.49
2022-02-28;real estate;44.06
2022-02-28;technology;70.57
2022-02-28;Industrials;84.48
2022-02-28;Healthcare;49.45
2022-02-28;Crypto;22.22
2022-03-01;FINANCIAL SERVICES;37.68
2022-03-01;UTILITIES;42.68
2022-03-01;Energy;66.12
2022-03-01;BASIC MATERIALS;68.51
2022-03-01;consumer cyclical;42.31
2022-03-01;communication services;54.69
2022-03-01;REAL ESTATE;31.22
2022-03-01;Technology;62.03
2022-03-01;  Industrials ;44.31
2022-03-01;HEALTHCARE;66.21
2022-03-01;CRYPTO;58.72
2022-03-02;financial services;7.73
2022-03-02;  Utilities ;30.61
2022-03-02;ENERGY;59.53
2022-03-02;Basic Materials;62.13
2022-03-02;Consumer Cyclical;30.96
2022-03-02;Communication Services;44.54
2022-03-02;Real Estate;31.22
2022-03-02;  Technology ;31.45
2022-03-02;Industrials;44.72
2022-03-02;Healthcare;30.76
2022-03-02;  Crypto ;62.66
2022-03-03;Financial Services;80.55
2022-03-03;UTILITIES;47.72
2022-03-03;Energy;48.78
2022-03-03;Basic Materials;67.23
2022-03-03;Consumer Cyclical;48.89
2022-03-03;communication services;61.49
2022-03-03;real estate;66.98
2022-03-03;technology;44.05
2022-03-03;industrials;43.65
2022-03-03;Healthcare;59.58
2022-03-03;CRYPTO;56.84
2022-03-04;Financial Services;30.84
2022-03-04;UTILITIES;60.69
2022-03-04;Energy;53.94
2022-03-04;Basic Materials;47.4
2022-03-04;consumer cyclical;14.53
2022-03-04;COMMUNICATION SERVICES;46.85
2022-03-04;Real Estate;24.94
2022-03-04;Technology;40.96
2022-03-04;Industrials;25.94
2022-03-04;HEALTHCARE;10.35
2022-03-04;Crypto;47.36
2022-03-07;Financial Services;33.42
2022-03-07;Utilities;50.42
2022-03-07;Energy;41.53
2022-03-07;basic materials;28.23
2022-03-07;Consumer Cyclical;55.58
2022-03-07;COMMUNICATION SERVICES;24.36
2022-03-07;real estate;19.41
2022-03-07;TECHNOLOGY;39.99
2022-03-07;Industrials;12.25
2022-03-07;HEALTHCARE;34.19
2022-03-07;CRYPTO;83.87
2022-03-08;FINANCIAL SERVICES;17.59
2022-03-08;Utilities;73.4
2022-03-08;Energy;79.1
2022-03-08;BASIC MATERIALS;39.82
2022-03-08;Consumer Cyclical;47.25
2022-03-08;  Communication Services ;53.95
2022-03-08;REAL ESTATE;38.23
2022-03-08;  Technology ;32.57
2022-03-08;  Industrials ;37.58
2022-03-08;healthcare;47.56
2022-03-08;CRYPTO;70.1
2022-03-09;financial services;53.7
2022-03-09;utilities;51.54
2022-03-09;energy;67.23
2022-03-09;BASIC MATERIALS;33.3
2022-03-09;Consumer Cyclical;39.09
2022-03-09;communication services;56.34
2022-03-09;real estate;66.91
2022-03-09;  Technology ;71.07
2022-03-09;INDUSTRIALS;47.72
2022-03-09;Healthcare;40.95
2022-03-09;CRYPTO;26.34
2022-03-10;  Financial Services ;92.67
2022-03-10;UTILITIES;65.02
2022-03-10;Energy;49.2
2022-03-10;Basic Materials;55.26
2022-03-10;Consumer Cyclical;78.42
2022-03-10;COMMUNICATION SERVICES;65.03
2022-03-10;  Real Estate ;85.7
2022-03-10;technology;75.41
2022-03-10;industrials;68.92
2022-03-10;HEALTHCARE;71.96
2022-03-10;  Crypto ;46.34
2022-03-11;Financial Services;50.48
2022-03-11;UTILITIES;47.75
2022-03-11;  Energy ;52.82
2022-03-11;basic materials;55.2
2022-03-11;CONSUMER CYCLICAL;42.52
2022-03-11;Communication Services;63.49
2022-03-11;Real Estate;28.37
2022-03-11;Technology;43.11
2022-03-11;industrials;41.35
2022-03-11;  Healthcare ;43.76
2022-03-11;CRYPTO;52.57
2022-03-14;  Financial Services ;68.43
2022-03-14;  Utilities ;53.58
2022-03-14;Energy;30.91
2022-03-14;Basic Materials;57.73
2022-03-14;Consumer Cyclical;64.88
2022-03-14;Communication Services;47.56
2022-03-14;Real Estate;63.3
2022-03-14;technology;55.71
2022-03-14;Industrials;64.44
2022-03-14;HEALTHCARE;33.08
2022-03-14;  Crypto ;58.44
2022-03-15;Financial Services;65.53
2022-03-15;utilities;38.89
2022-03-15;energy;43.51
2022-03-15;basic materials;50.11
2022-03-15;Consumer Cyclical;62.41
2022-03-15;Communication Services;67.06
2022-03-15;real estate;50.11
2022-03-15;Technology;43.98
2022-03-15;industrials;52.78
2022-03-15;HEALTHCARE;48.73
2022-03-15;  Crypto ;67.84
2022-03-16;FINANCIAL SERVICES;68.47
2022-03-16;utilities;59.64
2022-03-16;energy;71.24
2022-03-16;  Basic Materials ;51.55
2022-03-16;Consumer Cyclical;47.8
2022-03-16;communication services;45.54
2022-03-16;REAL ESTATE;71.31
2022-03-16;TECHNOLOGY;21.99
2022-03-16;INDUSTRIALS;49.56
2022-03-16;  Healthcare ;25.36
2022-03-16;Crypto;52.31
2022-03-17;FINANCIAL SERVICES;93.87
2022-03-17;utilities;44.92
2022-03-17;ENERGY;37.41
2022-03-17;Basic Materials;81.75
2022-03-17;Consumer Cyclical;69.9
2022-03-17;communication services;63.62
2022-03-17;real estate;58.94
2022-03-17;Technology;72.27
2022-03-17;INDUSTRIALS;69.44
2022-03-17;  Healthcare ;55.95
2022-03-17;  Crypto ;32.85
2022-03-18;FINANCIAL SERVICES;31.53
2022-03-18;Utilities;59.39
2022-03-18;Energy;75.89
2022-03-18;Basic Materials;52.69
2022-03-18;Consumer Cyclical;45.27
2022-03-18;Communication Services;62.23
2022-03-18;  Real Estate ;47.02
2022-03-18;TECHNOLOGY;53.25
2022-03-18;  Industrials ;66.61
2022-03-18;healthcare;52.55
2022-03-18;CRYPTO;42.76
2022-03-21;FINANCIAL SERVICES;37.61
2022-03-21;utilities;34.4
2022-03-21;  Energy ;32.35
2022-03-21;BASIC MATERIALS;20.65
2022-03-21;Consumer Cyclical;61.12
2022-03-21;Communication Services;51.82
2022-03-21;Real Estate;57.33
2022-03-21;technology;52.72
2022-03-21;  Industrials ;38.31
2022-03-21;healthcare;27.7
2022-03-21;CRYPTO;56.66
2022-03-22;  Financial Services ;56.23
2022-03-22;UTILITIES;49.03
2022-03-22;ENERGY;75.44
2022-03-22;Basic Materials;49.14
2022-03-22;CONSUMER CYCLICAL;58.0
2022-03-22;COMMUNICATION SERVICES;58.82
2022-03-22;REAL ESTATE;34.98
2022-03-22;Technology;50.13
2022-03-22;Industrials;51.52
2022-03-22;HEALTHCARE;28.21
2022-03-22;  Crypto ;39.74
2022-03-23;Financial Services;52.56
2022-03-23;Utilities;56.32
2022-03-23;ENERGY;56.56
2022-03-23;Basic Materials;75.94
2022-03-23;CONSUMER CYCLICAL;37.32
2022-03-23;  Communication Services ;51.11
2022-03-23;Real Estate;59.81
2022-03-23;Technology;60.88
2022-03-23;Industrials;61.01
2022-03-23;healthcare;64.04
2022-03-23;Crypto;58.39
2022-03-24;  Financial Services ;26.5
2022-03-24;UTILITIES;36.95
2022-03-24;Energy;83.54
2022-03-24;Basic Materials;37.08
2022-03-24;CONSUMER CYCLICAL;37.73
2022-03-24;  Communication Services ;68.3
2022-03-24;real estate;35.47
2022-03-24;Technology;13.05
2022-03-24;  Industrials ;38.55
2022-03-24;Healthcare;35.91
2022-03-24;CRYPTO;57.98
2022-03-25;Financial Services;54.34
2022-03-25;  Utilities ;52.54
2022-03-25;energy;46.36
2022-03-25;basic materials;44.63
2022-03-25;consumer cyclical;44.05
2022-03-25;  Communication Services ;64.86
2022-03-25;REAL ESTATE;62.31
2022-03-25;Technology;56.35
2022-03-25;Industrials;72.8
2022-03-25;Healthcare;48.34
2022-03-25;CRYPTO;40.07
2022-03-28;FINANCIAL SERVICES;55.16
2022-03-28;Utilities;40.93
2022-03-28;Energy;67.45
2022-03-28;basic materials;43.03
2022-03-28;  Consumer Cyclical ;49.43
2022-03-28;  Communication Services ;36.08
2022-03-28;Real Estate;43.95
2022-03-28;TECHNOLOGY;70.28
2022-03-28;industrials;57.28
2022-03-28;Healthcare;29.98
2022-03-28;  Crypto ;53.54
2022-03-29;financial services;69.37
2022-03-29;UTILITIES;64.92
2022-03-29;energy;49.58
2022-03-29;Basic Materials;44.77
2022-03-29;Consumer Cyclical;60.24
2022-03-29;  Communication Services ;52.47
2022-03-29;Real Estate;63.13
2022-03-29;TECHNOLOGY;48.29
2022-03-29;Industrials;62.73
2022-03-29;Healthcare;37.9
2022-03-29;crypto;38.92
2022-03-30;financial services;64.44
2022-03-30;UTILITIES;41.47
2022-03-30;Energy;52.68
2022-03-30;  Basic Materials ;56.47
2022-03-30;CONSUMER CYCLICAL;48.69
2022-03-30;communication services;44.03
2022-03-30;Real Estate;56.37
2022-03-30;  Technology ;77.21
2022-03-30;Industrials;35.48
2022-03-30;Healthcare;53.35
2022-03-30;Crypto;35.59
2022-03-31;Financial Services;34.22
2022-03-31;UTILITIES;66.02
2022-03-31;ENERGY;64.64
2022-03-31;BASIC MATERIALS;48.16
2022-03-31;consumer cyclical;44.26
2022-03-31;COMMUNICATION SERVICES;70.37
2022-03-31;  Real Estate ;26.18
2022-03-31;Technology;37.2
2022-03-31;  Industrials ;30.84
2022-03-31;Healthcare;67.3
2022-03-31;CRYPTO;45.89
2022-04-01;Financial Services;55.69
2022-04-01;Utilities;45.25
2022-04-01;  Energy ;52.83
2022-04-01;  Basic Materials ;46.45
2022-04-01;  Consumer Cyclical ;41.41
2022-04-01;Communication Services;35.88
2022-04-01;REAL ESTATE;61.02
2022-04-01;TECHNOLOGY;46.09
2022-04-01;Industrials;53.46
2022-04-01;HEALTHCARE;50.68
2022-04-01;crypto;33.78
2022-04-04;Financial Services;59.67
2022-04-04;UTILITIES;29.93
2022-04-04;ENERGY;55.41
2022-04-04;Basic Materials;57.49
2022-04-04;Consumer Cyclical;55.67
2022-04-04;communication services;36.86
2022-04-04;  Real Estate ;66.78
2022-04-04;Technology;42.16
2022-04-04;Industrials;66.3
2022-04-04;Healthcare;53.22
2022-04-04;CRYPTO;54.0
2022-04-05;financial services;54.46
2022-04-05;UTILITIES;55.26
2022-04-05;energy;27.51
2022-04-05;Basic Materials;18.94
2022-04-05;  Consumer Cyclical ;40.81
2022-04-05;COMMUNICATION SERVICES;59.96
2022-04-05;REAL ESTATE;70.46
2022-04-05;technology;62.15
2022-04-05;INDUSTRIALS;45.84
2022-04-05;Healthcare;71.58
2022-04-05;Crypto;76.79
2022-04-06;Financial Services;52.92
2022-04-06;UTILITIES;52.91
2022-04-06;Energy;66.3
2022-04-06;Basic Materials;41.44
2022-04-06;CONSUMER CYCLICAL;60.58
2022-04-06;  Communication Services ;81.4
2022-04-06;real estate;63.92
2022-04-06;Technology;47.5
2022-04-06;industrials;53.74
2022-04-06;Healthcare;67.02
2022-04-06;Crypto;39.98
2022-04-07;financial services;50.42
2022-04-07;Utilities;45.83
2022-04-07;Energy;31.75
2022-04-07;Basic Materials;33.14
2022-04-07;Consumer Cyclical;57.54
2022-04-07;COMMUNICATION SERVICES;65.76
2022-04-07;Real Estate;52.36
2022-04-07;TECHNOLOGY;46.25
2022-04-07;INDUSTRIALS;32.65
2022-04-07;  Healthcare ;42.42
2022-04-07;Crypto;58.46
2022-04-08;FINANCIAL SERVICES;38.97
2022-04-08;utilities;60.32
2022-04-08;energy;49.76
2022-04-08;  Basic Materials ;54.86
2022-04-08;consumer cyclical;65.39
2022-04-08;communication services;37.25
2022-04-08;REAL ESTATE;53.37
2022-04-08;Technology;53.51
2022-04-08;Industrials;16.94
2022-04-08;Healthcare;40.72
2022-04-08;Crypto;51.7
2022-04-11;Financial Services;66.21
2022-04-11;utilities;59.89
2022-04-11;Energy;73.27
2022-04-11;Basic Materials;51.86
2022-04-11;Consumer Cyclical;65.46
2022-04-11;  Communication Services ;57.87
2022-04-11;  Real Estate ;48.75
2022-04-11;  Technology ;53.98
2022-04-11;  Industrials ;52.62
2022-04-11;Healthcare;47.81
2022-04-11;Crypto;62.84
2022-04-12;Financial Services;32.33
2022-04-12;  Utilities ;45.66
2022-04-12;ENERGY;52.72
2022-04-12;basic materials;56.11
2022-04-12;CONSUMER CYCLICAL;46.75
2022-04-12;  Communication Services ;52.42
2022-04-12;REAL ESTATE;70.6
2022-04-12;TECHNOLOGY;49.69
2022-04-12;  Industrials ;52.33
2022-04-12;Healthcare;30.01
2022-04-12;Crypto;18.82
2022-04-13;Financial Services;45.31
2022-04-13;  Utilities ;47.53
2022-04-13;Energy;23.63
2022-04-13;basic materials;50.43
2022-04-13;CONSUMER CYCLICAL;39.29
2022-04-13;Communication Services;76.75
2022-04-13;Real Estate;39.86
2022-04-13;Technology;48.51
2022-04-13;INDUSTRIALS;48.78
2022-04-13;Healthcare;44.08
2022-04-13;CRYPTO;50.18
2022-04-14;financial services;50.51
2022-04-14;Utilities;37.93
2022-04-14;ENERGY;58.9
2022-04-14;basic materials;49.18
2022-04-14;Consumer Cyclical;55.97
2022-04-14;Communication Services;64.76
2022-04-14;REAL ESTATE;55.16
2022-04-14;TECHNOLOGY;59.56
2022-04-14;INDUSTRIALS;42.87
2022-04-14;healthcare;65.4
2022-04-14;CRYPTO;69.59
2022-04-19;FINANCIAL SERVICES;37.41
2022-04-19;Utilities;55.27
2022-04-19;ENERGY;40.17
2022-04-19;  Basic Materials ;75.39
2022-04-19;  Consumer Cyclical ;51.79
2022-04-19;  Communication Services ;57.7
2022-04-19;real estate;42.3
2022-04-19;TECHNOLOGY;53.8
2022-04-19;  Industrials ;56.56
2022-04-19;HEALTHCARE;50.92
2022-04-19;Crypto;47.02
2022-04-20;FINANCIAL SERVICES;28.68
2022-04-20;Utilities;47.25
2022-04-20;Energy;53.1
2022-04-20;  Basic Materials ;38.57
2022-04-20;Consumer Cyclical;33.31
2022-04-20;COMMUNICATION SERVICES;57.62
2022-04-20;Real Estate;24.92
2022-04-20;TECHNOLOGY;63.63
2022-04-20;industrials;63.02
2022-04-20;HEALTHCARE;57.59
2022-04-20;Crypto;84.53
2022-04-21;financial services;70.78
2022-04-21;utilities;69.27
2022-04-21;Energy;39.94
2022-04-21;Basic Materials;43.31
2022-04-21;CONSUMER CYCLICAL;41.34
2022-04-21;COMMUNICATION SERVICES;33.31
2022-04-21;Real Estate;71.11
2022-04-21;technology;60.29
2022-04-21;Industrials;55.86
2022-04-21;  Healthcare ;51.57
2022-04-21;Crypto;27.44
2022-04-22;Financial Services;65.12
2022-04-22;Utilities;60.61
2022-04-22;ENERGY;65.38
2022-04-22;Basic Materials;40.25
2022-04-22;consumer cyclical;59.63
2022-04-22;Communication Services;44.8
2022-04-22;REAL ESTATE;42.12
2022-04-22;TECHNOLOGY;53.93
2022-04-22;INDUSTRIALS;55.38
2022-04-22;healthcare;67.69
2022-04-22;Crypto;39.75
2022-04-25;Financial Services;42.52
2022-04-25;utilities;38.68
2022-04-25;energy;43.71
2022-04-25;BASIC MATERIALS;36.78
2022-04-25;Consumer Cyclical;13.99
2022-04-25;Communication Services;43.37
2022-04-25;real estate;56.14
2022-04-25;TECHNOLOGY;31.81
2022-04-25;Industrials;26.38
2022-04-25;Healthcare;37.39
2022-04-25;Crypto;56.93
2022-04-26;financial services;35.09
2022-04-26;Utilities;39.46
2022-04-26;Energy;44.87
2022-04-26;Basic Materials;18.13
2022-04-26;CONSUMER CYCLICAL;48.57
2022-04-26;COMMUNICATION SERVICES;10.39
2022-04-26;Real Estate;33.43
2022-04-26;  Technology ;65.11
2022-04-26;  Industrials ;50.32
2022-04-26;HEALTHCARE;55.83
2022-04-26;Crypto;30.45
2022-04-27;Financial Services;10.06
2022-04-27;Utilities;53.37
2022-04-27;energy;51.89
2022-04-27;Basic Materials;36.48
2022-04-27;consumer cyclical;53.4
2022-04-27;  Communication Services ;44.0
2022-04-27;REAL ESTATE;41.77
2022-04-27;Technology;48.19
2022-04-27;industrials;58.57
2022-04-27;  Healthcare ;27.03
2022-04-27;  Crypto ;34.14
2022-04-28;FINANCIAL SERVICES;50.85
2022-04-28;utilities;56.65
2022-04-28;Energy;41.97
2022-04-28;Basic Materials;51.07
2022-04-28;consumer cyclical;40.64
2022-04-28;Communication Services;43.05
2022-04-28;Real Estate;22.61
2022-04-28;TECHNOLOGY;55.6
2022-04-28;Industrials;25.52
2022-04-28;Healthcare;38.61
2022-04-28;Crypto;65.2
2022-04-29;FINANCIAL SERVICES;38.72
2022-04-29;Utilities;72.29
2022-04-29;Energy;62.88
2022-04-29;Basic Materials;49.34
2022-04-29;Consumer Cyclical;42.69
2022-04-29;COMMUNICATION SERVICES;71.79
2022-04-29;Real Estate;28.87
2022-04-29;Technology;52.61
2022-04-29;Industrials;49.02
2022-04-29;  Healthcare ;56.03
2022-04-29;  Crypto ;47.72
2022-05-02;Financial Services;66.53
2022-05-02;utilities;63.67
2022-05-02;ENERGY;67.89
2022-05-02;basic materials;68.25
2022-05-02;consumer cyclical;63.16
2022-05-02;COMMUNICATION SERVICES;40.78
2022-05-02;Real Estate;51.54
2022-05-02;Technology;92.62
2022-05-02;  Industrials ;40.82
2022-05-02;HEALTHCARE;64.96
2022-05-02;Crypto;34.78
2022-05-03;Financial Services;34.97
2022-05-03;UTILITIES;55.82
2022-05-03;Energy;57.34
2022-05-03;Basic Materials;14.6
2022-05-03;Consumer Cyclical;44.21
2022-05-03;Communication Services;46.04
2022-05-03;REAL ESTATE;39.57
2022-05-03;technology;49.54
2022-05-03;Industrials;49.47
2022-05-03;Healthcare;56.96
2022-05-03;CRYPTO;40.3
2022-05-04;  Financial Services ;51.22
2022-05-04;  Utilities ;60.5
2022-05-04;Energy;44.59
2022-05-04;BASIC MATERIALS;44.32
2022-05-04;consumer cyclical;40.72
2022-05-04;communication services;62.13
2022-05-04;Real Estate;54.45
2022-05-04;Technology;57.0
2022-05-04;Industrials;67.72
2022-05-04;Healthcare;55.46
2022-05-04;CRYPTO;88.3
2022-05-05;FINANCIAL SERVICES;38.36
2022-05-05;UTILITIES;57.42
2022-05-05;Energy;52.67
2022-05-05;Basic Materials;39.81
2022-05-05;CONSUMER CYCLICAL;32.72
2022-05-05;communication services;64.42
2022-05-05;Real Estate;50.54
2022-05-05;TECHNOLOGY;26.69
2022-05-05;Industrials;75.13
2022-05-05;HEALTHCARE;28.48
2022-05-05;  Crypto ;70.98
2022-05-06;Financial Services;42.95
2022-05-06;Utilities;35.6
2022-05-06;Energy;49.65
2022-05-06;basic materials;28.44
2022-05-06;CONSUMER CYCLICAL;60.5
2022-05-06;communication services;33.24
2022-05-06;Real Estate;53.68
2022-05-06;Technology;22.59
2022-05-06;INDUSTRIALS;38.86
2022-05-06;Healthcare;28.21
2022-05-06;CRYPTO;63.92
2022-05-09;Financial Services;58.65
2022-05-09;UTILITIES;48.83
2022-05-09;Energy;72.85
2022-05-09;  Basic Materials ;32.07
2022-05-09;Consumer Cyclical;23.43
2022-05-09;COMMUNICATION SERVICES;31.87
2022-05-09;REAL ESTATE;61.47
2022-05-09;  Technology ;49.2
2022-05-09;Industrials;33.66
2022-05-09;HEALTHCARE;58.9
2022-05-09;Crypto;68.48
2022-05-10;  Financial Services ;39.16
2022-05-10;utilities;51.53
2022-05-10;Energy;16.69
2022-05-10;BASIC MATERIALS;32.7
2022-05-10;consumer cyclical;16.8
2022-05-10;communication services;47.45
2022-05-10;REAL ESTATE;34.86
2022-05-10;Technology;21.59
2022-05-10;  Industrials ;33.69
2022-05-10;  Healthcare ;34.48
2022-05-10;crypto;27.04
2022-05-11;financial services;59.08
2022-05-11;Utilities;51.92
2022-05-11;ENERGY;47.12
2022-05-11;basic materials;27.86
2022-05-11;Consumer Cyclical;33.1
2022-05-11;Communication Services;44.23
2022-05-11;REAL ESTATE;46.45
2022-05-11;Technology;42.56
2022-05-11;Industrials;46.79
2022-05-11;healthcare;85.53
2022-05-11;CRYPTO;63.01
2022-05-12;Financial Services;60.97
2022-05-12;UTILITIES;57.54
2022-05-12;Energy;73.79
2022-05-12;basic materials;77.81
2022-05-12;Consumer Cyclical;52.19
2022-05-12;communication services;19.76
2022-05-12;REAL ESTATE;45.16
2022-05-12;  Technology ;46.6
2022-05-12;Industrials;43.98
2022-05-12;Healthcare;53.31
2022-05-12;Crypto;45.66
2022-05-13;Financial Services;51.13
2022-05-13;  Utilities ;36.68
2022-05-13;Energy;27.47
2022-05-13;basic materials;59.8
2022-05-13;Consumer Cyclical;62.81
2022-05-13;COMMUNICATION SERVICES;59.73
2022-05-13;Real Estate;49.69
2022-05-13;Technology;39.37
2022-05-13;Industrials;44.01
2022-05-13;HEALTHCARE;37.24
2022-05-13;crypto;61.81
2022-05-16;FINANCIAL SERVICES;32.0
2022-05-16;UTILITIES;64.89
2022-05-16;Energy;69.69
2022-05-16;basic materials;51.63
2022-05-16;Consumer Cyclical;68.85
2022-05-16;COMMUNICATION SERVICES;49.66
2022-05-16;Real Estate;59.62
2022-05-16;Technology;43.87
2022-05-16;Industrials;50.44
2022-05-16;Healthcare;45.15
2022-05-16;  Crypto ;67.76
2022-05-17;Financial Services;49.72
2022-05-17;UTILITIES;54.3
2022-05-17;energy;39.98
2022-05-17;Basic Materials;32.33
2022-05-17;  Consumer Cyclical ;35.27
2022-05-17;Communication Services;53.35
2022-05-17;REAL ESTATE;65.27
2022-05-17;Technology;85.55
2022-05-17;Industrials;53.23
2022-05-17;healthcare;65.57
2022-05-17;CRYPTO;62.97
2022-05-18;Financial Services;67.49
2022-05-18;Utilities;56.77
2022-05-18;Energy;56.85
2022-05-18;BASIC MATERIALS;71.54
2022-05-18;consumer cyclical;48.46
2022-05-18;COMMUNICATION SERVICES;66.08
2022-05-18;  Real Estate ;34.47
2022-05-18;  Technology ;63.75
2022-05-18;industrials;27.18
2022-05-18;HEALTHCARE;67.21
2022-05-18;crypto;50.18
2022-05-19;FINANCIAL SERVICES;34.66
2022-05-19;Utilities;40.6
2022-05-19;Energy;59.21
2022-05-19;basic materials;35.39
2022-05-19;  Consumer Cyclical ;46.0
2022-05-19;COMMUNICATION SERVICES;58.36
2022-05-19;real estate;48.37
2022-05-19;technology;34.38
2022-05-19;Industrials;52.68
2022-05-19;Healthcare;58.34
2022-05-19;Crypto;74.79
2022-05-20;Financial Services;59.93
2022-05-20;Utilities;50.32
2022-05-20;Energy;57.95
2022-05-20;BASIC MATERIALS;33.02
2022-05-20;Consumer Cyclical;54.61
2022-05-20;Communication Services;63.61
2022-05-20;REAL ESTATE;38.48
2022-05-20;Technology;49.45
2022-05-20;INDUSTRIALS;46.69
2022-05-20;HEALTHCARE;42.17
2022-05-20;Crypto;50.21
2022-05-23;Financial Services;71.39
2022-05-23;utilities;71.13
2022-05-23;ENERGY;54.7
2022-05-23;basic materials;50.36
2022-05-23;Consumer Cyclical;55.98
2022-05-23;Communication Services;53.61
2022-05-23;  Real Estate ;75.88
2022-05-23;Technology;57.47
2022-05-23;  Industrials ;53.51
2022-05-23;Healthcare;55.29
2022-05-23;crypto;63.5
2022-05-24;Financial Services;37.74
2022-05-24;  Utilities ;52.5
2022-05-24;energy;56.48
2022-05-24;basic materials;34.3
2022-05-24;consumer cyclical;73.82
2022-05-24;Communication Services;62.06
2022-05-24;  Real Estate ;39.42
2022-05-24;Technology;68.63
2022-05-24;INDUSTRIALS;63.78
2022-05-24;HEALTHCARE;44.13
2022-05-24;Crypto;40.54
2022-05-25;financial services;71.79
2022-05-25;  Utilities ;25.01
2022-05-25;ENERGY;52.94
2022-05-25;BASIC MATERIALS;65.75
2022-05-25;Consumer Cyclical;48.72
2022-05-25;  Communication Services ;64.08
2022-05-25;Real Estate;55.12
2022-05-25;TECHNOLOGY;39.1
2022-05-25;  Industrials ;58.13
2022-05-25;  Healthcare ;63.11
2022-05-25;CRYPTO;39.97
2022-05-26;Financial Services;59.86
2022-05-26;utilities;56.21
2022-05-26;ENERGY;67.11
2022-05-26;BASIC MATERIALS;57.43
2022-05-26;CONSUMER CYCLICAL;75.09
2022-05-26;Communication Services;41.48
2022-05-26;real estate;43.27
2022-05-26;Technology;60.81
2022-05-26;INDUSTRIALS;42.51
2022-05-26;healthcare;54.86
2022-05-26;CRYPTO;52.66
2022-05-27;Financial Services;63.89
2022-05-27;UTILITIES;55.16
2022-05-27;Energy;72.23
2022-05-27;Basic Materials;52.79
2022-05-27;CONSUMER CYCLICAL;91.91
2022-05-27;COMMUNICATION SERVICES;36.72
2022-05-27;Real Estate;58.8
2022-05-27;Technology;60.08
2022-05-27;industrials;64.56
2022-05-27;  Healthcare ;62.97
2022-05-27;Crypto;55.1
2022-05-30;financial services;23.34
2022-05-30;Utilities;56.63
2022-05-30;Energy;66.3
2022-05-30;Basic Materials;53.9
2022-05-30;consumer cyclical;61.17
2022-05-30;COMMUNICATION SERVICES;56.03
2022-05-30;Real Estate;53.74
2022-05-30;Technology;60.13
2022-05-30;Industrials;46.31
2022-05-30;Healthcare;48.99
2022-05-30;crypto;36.95
2022-05-31;Financial Services;54.21
2022-05-31;Utilities;45.36
2022-05-31;Energy;62.9
2022-05-31;Basic Materials;55.1
2022-05-31;consumer cyclical;50.07
2022-05-31;Communication Services;55.5
2022-05-31;Real Estate;34.28
2022-05-31;technology;54.06
2022-05-31;Industrials;32.08
2022-05-31;Healthcare;57.51
2022-05-31;CRYPTO;14.21
2022-06-01;Financial Services;39.98
2022-06-01;  Utilities ;43.65
2022-06-01;ENERGY;48.3
2022-06-01;BASIC MATERIALS;58.99
2022-06-01;CONSUMER CYCLICAL;47.5
2022-06-01;communication services;62.93
2022-06-01;REAL ESTATE;49.86
2022-06-01;technology;32.03
2022-06-01;INDUSTRIALS;36.06
2022-06-01;  Healthcare ;54.65
2022-06-01;crypto;55.95
2022-06-02;  Financial Services ;52.77
2022-06-02;Utilities;52.24
2022-06-02;Energy;50.66
2022-06-02;  Basic Materials ;62.25
2022-06-02;consumer cyclical;48.82
2022-06-02;communication services;6.36
2022-06-02;  Real Estate ;31.49
2022-06-02;technology;39.65
2022-06-02;Industrials;42.77
2022-06-02;  Healthcare ;36.77
2022-06-02;Crypto;70.08
2022-06-03;financial services;71.3
2022-06-03;UTILITIES;2.79
2022-06-03;Energy;47.51
2022-06-03;Basic Materials;80.24
2022-06-03;CONSUMER CYCLICAL;43.42
2022-06-03;communication services;35.91
2022-06-03;REAL ESTATE;53.61
2022-06-03;Technology;33.14
2022-06-03;  Industrials ;65.43
2022-06-03;  Healthcare ;46.12
2022-06-03;  Crypto ;47.04
2022-06-06;FINANCIAL SERVICES;50.97
2022-06-06;Utilities;46.16
2022-06-06;Energy;25.98
2022-06-06;BASIC MATERIALS;46.25
2022-06-06;CONSUMER CYCLICAL;52.92
2022-06-06;COMMUNICATION SERVICES;31.24
2022-06-06;Real Estate;31.76
2022-06-06;technology;48.58
2022-06-06;Industrials;53.82
2022-06-06;healthcare;42.69
2022-06-06;Crypto;48.82
2022-06-07;FINANCIAL SERVICES;49.87
2022-06-07;Utilities;44.94
2022-06-07;Energy;43.24
2022-06-07;Basic Materials;55.28
2022-06-07;Consumer Cyclical;35.17
2022-06-07;communication services;45.95
2022-06-07;real estate;51.97
2022-06-07;technology;62.52
2022-06-07;Industrials;65.85
2022-06-07;HEALTHCARE;49.59
2022-06-07;Crypto;60.58
2022-06-08;Financial Services;36.89
2022-06-08;UTILITIES;93.38
2022-06-08;Energy;61.87
2022-06-08;basic materials;50.61
2022-06-08;CONSUMER CYCLICAL;50.3
2022-06-08;Communication Services;40.51
2022-06-08;REAL ESTATE;47.69
2022-06-08;Technology;49.62
2022-06-08;Industrials;35.2
2022-06-08;Healthcare;34.66
2022-06-08;  Crypto ;47.97
2022-06-09;financial services;69.81
2022-06-09;Utilities;57.24
2022-06-09;Energy;67.19
2022-06-09;Basic Materials;70.51
2022-06-09;Consumer Cyclical;60.24
2022-06-09;  Communication Services ;59.75
2022-06-09;Real Estate;38.03
2022-06-09;technology;61.51
2022-06-09;industrials;50.34
2022-06-09;HEALTHCARE;55.12
2022-06-09;Crypto;70.72
2022-06-10;Financial Services;38.91
2022-06-10;Utilities;52.85
2022-06-10;energy;49.74
2022-06-10;BASIC MATERIALS;21.72
2022-06-10;CONSUMER CYCLICAL;45.14
2022-06-10;Communication Services;31.62
2022-06-10;REAL ESTATE;54.21
2022-06-10;TECHNOLOGY;45.79
2022-06-10;Industrials;56.56
2022-06-10;Healthcare;15.26
2022-06-10;Crypto;48.72
2022-06-13;  Financial Services ;17.7
2022-06-13;Utilities;30.1
2022-06-13;Energy;40.37
2022-06-13;basic materials;19.54
2022-06-13;Consumer Cyclical;20.68
2022-06-13;communication services;35.79
2022-06-13;real estate;47.85
2022-06-13;technology;39.13
2022-06-13;Industrials;26.68
2022-06-13;Healthcare;54.01
2022-06-13;CRYPTO;49.8
2022-06-14;Financial Services;44.61
2022-06-14;Utilities;56.88
2022-06-14;ENERGY;44.65
2022-06-14;basic materials;25.44
2022-06-14;Consumer Cyclical;26.31
2022-06-14;COMMUNICATION SERVICES;50.54
2022-06-14;Real Estate;44.3
2022-06-14;Technology;39.68
2022-06-14;Industrials;48.1
2022-06-14;healthcare;47.55
2022-06-14;Crypto;58.48
2022-06-15;FINANCIAL SERVICES;51.52
2022-06-15;Utilities;51.04
2022-06-15;ENERGY;43.05
2022-06-15;  Basic Materials ;52.23
2022-06-15;Consumer Cyclical;45.29
2022-06-15;Communication Services;51.62
2022-06-15;real estate;43.92
2022-06-15;  Technology ;39.32
2022-06-15;INDUSTRIALS;29.33
2022-06-15;Healthcare;48.75
2022-06-15;Crypto;56.71
2022-06-16;FINANCIAL SERVICES;66.0
2022-06-16;Utilities;59.41
2022-06-16;energy;44.02
2022-06-16;BASIC MATERIALS;38.54
2022-06-16;consumer cyclical;63.35
2022-06-16;  Communication Services ;30.81
2022-06-16;  Real Estate ;36.95
2022-06-16;Technology;45.79
2022-06-16;industrials;34.97
2022-06-16;Healthcare;53.4
2022-06-16;Crypto;47.67
2022-06-17;financial services;43.51
2022-06-17;Utilities;51.05
2022-06-17;ENERGY;24.49
2022-06-17;BASIC MATERIALS;35.21
2022-06-17;consumer cyclical;59.03
2022-06-17;communication services;50.24
2022-06-17;Real Estate;54.39
2022-06-17;TECHNOLOGY;55.39
2022-06-17;Industrials;31.75
2022-06-17;  Healthcare ;53.05
2022-06-17;Crypto;59.33
2022-06-20;Financial Services;59.67
2022-06-20;UTILITIES;29.71
2022-06-20;energy;43.0
2022-06-20;  Basic Materials ;48.1
2022-06-20;consumer cyclical;47.78
2022-06-20;communication services;53.03
2022-06-20;REAL ESTATE;52.47
2022-06-20;TECHNOLOGY;48.51
2022-06-20;industrials;40.25
2022-06-20;healthcare;55.98
2022-06-20;CRYPTO;75.64
2022-06-21;  Financial Services ;52.82
2022-06-21;Utilities;49.96
2022-06-21;  Energy ;53.52
2022-06-21;Basic Materials;49.15
2022-06-21;CONSUMER CYCLICAL;54.82
2022-06-21;  Communication Services ;69.75
2022-06-21;real estate;35.45
2022-06-21;Technology;61.58
2022-06-21;Industrials;64.84
2022-06-21;Healthcare;69.6
2022-06-21;CRYPTO;62.22
2022-06-22;financial services;41.04
2022-06-22;utilities;53.09
2022-06-22;ENERGY;72.1
2022-06-22;BASIC MATERIALS;62.92
2022-06-22;  Consumer Cyclical ;51.57
2022-06-22;Communication Services;69.04
2022-06-22;  Real Estate ;44.66
2022-06-22;Technology;52.15
2022-06-22;  Industrials ;39.37
2022-06-22;Healthcare;74.49
2022-06-22;CRYPTO;50.94
2022-06-23;Financial Services;59.11
2022-06-23;  Utilities ;32.81
2022-06-23;  Energy ;27.89
2022-06-23;Basic Materials;35.49
2022-06-23;consumer cyclical;62.18
2022-06-23;communication services;69.21
2022-06-23;REAL ESTATE;65.71
2022-06-23;  Technology ;54.59
2022-06-23;Industrials;32.14
2022-06-23;HEALTHCARE;51.01
2022-06-23;CRYPTO;33.6
2022-06-24;  Financial Services ;63.44
2022-06-24;UTILITIES;60.78
2022-06-24;ENERGY;60.65
2022-06-24;Basic Materials;64.76
2022-06-24;  Consumer Cyclical ;71.38
2022-06-24;COMMUNICATION SERVICES;61.99
2022-06-24;  Real Estate ;47.54
2022-06-24;TECHNOLOGY;24.4
2022-06-24;  Industrials ;36.16
2022-06-24;Healthcare;41.57
2022-06-24;  Crypto ;47.22
2022-06-27;Financial Services;54.9
2022-06-27;  Utilities ;61.65
2022-06-27;Energy;70.52
2022-06-27;  Basic Materials ;52.28
2022-06-27;  Consumer Cyclical ;80.25
2022-06-27;Communication Services;58.24
2022-06-27;Real Estate;100
2022-06-27;Technology;0.19
2022-06-27;INDUSTRIALS;52.98
2022-06-27;healthcare;38.78
2022-06-27;Crypto;46.37
2022-06-28;financial services;48.22
2022-06-28;UTILITIES;77.11
2022-06-28;ENERGY;67.63
2022-06-28;basic materials;50.4
2022-06-28;CONSUMER CYCLICAL;60.19
2022-06-28;Communication Services;72.76
2022-06-28;Real Estate;45.88
2022-06-28;  Technology ;53.67
2022-06-28;industrials;40.73
2022-06-28;healthcare;69.88
2022-06-28;CRYPTO;51.23
2022-06-29;FINANCIAL SERVICES;35.14
2022-06-29;UTILITIES;59.45
2022-06-29;ENERGY;50.47
2022-06-29;Basic Materials;59.36
2022-06-29;CONSUMER CYCLICAL;39.73
2022-06-29;communication services;55.04
2022-06-29;Real Estate;36.42
2022-06-29;Technology;40.1
2022-06-29;Industrials;44.49
2022-06-29;  Healthcare ;56.75
2022-06-29;CRYPTO;72.78
2022-06-30;financial services;43.53
2022-06-30;Utilities;33.28
2022-06-30;energy;41.17
2022-06-30;Basic Materials;65.89
2022-06-30;consumer cyclical;20.21
2022-06-30;COMMUNICATION SERVICES;65.58
2022-06-30;real estate;33.99
2022-06-30;TECHNOLOGY;31.56
2022-06-30;industrials;42.61
2022-06-30;healthcare;10.83
2022-06-30;crypto;35.03
2022-07-01;Financial Services;34.79
2022-07-01;utilities;20.75
2022-07-01;Energy;42.6
2022-07-01;Basic Materials;35.12
2022-07-01;  Consumer Cyclical ;40.43
2022-07-01;communication services;54.14
2022-07-01;Real Estate;48.49
2022-07-01;  Technology ;59.66
2022-07-01;INDUSTRIALS;39.06
2022-07-01;Healthcare;67.58
2022-07-01;crypto;46.77
2022-07-04;financial services;46.45
2022-07-04;Utilities;74.06
2022-07-04;Energy;45.99
2022-07-04;basic materials;37.77
2022-07-04;Consumer Cyclical;56.84
2022-07-04;Communication Services;33.84
2022-07-04;Real Estate;80.69
2022-07-04;  Technology ;41.41
2022-07-04;Industrials;62.66
2022-07-04;Healthcare;60.2
2022-07-04;crypto;60.96
2022-07-05;financial services;36.18
2022-07-05;Utilities;51.71
2022-07-05;Energy;72.9
2022-07-05;basic materials;53.39
2022-07-05;consumer cyclical;48.36
2022-07-05;COMMUNICATION SERVICES;35.43
2022-07-05;REAL ESTATE;51.51
2022-07-05;technology;56.16
2022-07-05;INDUSTRIALS;57.61
2022-07-05;  Healthcare ;67.18
2022-07-05;crypto;57.41
2022-07-06;FINANCIAL SERVICES;25.34
2022-07-06;Utilities;57.63
2022-07-06;Energy;19.99
2022-07-06;Basic Materials;46.19
2022-07-06;  Consumer Cyclical ;45.7
2022-07-06;communication services;45.08
2022-07-06;REAL ESTATE;40.79
2022-07-06;TECHNOLOGY;43.99
2022-07-06;Industrials;42.48
2022-07-06;healthcare;41.75
2022-07-06;crypto;48.72
2022-07-07;financial services;42.14
2022-07-07;utilities;30.57
2022-07-07;  Energy ;63.43
2022-07-07;Basic Materials;53.14
2022-07-07;Consumer Cyclical;65.39
2022-07-07;COMMUNICATION SERVICES;28.32
2022-07-07;real estate;44.08
2022-07-07;Technology;63.62
2022-07-07;industrials;52.45
2022-07-07;Healthcare;44.9
2022-07-07;Crypto;55.18
2022-07-08;Financial Services;79.09
2022-07-08;UTILITIES;64.78
2022-07-08;  Energy ;38.57
2022-07-08;Basic Materials;72.71
2022-07-08;Consumer Cyclical;50.17
2022-07-08;Communication Services;59.21
2022-07-08;real estate;67.86
2022-07-08;TECHNOLOGY;89.91
2022-07-08;Industrials;61.88
2022-07-08;HEALTHCARE;44.96
2022-07-08;Crypto;33.58
2022-07-11;Financial Services;42.56
2022-07-11;utilities;43.66
2022-07-11;energy;42.99
2022-07-11;Basic Materials;48.15
2022-07-11;CONSUMER CYCLICAL;73.76
2022-07-11;communication services;39.42
2022-07-11;Real Estate;64.24
2022-07-11;TECHNOLOGY;39.17
2022-07-11;industrials;68.05
2022-07-11;healthcare;35.26
2022-07-11;crypto;61.93
2022-07-12;FINANCIAL SERVICES;39.44
2022-07-12;Utilities;57.84
2022-07-12;Energy;59.76
2022-07-12;Basic Materials;39.6
2022-07-12;  Consumer Cyclical ;57.78
2022-07-12;COMMUNICATION SERVICES;53.9
2022-07-12;real estate;51.02
2022-07-12;Technology;77.29
2022-07-12;Industrials;54.08
2022-07-12;Healthcare;42.55
2022-07-12;  Crypto ;36.92
2022-07-13;financial services;45.86
2022-07-13;Utilities;50.93
2022-07-13;  Energy ;12.57
2022-07-13;basic materials;74.5
2022-07-13;CONSUMER CYCLICAL;74.2
2022-07-13;Communication Services;57.92
2022-07-13;REAL ESTATE;50.07
2022-07-13;TECHNOLOGY;60.88
2022-07-13;INDUSTRIALS;48.14
2022-07-13;Healthcare;33.72
2022-07-13;crypto;35.05
2022-07-14;Financial Services;35.35
2022-07-14;UTILITIES;64.96
2022-07-14;Energy;79.5
2022-07-14;  Basic Materials ;36.63
2022-07-14;  Consumer Cyclical ;56.16
2022-07-14;communication services;47.61
2022-07-14;REAL ESTATE;59.7
2022-07-14;TECHNOLOGY;49.12
2022-07-14;Industrials;44.26
2022-07-14;Healthcare;36.23
2022-07-14;CRYPTO;49.92
2022-07-15;  Financial Services ;48.63
2022-07-15;Utilities;37.18
2022-07-15;  Energy ;40.26
2022-07-15;basic materials;28.78
2022-07-15;Consumer Cyclical;58.68
2022-07-15;Communication Services;45.4
2022-07-15;  Real Estate ;54.8
2022-07-15;  Technology ;47.8
2022-07-15;industrials;56.25
2022-07-15;Healthcare;67.56
2022-07-15;Crypto;55.69
2022-07-18;  Financial Services ;50.1
2022-07-18;Utilities;43.12
2022-07-18;energy;26.93
2022-07-18;Basic Materials;66.63
2022-07-18;Consumer Cyclical;53.0
2022-07-18;Communication Services;74.91
2022-07-18;real estate;42.19
2022-07-18;technology;30.34
2022-07-18;INDUSTRIALS;48.57
2022-07-18;Healthcare;68.61
2022-07-18;Crypto;44.1
2022-07-19;Financial Services;54.26
2022-07-19;UTILITIES;26.27
2022-07-19;Energy;43.65
2022-07-19;Basic Materials;89.77
2022-07-19;consumer cyclical;47.46
2022-07-19;Communication Services;22.2
2022-07-19;  Real Estate ;48.95
2022-07-19;Technology;36.05
2022-07-19;Industrials;59.61
2022-07-19;Healthcare;48.89
2022-07-19;Crypto;53.99
2022-07-20;FINANCIAL SERVICES;68.52
2022-07-20;utilities;44.58
2022-07-20;Energy;37.68
2022-07-20;BASIC MATERIALS;72.02
2022-07-20;CONSUMER CYCLICAL;55.26
2022-07-20;Communication Services;37.63
2022-07-20;Real Estate;50.21
2022-07-20;Technology;49.39
2022-07-20;Industrials;49.04
2022-07-20;Healthcare;35.07
2022-07-20;Crypto;33.77
2022-07-21;  Financial Services ;35.82
2022-07-21;Utilities;40.69
2022-07-21;ENERGY;59.35
2022-07-21;Basic Materials;54.73
2022-07-21;consumer cyclical;59.29
2022-07-21;Communication Services;47.64
2022-07-21;Real Estate;44.93
2022-07-21;technology;52.64
2022-07-21;  Industrials ;38.39
2022-07-21;Healthcare;36.04
2022-07-21;crypto;54.6
2022-07-22;Financial Services;48.24
2022-07-22;Utilities;62.53
2022-07-22;ENERGY;11.19
2022-07-22;Basic Materials;43.28
2022-07-22;CONSUMER CYCLICAL;35.28
2022-07-22;communication services;41.74
2022-07-22;Real Estate;28.6
2022-07-22;TECHNOLOGY;17.92
2022-07-22;industrials;43.28
2022-07-22;healthcare;77.23
2022-07-22;CRYPTO;74.27
2022-07-25;Financial Services;32.98
2022-07-25;Utilities;72.89
2022-07-25;  Energy ;50.83
2022-07-25;basic materials;62.61
2022-07-25;Consumer Cyclical;42.38
2022-07-25;  Communication Services ;38.32
2022-07-25;REAL ESTATE;66.83
2022-07-25;TECHNOLOGY;37.54
2022-07-25;industrials;70.56
2022-07-25;HEALTHCARE;50.65
2022-07-25;  Crypto ;42.06
2022-07-26;FINANCIAL SERVICES;54.6
2022-07-26;Utilities;20.51
2022-07-26;ENERGY;57.9
2022-07-26;basic materials;46.59
2022-07-26;  Consumer Cyclical ;48.55
2022-07-26;COMMUNICATION SERVICES;42.38
2022-07-26;Real Estate;51.6
2022-07-26;TECHNOLOGY;26.61
2022-07-26;Industrials;48.98
2022-07-26;Healthcare;47.03
2022-07-26;CRYPTO;38.46
2022-07-27;FINANCIAL SERVICES;39.8
2022-07-27;UTILITIES;77.46
2022-07-27;ENERGY;36.33
2022-07-27;Basic Materials;42.68
2022-07-27;consumer cyclical;21.22
2022-07-27;communication services;50.43
2022-07-27;Real Estate;56.27
2022-07-27;TECHNOLOGY;37.05
2022-07-27;industrials;73.68
2022-07-27;  Healthcare ;25.63
2022-07-27;CRYPTO;44.2
2022-07-28;Financial Services;57.35
2022-07-28;Utilities;29.26
2022-07-28;Energy;48.7
2022-07-28;Basic Materials;82.28
2022-07-28;Consumer Cyclical;54.56
2022-07-28;Communication Services;52.24
2022-07-28;REAL ESTATE;44.96
2022-07-28;technology;57.82
2022-07-28;Industrials;50.13
2022-07-28;  Healthcare ;46.25
2022-07-28;  Crypto ;54.11
2022-07-29;FINANCIAL SERVICES;55.67
2022-07-29;UTILITIES;35.77
2022-07-29;Energy;38.15
2022-07-29;Basic Materials;43.99
2022-07-29;  Consumer Cyclical ;27.84
2022-07-29;  Communication Services ;44.68
2022-07-29;Real Estate;49.97
2022-07-29;  Technology ;50.76
2022-07-29;INDUSTRIALS;74.55
2022-07-29;HEALTHCARE;26.06
2022-07-29;CRYPTO;49.75
2022-08-01;FINANCIAL SERVICES;37.02
2022-08-01;UTILITIES;28.26
2022-08-01;ENERGY;48.45
2022-08-01;BASIC MATERIALS;61.98
2022-08-01;CONSUMER CYCLICAL;81.29
2022-08-01;Communication Services;72.89
2022-08-01;Real Estate;69.05
2022-08-01;  Technology ;51.2
2022-08-01;INDUSTRIALS;43.35
2022-08-01;healthcare;50.81
2022-08-01;  Crypto ;62.16
2022-08-02;Financial Services;57.25
2022-08-02;Utilities;31.41
2022-08-02;Energy;33.78
2022-08-02;BASIC MATERIALS;32.13
2022-08-02;CONSUMER CYCLICAL;19.99
2022-08-02;  Communication Services ;26.11
2022-08-02;REAL ESTATE;63.42
2022-08-02;Technology;45.05
2022-08-02;INDUSTRIALS;51.61
2022-08-02;healthcare;64.97
2022-08-02;Crypto;39.28
2022-08-03;Financial Services;47.62
2022-08-03;UTILITIES;53.57
2022-08-03;ENERGY;50.13
2022-08-03;Basic Materials;28.31
2022-08-03;Consumer Cyclical;39.44
2022-08-03;communication services;26.98
2022-08-03;REAL ESTATE;58.24
2022-08-03;Technology;44.54
2022-08-03;  Industrials ;60.56
2022-08-03;Healthcare;46.45
2022-08-03;crypto;73.22
2022-08-04;FINANCIAL SERVICES;51.15
2022-08-04;Utilities;81.03
2022-08-04;Energy;44.91
2022-08-04;  Basic Materials ;52.62
2022-08-04;CONSUMER CYCLICAL;48.74
2022-08-04;Communication Services;33.6
2022-08-04;REAL ESTATE;49.97
2022-08-04;TECHNOLOGY;72.86
2022-08-04;industrials;39.61
2022-08-04;Healthcare;42.48
2022-08-04;CRYPTO;9.08
2022-08-05;FINANCIAL SERVICES;50.64
2022-08-05;Utilities;69.87
2022-08-05;ENERGY;34.29
2022-08-05;basic materials;68.21
2022-08-05;consumer cyclical;55.94
2022-08-05;communication services;59.27
2022-08-05;Real Estate;28.14
2022-08-05;Technology;71.28
2022-08-05;Industrials;28.79
2022-08-05;HEALTHCARE;45.06
2022-08-05;crypto;60.45
2022-08-08;financial services;36.67
2022-08-08;Utilities;60.22
2022-08-08;  Energy ;43.82
2022-08-08;Basic Materials;70.15
2022-08-08;Consumer Cyclical;41.67
2022-08-08;Communication Services;63.05
2022-08-08;REAL ESTATE;60.12
2022-08-08;technology;57.9
2022-08-08;INDUSTRIALS;39.4
2022-08-08;Healthcare;29.98
2022-08-08;Crypto;44.42
2022-08-09;  Financial Services ;67.32
2022-08-09;UTILITIES;46.42
2022-08-09;Energy;49.62
2022-08-09;BASIC MATERIALS;31.84
2022-08-09;CONSUMER CYCLICAL;70.93
2022-08-09;  Communication Services ;40.64
2022-08-09;REAL ESTATE;45.98
2022-08-09;TECHNOLOGY;47.14
2022-08-09;Industrials;65.17
2022-08-09;HEALTHCARE;36.45
2022-08-09;  Crypto ;54.99
2022-08-10;FINANCIAL SERVICES;79.01
2022-08-10;UTILITIES;56.9
2022-08-10;energy;76.26
2022-08-10;basic materials;39.58
2022-08-10;Consumer Cyclical;47.64
2022-08-10;  Communication Services ;39.56
2022-08-10;REAL ESTATE;52.66
2022-08-10;  Technology ;45.34
2022-08-10;INDUSTRIALS;45.75
2022-08-10;Healthcare;57.17
2022-08-10;crypto;37.43
2022-08-11;  Financial Services ;50.96
2022-08-11;UTILITIES;46.9
2022-08-11;ENERGY;48.79
2022-08-11;BASIC MATERIALS;72.67
2022-08-11;  Consumer Cyclical ;37.14
2022-08-11;Communication Services;45.91
2022-08-11;real estate;56.89
2022-08-11;technology;51.02
2022-08-11;  Industrials ;36.03
2022-08-11;HEALTHCARE;33.14
2022-08-11;Crypto;51.54
2022-08-12;Financial Services;73.83
2022-08-12;utilities;56.93
2022-08-12;Energy;57.48
2022-08-12;BASIC MATERIALS;60.49
2022-08-12;consumer cyclical;50.98
2022-08-12;COMMUNICATION SERVICES;73.4
2022-08-12;  Real Estate ;42.51
2022-08-12;Technology;31.04
2022-08-12;INDUSTRIALS;70.01
2022-08-12;Healthcare;51.68
2022-08-12;crypto;60.82
2022-08-15;  Financial Services ;35.88
2022-08-15;Utilities;45.33
2022-08-15;Energy;59.15
2022-08-15;BASIC MATERIALS;47.86
2022-08-15;consumer cyclical;46.48
2022-08-15;Communication Services;64.6
2022-08-15;Real Estate;73.18
2022-08-15;TECHNOLOGY;51.01
2022-08-15;INDUSTRIALS;43.68
2022-08-15;HEALTHCARE;59.44
2022-08-15;Crypto;35.91
2022-08-16;Financial Services;16.37
2022-08-16;  Utilities ;24.15
2022-08-16;Energy;43.3
2022-08-16;basic materials;27.8
2022-08-16;Consumer Cyclical;66.07
2022-08-16;Communication Services;50.26
2022-08-16;real estate;57.77
2022-08-16;Technology;60.82
2022-08-16;  Industrials ;47.83
2022-08-16;healthcare;33.97
2022-08-16;crypto;43.94
2022-08-17;Financial Services;67.48
2022-08-17;UTILITIES;41.14
2022-08-17;Energy;40.06
2022-08-17;Basic Materials;58.98
2022-08-17;Consumer Cyclical;42.61
2022-08-17;COMMUNICATION SERVICES;71.39
2022-08-17;Real Estate;51.86
2022-08-17;Technology;27.4
2022-08-17;Industrials;53.11
2022-08-17;healthcare;45.25
2022-08-17;Crypto;60.06
2022-08-18;  Financial Services ;36.26
2022-08-18;  Utilities ;58.87
2022-08-18;ENERGY;55.92
2022-08-18;Basic Materials;35.98
2022-08-18;consumer cyclical;29.45
2022-08-18;communication services;28.5
2022-08-18;REAL ESTATE;48.2
2022-08-18;Technology;39.74
2022-08-18;Industrials;37.19
2022-08-18;Healthcare;37.19
2022-08-18;  Crypto ;46.03
2022-08-19;Financial Services;56.89
2022-08-19;Utilities;59.46
2022-08-19;ENERGY;35.28
2022-08-19;basic materials;52.94
2022-08-19;  Consumer Cyclical ;45.61
2022-08-19;COMMUNICATION SERVICES;21.59
2022-08-19;REAL ESTATE;49.28
2022-08-19;technology;69.52
2022-08-19;INDUSTRIALS;35.38
2022-08-19;healthcare;78.66
2022-08-19;Crypto;38.15
2022-08-22;Financial Services;28.36
2022-08-22;UTILITIES;38.3
2022-08-22;ENERGY;39.1
2022-08-22;  Basic Materials ;26.78
2022-08-22;CONSUMER CYCLICAL;36.66
2022-08-22;COMMUNICATION SERVICES;47.81
2022-08-22;Real Estate;42.9
2022-08-22;technology;48.15
2022-08-22;Industrials;47.67
2022-08-22;HEALTHCARE;38.24
2022-08-22;crypto;24.95
2022-08-23;FINANCIAL SERVICES;35.43
2022-08-23;utilities;73.96
2022-08-23;Energy;45.92
2022-08-23;BASIC MATERIALS;49.72
2022-08-23;  Consumer Cyclical ;29.23
2022-08-23;communication services;46.37
2022-08-23;Real Estate;41.37
2022-08-23;Technology;51.56
2022-08-23;Industrials;49.98
2022-08-23;healthcare;37.29
2022-08-23;Crypto;75.57
2022-08-24;Financial Services;53.13
2022-08-24;utilities;56.93
2022-08-24;ENERGY;51.57
2022-08-24;  Basic Materials ;58.51
2022-08-24;consumer cyclical;32.4
2022-08-24;Communication Services;56.33
2022-08-24;real estate;32.22
2022-08-24;Technology;55.4
2022-08-24;Industrials;57.48
2022-08-24;HEALTHCARE;46.83
2022-08-24;crypto;33.06
2022-08-25;Financial Services;50.36
2022-08-25;UTILITIES;56.22
2022-08-25;ENERGY;36.97
2022-08-25;Basic Materials;43.0
2022-08-25;Consumer Cyclical;21.4
2022-08-25;Communication Services;37.04
2022-08-25;Real Estate;33.91
2022-08-25;TECHNOLOGY;43.22
2022-08-25;  Industrials ;55.2
2022-08-25;Healthcare;32.95
2022-08-25;CRYPTO;43.22
2022-08-26;financial services;31.77
2022-08-26;utilities;53.19
2022-08-26;ENERGY;47.91
2022-08-26;Basic Materials;48.44
2022-08-26;Consumer Cyclical;55.1
2022-08-26;COMMUNICATION SERVICES;70.29
2022-08-26;real estate;48.08
2022-08-26;TECHNOLOGY;42.6
2022-08-26;INDUSTRIALS;30.63
2022-08-26;Healthcare;40.98
2022-08-26;Crypto;31.28
2022-08-29;financial services;56.0
2022-08-29;Utilities;44.02
2022-08-29;  Energy ;43.14
2022-08-29;Basic Materials;64.25
2022-08-29;  Consumer Cyclical ;41.08
2022-08-29;Communication Services;30.87
2022-08-29;Real Estate;39.39
2022-08-29;  Technology ;35.62
2022-08-29;  Industrials ;34.84
2022-08-29;HEALTHCARE;44.69
2022-08-29;crypto;60.34
2022-08-30;financial services;56.51
2022-08-30;UTILITIES;27.18
2022-08-30;ENERGY;75.16
2022-08-30;Basic Materials;49.18
2022-08-30;Consumer Cyclical;37.86
2022-08-30;communication services;45.77
2022-08-30;Real Estate;28.21
2022-08-30;TECHNOLOGY;40.3
2022-08-30;industrials;48.19
2022-08-30;Healthcare;33.29
2022-08-30;CRYPTO;48.69
2022-08-31;FINANCIAL SERVICES;50.15
2022-08-31;  Utilities ;30.06
2022-08-31;ENERGY;20.21
2022-08-31;Basic Materials;30.41
2022-08-31;CONSUMER CYCLICAL;66.29
2022-08-31;  Communication Services ;46.06
2022-08-31;Real Estate;49.24
2022-08-31;Technology;31.8
2022-08-31;  Industrials ;58.23
2022-08-31;Healthcare;36.92
2022-08-31;Crypto;48.89
2022-09-01;Financial Services;52.65
2022-09-01;UTILITIES;32.44
2022-09-01;  Energy ;32.44
2022-09-01;basic materials;60.58
2022-09-01;CONSUMER CYCLICAL;50.77
2022-09-01;COMMUNICATION SERVICES;47.67
2022-09-01;Real Estate;30.9
2022-09-01;TECHNOLOGY;41.18
2022-09-01;INDUSTRIALS;48.11
2022-09-01;Healthcare;43.35
2022-09-01;CRYPTO;32.94
2022-09-02;financial services;41.86
2022-09-02;Utilities;56.31
2022-09-02;Energy;49.88
2022-09-02;Basic Materials;20.72
2022-09-02;CONSUMER CYCLICAL;47.39
2022-09-02;  Communication Services ;24.24
2022-09-02;Real Estate;46.07
2022-09-02;  Technology ;36.9
2022-09-02;Industrials;54.27
2022-09-02;  Healthcare ;44.21
2022-09-02;  Crypto ;60.47
2022-09-05;  Financial Services ;52.82
2022-09-05;UTILITIES;48.14
2022-09-05;energy;55.38
2022-09-05;Basic Materials;54.78
2022-09-05;Consumer Cyclical;58.75
2022-09-05;Communication Services;50.8
2022-09-05;REAL ESTATE;47.44
2022-09-05;technology;46.33
2022-09-05;Industrials;42.57
2022-09-05;HEALTHCARE;68.59
2022-09-05;crypto;49.63
2022-09-06;financial services;37.3
2022-09-06;UTILITIES;54.98
2022-09-06;Energy;70.82
2022-09-06;BASIC MATERIALS;41.02
2022-09-06;CONSUMER CYCLICAL;31.09
2022-09-06;Communication Services;50.44
2022-09-06;REAL ESTATE;41.39
2022-09-06;TECHNOLOGY;55.65
2022-09-06;Industrials;39.16
2022-09-06;  Healthcare ;50.08
2022-09-06;crypto;20.22
2022-09-07;Financial Services;56.55
2022-09-07;Utilities;50.49
2022-09-07;energy;13.08
2022-09-07;BASIC MATERIALS;59.13
2022-09-07;  Consumer Cyclical ;49.85
2022-09-07;Communication Services;59.97
2022-09-07;REAL ESTATE;47.42
2022-09-07;Technology;68.8
2022-09-07;Industrials;31.89
2022-09-07;  Healthcare ;43.59
2022-09-07;  Crypto ;64.57
2022-09-08;Financial Services;32.35
2022-09-08;utilities;53.57
2022-09-08;ENERGY;51.38
2022-09-08;Basic Materials;47.92
2022-09-08;  Consumer Cyclical ;44.8
2022-09-08;Communication Services;39.38
2022-09-08;real estate;46.53
2022-09-08;TECHNOLOGY;42.8
2022-09-08;Industrials;53.03
2022-09-08;healthcare;14.6
2022-09-08;CRYPTO;44.13
2022-09-09;Financial Services;55.73
2022-09-09;utilities;31.15
2022-09-09;Energy;44.78
2022-09-09;BASIC MATERIALS;21.23
2022-09-09;CONSUMER CYCLICAL;59.53
2022-09-09;  Communication Services ;46.51
2022-09-09;Real Estate;64.88
2022-09-09;technology;23.76
2022-09-09;industrials;38.11
2022-09-09;Healthcare;65.26
2022-09-09;Crypto;15.99
2022-09-12;financial services;61.8
2022-09-12;  Utilities ;49.99
2022-09-12;  Energy ;63.23
2022-09-12;Basic Materials;37.97
2022-09-12;consumer cyclical;39.64
2022-09-12;COMMUNICATION SERVICES;47.04
2022-09-12;Real Estate;49.32
2022-09-12;Technology;63.58
2022-09-12;Industrials;61.04
2022-09-12;Healthcare;52.62
2022-09-12;  Crypto ;37.08
2022-09-13;Financial Services;62.67
2022-09-13;Utilities;54.52
2022-09-13;energy;31.41
2022-09-13;  Basic Materials ;77.99
2022-09-13;Consumer Cyclical;41.16
2022-09-13;Communication Services;52.88
2022-09-13;  Real Estate ;75.23
2022-09-13;Technology;31.85
2022-09-13;Industrials;60.29
2022-09-13;  Healthcare ;45.9
2022-09-13;Crypto;44.87
2022-09-14;financial services;62.52
2022-09-14;utilities;55.38
2022-09-14;energy;48.15
2022-09-14;  Basic Materials ;41.79
2022-09-14;consumer cyclical;51.34
2022-09-14;Communication Services;48.78
2022-09-14;REAL ESTATE;37.74
2022-09-14;technology;41.88
2022-09-14;industrials;41.06
2022-09-14;Healthcare;30.09
2022-09-14;Crypto;61.01
2022-09-15;Financial Services;26.69
2022-09-15;utilities;53.56
2022-09-15;Energy;53.2
2022-09-15;Basic Materials;37.86
2022-09-15;Consumer Cyclical;39.51
2022-09-15;COMMUNICATION SERVICES;48.46
2022-09-15;Real Estate;29.81
2022-09-15;technology;45.86
2022-09-15;Industrials;32.86
2022-09-15;Healthcare;43.47
2022-09-15;Crypto;47.88
2022-09-16;FINANCIAL SERVICES;48.14
2022-09-16;UTILITIES;41.87
2022-09-16;Energy;23.66
2022-09-16;basic materials;59.7
2022-09-16;  Consumer Cyclical ;42.39
2022-09-16;Communication Services;32.21
2022-09-16;real estate;72.41
2022-09-16;TECHNOLOGY;58.87
2022-09-16;Industrials;45.49
2022-09-16;Healthcare;50.98
2022-09-16;  Crypto ;41.94
2022-09-19;FINANCIAL SERVICES;39.13
2022-09-19;UTILITIES;32.51
2022-09-19;ENERGY;35.25
2022-09-19;Basic Materials;52.2
2022-09-19;Consumer Cyclical;54.0
2022-09-19;Communication Services;61.92
2022-09-19;Real Estate;28.31
2022-09-19;Technology;72.89
2022-09-19;industrials;61.39
2022-09-19;healthcare;50.89
2022-09-19;CRYPTO;37.51
2022-09-20;financial services;48.61
2022-09-20;UTILITIES;55.63
2022-09-20;Energy;72.48
2022-09-20;Basic Materials;56.57
2022-09-20;Consumer Cyclical;56.5
2022-09-20;COMMUNICATION SERVICES;50.1
2022-09-20;REAL ESTATE;46.7
2022-09-20;Technology;78.93
2022-09-20;industrials;64.32
2022-09-20;Healthcare;48.63
2022-09-20;Crypto;36.12
2022-09-21;Financial Services;51.5
2022-09-21;Utilities;52.57
2022-09-21;Energy;59.76
2022-09-21;BASIC MATERIALS;28.11
2022-09-21;consumer cyclical;45.8
2022-09-21;COMMUNICATION SERVICES;46.55
2022-09-21;Real Estate;18.71
2022-09-21;Technology;3.77
2022-09-21;INDUSTRIALS;21.3
2022-09-21;Healthcare;55.62
2022-09-21;crypto;6.08
2022-09-22;  Financial Services ;41.25
2022-09-22;  Utilities ;48.2
2022-09-22;ENERGY;61.75
2022-09-22;  Basic Materials ;40.63
2022-09-22;Consumer Cyclical;49.41
2022-09-22;COMMUNICATION SERVICES;31.35
2022-09-22;Real Estate;48.45
2022-09-22;technology;68.7
2022-09-22;  Industrials ;52.36
2022-09-22;HEALTHCARE;60.15
2022-09-22;Crypto;52.35
2022-09-23;FINANCIAL SERVICES;60.88
2022-09-23;Utilities;54.12
2022-09-23;ENERGY;54.89
2022-09-23;BASIC MATERIALS;57.67
2022-09-23;  Consumer Cyclical ;45.74
2022-09-23;communication services;53.34
2022-09-23;Real Estate;41.49
2022-09-23;Technology;42.64
2022-09-23;  Industrials ;46.93
2022-09-23;healthcare;42.2
2022-09-23;Crypto;57.36
2022-09-26;financial services;41.38
2022-09-26;UTILITIES;54.96
2022-09-26;Energy;46.1
2022-09-26;  Basic Materials ;59.98
2022-09-26;Consumer Cyclical;45.04
2022-09-26;COMMUNICATION SERVICES;41.06
2022-09-26;Real Estate;43.62
2022-09-26;  Technology ;34.47
2022-09-26;industrials;34.52
2022-09-26;healthcare;29.36
2022-09-26;crypto;22.73
2022-09-27;  Financial Services ;43.24
2022-09-27;Utilities;52.85
2022-09-27;energy;58.34
2022-09-27;  Basic Materials ;41.26
2022-09-27;  Consumer Cyclical ;41.5
2022-09-27;COMMUNICATION SERVICES;24.99
2022-09-27;Real Estate;52.49
2022-09-27;  Technology ;59.7
2022-09-27;  Industrials ;88.49
2022-09-27;healthcare;25.95
2022-09-27;crypto;72.41
2022-09-28;FINANCIAL SERVICES;55.82
2022-09-28;utilities;37.02
2022-09-28;Energy;65.63
2022-09-28;Basic Materials;52.07
2022-09-28;Consumer Cyclical;49.7
2022-09-28;Communication Services;50.39
2022-09-28;REAL ESTATE;42.74
2022-09-28;Technology;34.0
2022-09-28;Industrials;59.72
2022-09-28;HEALTHCARE;30.86
2022-09-28;Crypto;43.54
2022-09-29;  Financial Services ;50.19
2022-09-29;  Utilities ;57.31
2022-09-29;ENERGY;36.71
2022-09-29;Basic Materials;35.01
2022-09-29;Consumer Cyclical;71.71
2022-09-29;Communication Services;42.56
2022-09-29;REAL ESTATE;48.28
2022-09-29;Technology;43.19
2022-09-29;Industrials;57.82
2022-09-29;HEALTHCARE;48.21
2022-09-29;Crypto;47.48
2022-09-30;FINANCIAL SERVICES;55.2
2022-09-30;UTILITIES;41.65
2022-09-30;energy;38.75
2022-09-30;basic materials;39.48
2022-09-30;Consumer Cyclical;30.47
2022-09-30;Communication Services;27.05
2022-09-30;real estate;51.7
2022-09-30;TECHNOLOGY;48.63
2022-09-30;Industrials;54.71
2022-09-30;healthcare;53.39
2022-09-30;Crypto;42.45
2022-10-03;financial services;55.98
2022-10-03;Utilities;56.09
2022-10-03;Energy;40.85
2022-10-03;Basic Materials;39.64
2022-10-03;Consumer Cyclical;60.59
2022-10-03;Communication Services;59.72
2022-10-03;Real Estate;65.12
2022-10-03;  Technology ;48.8
2022-10-03;INDUSTRIALS;74.79
2022-10-03;HEALTHCARE;53.05
2022-10-03;CRYPTO;51.81
2022-10-04;Financial Services;54.99
2022-10-04;utilities;56.87
2022-10-04;ENERGY;59.31
2022-10-04;Basic Materials;89.45
2022-10-04;CONSUMER CYCLICAL;66.5
2022-10-04;Communication Services;49.06
2022-10-04;  Real Estate ;58.93
2022-10-04;technology;47.07
2022-10-04;INDUSTRIALS;46.45
2022-10-04;Healthcare;50.78
2022-10-04;Crypto;52.19
2022-10-05;Financial Services;53.0
2022-10-05;  Utilities ;48.85
2022-10-05;  Energy ;53.75
2022-10-05;  Basic Materials ;90.37
2022-10-05;CONSUMER CYCLICAL;72.07
2022-10-05;COMMUNICATION SERVICES;59.05
2022-10-05;real estate;42.67
2022-10-05;Technology;67.9
2022-10-05;Industrials;77.59
2022-10-05;Healthcare;54.93
2022-10-05;  Crypto ;52.52
2022-10-06;FINANCIAL SERVICES;43.79
2022-10-06;  Utilities ;58.98
2022-10-06;Energy;75.07
2022-10-06;Basic Materials;48.85
2022-10-06;Consumer Cyclical;44.96
2022-10-06;COMMUNICATION SERVICES;48.74
2022-10-06;real estate;27.57
2022-10-06;Technology;53.84
2022-10-06;Industrials;40.86
2022-10-06;Healthcare;30.68
2022-10-06;crypto;23.35
2022-10-07;  Financial Services ;50.1
2022-10-07;Utilities;42.24
2022-10-07;energy;40.56
2022-10-07;basic materials;24.55
2022-10-07;CONSUMER CYCLICAL;42.74
2022-10-07;communication services;57.89
2022-10-07;REAL ESTATE;68.96
2022-10-07;technology;46.27
2022-10-07;industrials;32.77
2022-10-07;healthcare;59.1
2022-10-07;crypto;27.28
2022-10-10;Financial Services;60.73
2022-10-10;  Utilities ;50.51
2022-10-10;ENERGY;61.99
2022-10-10;Basic Materials;60.15
2022-10-10;Consumer Cyclical;25.62
2022-10-10;COMMUNICATION SERVICES;70.47
2022-10-10;  Real Estate ;33.0
2022-10-10;Technology;55.79
2022-10-10;Industrials;37.9
2022-10-10;healthcare;18.8
2022-10-10;  Crypto ;46.69
2022-10-11;Financial Services;46.95
2022-10-11;Utilities;34.93
2022-10-11;  Energy ;43.63
2022-10-11;BASIC MATERIALS;58.33
2022-10-11;consumer cyclical;52.42
2022-10-11;communication services;51.94
2022-10-11;REAL ESTATE;46.85
2022-10-11;TECHNOLOGY;47.43
2022-10-11;industrials;67.35
2022-10-11;HEALTHCARE;43.77
2022-10-11;Crypto;59.71
2022-10-12;Financial Services;35.34
2022-10-12;  Utilities ;18.03
2022-10-12;Energy;51.65
2022-10-12;Basic Materials;44.75
2022-10-12;  Consumer Cyclical ;39.1
2022-10-12;communication services;51.83
2022-10-12;Real Estate;34.74
2022-10-12;TECHNOLOGY;53.19
2022-10-12;  Industrials ;66.35
2022-10-12;healthcare;44.96
2022-10-12;crypto;43.42
2022-10-13;FINANCIAL SERVICES;31.45
2022-10-13;UTILITIES;45.79
2022-10-13;  Energy ;54.85
2022-10-13;BASIC MATERIALS;22.65
2022-10-13;consumer cyclical;44.35
2022-10-13;Communication Services;43.35
2022-10-13;real estate;40.69
2022-10-13;technology;48.18
2022-10-13;Industrials;61.03
2022-10-13;healthcare;57.63
2022-10-13;Crypto;52.23
2022-10-14;FINANCIAL SERVICES;64.89
2022-10-14;  Utilities ;64.83
2022-10-14;Energy;69.69
2022-10-14;  Basic Materials ;66.79
2022-10-14;consumer cyclical;49.52
2022-10-14;Communication Services;42.27
2022-10-14;Real Estate;64.76
2022-10-14;Technology;42.81
2022-10-14;industrials;70.06
2022-10-14;HEALTHCARE;70.78
2022-10-14;CRYPTO;41.37
2022-10-17;Financial Services;52.49
2022-10-17;Utilities;48.79
2022-10-17;energy;65.92
2022-10-17;basic materials;38.32
2022-10-17;  Consumer Cyclical ;52.2
2022-10-17;Communication Services;63.66
2022-10-17;Real Estate;46.82
2022-10-17;  Technology ;45.61
2022-10-17;Industrials;52.78
2022-10-17;  Healthcare ;58.19
2022-10-17;Crypto;38.74
2022-10-18;Financial Services;48.02
2022-10-18;Utilities;63.52
2022-10-18;Energy;63.99
2022-10-18;Basic Materials;75.03
2022-10-18;Consumer Cyclical;35.83
2022-10-18;  Communication Services ;43.22
2022-10-18;  Real Estate ;34.15
2022-10-18;TECHNOLOGY;68.39
2022-10-18;Industrials;58.49
2022-10-18;HEALTHCARE;42.23
2022-10-18;Crypto;41.04
2022-10-19;Financial Services;51.52
2022-10-19;UTILITIES;34.55
2022-10-19;Energy;67.48
2022-10-19;Basic Materials;46.68
2022-10-19;Consumer Cyclical;49.97
2022-10-19;communication services;69.35
2022-10-19;Real Estate;45.75
2022-10-19;technology;71.33
2022-10-19;Industrials;60.05
2022-10-19;healthcare;51.18
2022-10-19;  Crypto ;43.55
2022-10-20;Financial Services;58.64
2022-10-20;Utilities;46.38
2022-10-20;Energy;50.37
2022-10-20;Basic Materials;40.1
2022-10-20;Consumer Cyclical;53.68
2022-10-20;  Communication Services ;48.09
2022-10-20;real estate;56.02
2022-10-20;technology;51.39
2022-10-20;Industrials;45.97
2022-10-20;Healthcare;50.7
2022-10-20;  Crypto ;53.67
2022-10-21;FINANCIAL SERVICES;73.46
2022-10-21;Utilities;44.09
2022-10-21;ENERGY;57.96
2022-10-21;Basic Materials;56.47
2022-10-21;Consumer Cyclical;46.27
2022-10-21;Communication Services;50.75
2022-10-21;  Real Estate ;55.21
2022-10-21;TECHNOLOGY;63.63
2022-10-21;INDUSTRIALS;64.53
2022-10-21;Healthcare;50.14
2022-10-21;crypto;44.21
2022-10-24;FINANCIAL SERVICES;60.6
2022-10-24;utilities;46.84
2022-10-24;energy;45.03
2022-10-24;  Basic Materials ;55.53
2022-10-24;Consumer Cyclical;27.43
2022-10-24;COMMUNICATION SERVICES;27.41
2022-10-24;real estate;42.91
2022-10-24;Technology;28.87
2022-10-24;Industrials;63.17
2022-10-24;healthcare;29.18
2022-10-24;CRYPTO;69.01
2022-10-25;FINANCIAL SERVICES;27.46
2022-10-25;Utilities;51.11
2022-10-25;energy;44.36
2022-10-25;basic materials;38.12
2022-10-25;Consumer Cyclical;51.86
2022-10-25;Communication Services;46.01
2022-10-25;real estate;60.5
2022-10-25;  Technology ;43.19
2022-10-25;  Industrials ;64.94
2022-10-25;Healthcare;69.26
2022-10-25;crypto;44.32
2022-10-26;Financial Services;42.63
2022-10-26;Utilities;18.07
2022-10-26;ENERGY;51.48
2022-10-26;Basic Materials;43.45
2022-10-26;consumer cyclical;49.21
2022-10-26;communication services;49.54
2022-10-26;REAL ESTATE;60.86
2022-10-26;  Technology ;55.68
2022-10-26;INDUSTRIALS;54.79
2022-10-26;Healthcare;59.23
2022-10-26;CRYPTO;26.75
2022-10-27;financial services;65.43
2022-10-27;Utilities;72.27
2022-10-27;Energy;33.38
2022-10-27;basic materials;52.1
2022-10-27;CONSUMER CYCLICAL;49.34
2022-10-27;Communication Services;50.21
2022-10-27;REAL ESTATE;37.58
2022-10-27;Technology;51.26
2022-10-27;industrials;63.78
2022-10-27;  Healthcare ;58.74
2022-10-27;CRYPTO;32.12
2022-10-28;Financial Services;45.15
2022-10-28;Utilities;58.28
2022-10-28;Energy;74.03
2022-10-28;  Basic Materials ;61.77
2022-10-28;Consumer Cyclical;42.49
2022-10-28;Communication Services;64.06
2022-10-28;REAL ESTATE;42.43
2022-10-28;TECHNOLOGY;50.31
2022-10-28;industrials;49.89
2022-10-28;healthcare;52.39
2022-10-28;CRYPTO;63.23
2022-10-31;Financial Services;42.07
2022-10-31;UTILITIES;77.02
2022-10-31;  Energy ;45.09
2022-10-31;Basic Materials;58.96
2022-10-31;Consumer Cyclical;57.37
2022-10-31;communication services;65.5
2022-10-31;Real Estate;43.91
2022-10-31;Technology;51.35
2022-10-31;industrials;54.07
2022-10-31;healthcare;48.56
2022-10-31;CRYPTO;43.15
2022-11-01;Financial Services;68.5
2022-11-01;utilities;43.73
2022-11-01;Energy;68.11
2022-11-01;  Basic Materials ;66.15
2022-11-01;Consumer Cyclical;56.88
2022-11-01;Communication Services;50.57
2022-11-01;REAL ESTATE;58.38
2022-11-01;  Technology ;75.37
2022-11-01;Industrials;67.85
2022-11-01;HEALTHCARE;50.13
2022-11-01;Crypto;83.13
2022-11-02;Financial Services;65.08
2022-11-02;utilities;57.17
2022-11-02;  Energy ;73.85
2022-11-02;BASIC MATERIALS;39.58
2022-11-02;Consumer Cyclical;65.34
2022-11-02;  Communication Services ;46.89
2022-11-02;REAL ESTATE;63.24
2022-11-02;Technology;64.98
2022-11-02;Industrials;71.39
2022-11-02;Healthcare;53.55
2022-11-02;Crypto;68.27
2022-11-03;Financial Services;73.93
2022-11-03;Utilities;23.62
2022-11-03;Energy;41.83
2022-11-03;basic materials;55.19
2022-11-03;Consumer Cyclical;42.22
2022-11-03;Communication Services;54.54
2022-11-03;REAL ESTATE;59.71
2022-11-03;  Technology ;29.2
2022-11-03;industrials;61.38
2022-11-03;  Healthcare ;57.08
2022-11-03;crypto;49.99
2022-11-04;financial services;74.59
2022-11-04;Utilities;51.62
2022-11-04;energy;62.16
2022-11-04;BASIC MATERIALS;60.79
2022-11-04;CONSUMER CYCLICAL;51.64
2022-11-04;Communication Services;49.72
2022-11-04;Real Estate;51.0
2022-11-04;  Technology ;47.37
2022-11-04;industrials;38.5
2022-11-04;Healthcare;19.78
2022-11-04;CRYPTO;43.75
2022-11-07;  Financial Services ;37.21
2022-11-07;utilities;39.06
2022-11-07;ENERGY;58.41
2022-11-07;Basic Materials;74.15
2022-11-07;CONSUMER CYCLICAL;45.43
2022-11-07;  Communication Services ;64.73
2022-11-07;REAL ESTATE;83.66
2022-11-07;Technology;74.61
2022-11-07;industrials;44.45
2022-11-07;Healthcare;57.03
2022-11-07;CRYPTO;67.99
2022-11-08;financial services;58.81
2022-11-08;UTILITIES;47.61
2022-11-08;Energy;39.64
2022-11-08;BASIC MATERIALS;74.81
2022-11-08;consumer cyclical;56.49
2022-11-08;communication services;54.67
2022-11-08;Real Estate;56.47
2022-11-08;TECHNOLOGY;32.42
2022-11-08;INDUSTRIALS;63.75
2022-11-08;Healthcare;75.59
2022-11-08;crypto;58.52
2022-11-09;FINANCIAL SERVICES;61.86
2022-11-09;Utilities;40.86
2022-11-09;ENERGY;52.95
2022-11-09;Basic Materials;52.16
2022-11-09;consumer cyclical;65.68
2022-11-09;Communication Services;42.09
2022-11-09;REAL ESTATE;43.4
2022-11-09;Technology;64.45
2022-11-09;Industrials;52.13
2022-11-09;Healthcare;57.48
2022-11-09;Crypto;49.61
2022-11-10;Financial Services;31.71
2022-11-10;Utilities;42.9
2022-11-10;  Energy ;37.66
2022-11-10;Basic Materials;29.67
2022-11-10;Consumer Cyclical;56.53
2022-11-10;COMMUNICATION SERVICES;44.16
2022-11-10;REAL ESTATE;53.17
2022-11-10;TECHNOLOGY;63.59
2022-11-10;industrials;62.5
2022-11-10;Healthcare;66.64
2022-11-10;  Crypto ;75.76
2022-11-11;Financial Services;30.35
2022-11-11;utilities;55.2
2022-11-11;ENERGY;17.6
2022-11-11;basic materials;74.75
2022-11-11;consumer cyclical;58.13
2022-11-11;COMMUNICATION SERVICES;29.77
2022-11-11;Real Estate;67.37
2022-11-11;TECHNOLOGY;22.45
2022-11-11;industrials;60.38
2022-11-11;Healthcare;35.93
2022-11-11;CRYPTO;54.12
2022-11-14;financial services;27.9
2022-11-14;  Utilities ;42.42
2022-11-14;Energy;55.29
2022-11-14;Basic Materials;85.32
2022-11-14;  Consumer Cyclical ;50.82
2022-11-14;COMMUNICATION SERVICES;61.32
2022-11-14;real estate;36.72
2022-11-14;Technology;57.7
2022-11-14;Industrials;52.46
2022-11-14;Healthcare;60.76
2022-11-14;CRYPTO;54.93
2022-11-15;financial services;51.73
2022-11-15;utilities;48.22
2022-11-15;ENERGY;40.76
2022-11-15;Basic Materials;56.84
2022-11-15;consumer cyclical;68.0
2022-11-15;COMMUNICATION SERVICES;37.61
2022-11-15;REAL ESTATE;54.31
2022-11-15;technology;42.22
2022-11-15;Industrials;48.05
2022-11-15;Healthcare;73.69
2022-11-15;Crypto;48.86
2022-11-16;Financial Services;25.89
2022-11-16;  Utilities ;67.43
2022-11-16;Energy;58.12
2022-11-16;BASIC MATERIALS;46.6
2022-11-16;Consumer Cyclical;54.64
2022-11-16;COMMUNICATION SERVICES;53.06
2022-11-16;Real Estate;49.64
2022-11-16;Technology;52.76
2022-11-16;  Industrials ;60.99
2022-11-16;healthcare;34.39
2022-11-16;CRYPTO;32.07
2022-11-17;financial services;37.19
2022-11-17;utilities;45.9
2022-11-17;ENERGY;29.55
2022-11-17;Basic Materials;72.41
2022-11-17;Consumer Cyclical;62.68
2022-11-17;  Communication Services ;32.59
2022-11-17;  Real Estate ;26.4
2022-11-17;TECHNOLOGY;33.44
2022-11-17;INDUSTRIALS;52.68
2022-11-17;HEALTHCARE;46.28
2022-11-17;crypto;63.47
2022-11-18;Financial Services;46.1
2022-11-18;UTILITIES;43.67
2022-11-18;ENERGY;19.18
2022-11-18;  Basic Materials ;59.12
2022-11-18;Consumer Cyclical;42.87
2022-11-18;COMMUNICATION SERVICES;63.67
2022-11-18;Real Estate;49.76
2022-11-18;Technology;40.27
2022-11-18;Industrials;50.67
2022-11-18;HEALTHCARE;56.01
2022-11-18;  Crypto ;32.34
2022-11-21;Financial Services;54.53
2022-11-21;UTILITIES;39.36
2022-11-21;ENERGY;47.62
2022-11-21;basic materials;67.48
2022-11-21;  Consumer Cyclical ;70.25
2022-11-21;communication services;61.74
2022-11-21;REAL ESTATE;56.21
2022-11-21;  Technology ;53.75
2022-11-21;industrials;66.12
2022-11-21;  Healthcare ;41.06
2022-11-21;Crypto;71.49
2022-11-22;FINANCIAL SERVICES;76.45
2022-11-22;Utilities;40.68
2022-11-22;Energy;36.17
2022-11-22;BASIC MATERIALS;44.16
2022-11-22;  Consumer Cyclical ;52.28
2022-11-22;COMMUNICATION SERVICES;33.58
2022-11-22;REAL ESTATE;47.11
2022-11-22;  Technology ;86.05
2022-11-22;Industrials;62.43
2022-11-22;HEALTHCARE;61.45
2022-11-22;Crypto;57.17
2022-11-23;  Financial Services ;65.43
2022-11-23;Utilities;49.82
2022-11-23;energy;66.78
2022-11-23;Basic Materials;58.07
2022-11-23;Consumer Cyclical;64.5
2022-11-23;  Communication Services ;44.45
2022-11-23;Real Estate;54.24
2022-11-23;TECHNOLOGY;60.85
2022-11-23;industrials;45.92
2022-11-23;Healthcare;42.84
2022-11-23;  Crypto ;62.49
2022-11-24;Financial Services;45.37
2022-11-24;Utilities;54.99
2022-11-24;Energy;51.28
2022-11-24;Basic Materials;60.59
2022-11-24;CONSUMER CYCLICAL;36.93
2022-11-24;Communication Services;51.8
2022-11-24;Real Estate;46.36
2022-11-24;technology;44.46
2022-11-24;INDUSTRIALS;44.79
2022-11-24;HEALTHCARE;39.1
2022-11-24;CRYPTO;23.43
2022-11-25;Financial Services;47.37
2022-11-25;Utilities;54.49
2022-11-25;Energy;37.07
2022-11-25;Basic Materials;42.49
2022-11-25;CONSUMER CYCLICAL;82.91
2022-11-25;Communication Services;49.96
2022-11-25;Real Estate;75.68
2022-11-25;Technology;27.23
2022-11-25;Industrials;49.36
2022-11-25;  Healthcare ;46.39
2022-11-25;crypto;55.34
2022-11-28;FINANCIAL SERVICES;55.05
2022-11-28;utilities;46.91
2022-11-28;Energy;42.36
2022-11-28;Basic Materials;41.58
2022-11-28;Consumer Cyclical;55.13
2022-11-28;communication services;56.51
2022-11-28;Real Estate;27.78
2022-11-28;Technology;53.79
2022-11-28;Industrials;33.54
2022-11-28;Healthcare;18.86
2022-11-28;crypto;47.58
2022-11-29;financial services;49.51
2022-11-29;Utilities;41.15
2022-11-29;Energy;58.65
2022-11-29;Basic Materials;33.07
2022-11-29;consumer cyclical;48.37
2022-11-29;communication services;49.49
2022-11-29;  Real Estate ;52.98
2022-11-29;TECHNOLOGY;50.15
2022-11-29;industrials;64.74
2022-11-29;Healthcare;54.01
2022-11-29;Crypto;65.94
2022-11-30;Financial Services;75.14
2022-11-30;UTILITIES;59.8
2022-11-30;ENERGY;83.82
2022-11-30;Basic Materials;42.59
2022-11-30;Consumer Cyclical;45.46
2022-11-30;Communication Services;44.79
2022-11-30;Real Estate;60.61
2022-11-30;Technology;28.89
2022-11-30;Industrials;58.7
2022-11-30;healthcare;31.4
2022-11-30;  Crypto ;65.92
2022-12-01;FINANCIAL SERVICES;47.04
2022-12-01;Utilities;57.35
2022-12-01;Energy;62.61
2022-12-01;basic materials;46.7
2022-12-01;CONSUMER CYCLICAL;71.42
2022-12-01;  Communication Services ;45.86
2022-12-01;Real Estate;44.08
2022-12-01;Technology;55.96
2022-12-01;Industrials;55.4
2022-12-01;Healthcare;47.97
2022-12-01;crypto;35.37
2022-12-02;Financial Services;31.78
2022-12-02;utilities;50.64
2022-12-02;  Energy ;39.47
2022-12-02;BASIC MATERIALS;62.97
2022-12-02;CONSUMER CYCLICAL;53.35
2022-12-02;communication services;39.42
2022-12-02;  Real Estate ;72.19
2022-12-02;technology;62.59
2022-12-02;Industrials;56.79
2022-12-02;Healthcare;45.41
2022-12-02;Crypto;34.79
2022-12-05;  Financial Services ;67.66
2022-12-05;utilities;50.86
2022-12-05;Energy;50.44
2022-12-05;Basic Materials;65.2
2022-12-05;CONSUMER CYCLICAL;18.95
2022-12-05;COMMUNICATION SERVICES;10.2
2022-12-05;real estate;58.7
2022-12-05;Technology;58.92
2022-12-05;Industrials;39.47
2022-12-05;healthcare;58.49
2022-12-05;crypto;41.47
2022-12-06;Financial Services;59.1
2022-12-06;Utilities;43.81
2022-12-06;Energy;41.59
2022-12-06;  Basic Materials ;56.09
2022-12-06;Consumer Cyclical;38.56
2022-12-06;Communication Services;48.42
2022-12-06;Real Estate;55.7
2022-12-06;  Technology ;51.15
2022-12-06;Industrials;48.14
2022-12-06;  Healthcare ;73.76
2022-12-06;Crypto;59.94
2022-12-07;  Financial Services ;41.34
2022-12-07;Utilities;50.73
2022-12-07;  Energy ;47.95
2022-12-07;  Basic Materials ;67.57
2022-12-07;Consumer Cyclical;66.5
2022-12-07;COMMUNICATION SERVICES;54.36
2022-12-07;REAL ESTATE;49.38
2022-12-07;TECHNOLOGY;72.96
2022-12-07;INDUSTRIALS;53.43
2022-12-07;Healthcare;40.17
2022-12-07;Crypto;54.06
2022-12-08;Financial Services;32.36
2022-12-08;Utilities;57.77
2022-12-08;Energy;51.28
2022-12-08;basic materials;46.2
2022-12-08;consumer cyclical;52.19
2022-12-08;communication services;44.34
2022-12-08;Real Estate;35.75
2022-12-08;Technology;64.57
2022-12-08;Industrials;78.19
2022-12-08;Healthcare;32.94
2022-12-08;  Crypto ;54.13
2022-12-09;Financial Services;54.59
2022-12-09;Utilities;46.81
2022-12-09;  Energy ;45.65
2022-12-09;BASIC MATERIALS;55.4
2022-12-09;  Consumer Cyclical ;43.71
2022-12-09;Communication Services;38.75
2022-12-09;Real Estate;24.3
2022-12-09;  Technology ;57.34
2022-12-09;Industrials;36.26
2022-12-09;healthcare;24.36
2022-12-09;CRYPTO;52.24
2022-12-12;financial services;55.12
2022-12-12;  Utilities ;29.38
2022-12-12;ENERGY;45.42
2022-12-12;  Basic Materials ;29.95
2022-12-12;Consumer Cyclical;28.57
2022-12-12;COMMUNICATION SERVICES;60.89
2022-12-12;  Real Estate ;60.46
2022-12-12;technology;41.73
2022-12-12;  Industrials ;52.23
2022-12-12;Healthcare;75.16
2022-12-12;CRYPTO;47.87
2022-12-13;  Financial Services ;35.34
2022-12-13;  Utilities ;57.5
2022-12-13;  Energy ;54.15
2022-12-13;  Basic Materials ;35.94
2022-12-13;consumer cyclical;14.0
2022-12-13;COMMUNICATION SERVICES;33.9
2022-12-13;REAL ESTATE;58.69
2022-12-13;Technology;48.92
2022-12-13;INDUSTRIALS;65.34
2022-12-13;Healthcare;57.06
2022-12-13;crypto;47.85
2022-12-14;financial services;45.8
2022-12-14;UTILITIES;58.76
2022-12-14;Energy;53.28
2022-12-14;BASIC MATERIALS;47.26
2022-12-14;Consumer Cyclical;57.42
2022-12-14;Communication Services;38.04
2022-12-14;REAL ESTATE;44.54
2022-12-14;technology;74.28
2022-12-14;INDUSTRIALS;58.25
2022-12-14;HEALTHCARE;90.64
2022-12-14;  Crypto ;35.05
2022-12-15;Financial Services;52.54
2022-12-15;UTILITIES;69.24
2022-12-15;  Energy ;64.81
2022-12-15;Basic Materials;60.96
2022-12-15;Consumer Cyclical;50.23
2022-12-15;  Communication Services ;52.14
2022-12-15;  Real Estate ;56.81
2022-12-15;Technology;58.41
2022-12-15;  Industrials ;44.42
2022-12-15;  Healthcare ;71.79
2022-12-15;Crypto;69.5
2022-12-16;financial services;32.82
2022-12-16;UTILITIES;24.12
2022-12-16;Energy;50.05
2022-12-16;BASIC MATERIALS;54.37
2022-12-16;  Consumer Cyclical ;42.12
2022-12-16;Communication Services;33.5
2022-12-16;REAL ESTATE;57.88
2022-12-16;Technology;47.21
2022-12-16;industrials;47.24
2022-12-16;Healthcare;54.59
2022-12-16;CRYPTO;58.17
2022-12-19;FINANCIAL SERVICES;59.17
2022-12-19;UTILITIES;52.66
2022-12-19;ENERGY;50.04
2022-12-19;  Basic Materials ;45.63
2022-12-19;consumer cyclical;36.51
2022-12-19;Communication Services;58.59
2022-12-19;real estate;34.92
2022-12-19;Technology;16.58
2022-12-19;industrials;50.34
2022-12-19;healthcare;14.89
2022-12-19;crypto;59.56
2022-12-20;FINANCIAL SERVICES;55.97
2022-12-20;  Utilities ;30.08
2022-12-20;  Energy ;43.88
2022-12-20;  Basic Materials ;49.62
2022-12-20;consumer cyclical;45.93
2022-12-20;communication services;47.86
2022-12-20;  Real Estate ;60.37
2022-12-20;  Technology ;51.75
2022-12-20;INDUSTRIALS;36.02
2022-12-20;healthcare;35.9
2022-12-20;CRYPTO;51.77
2022-12-21;FINANCIAL SERVICES;40.04
2022-12-21;utilities;65.14
2022-12-21;Energy;74.58
2022-12-21;  Basic Materials ;58.9
2022-12-21;CONSUMER CYCLICAL;52.5
2022-12-21;Communication Services;14.31
2022-12-21;REAL ESTATE;60.47
2022-12-21;TECHNOLOGY;43.71
2022-12-21;Industrials;61.51
2022-12-21;healthcare;59.87
2022-12-21;crypto;35.75
2022-12-22;FINANCIAL SERVICES;50.35
2022-12-22;Utilities;45.76
2022-12-22;ENERGY;59.16
2022-12-22;  Basic Materials ;45.32
2022-12-22;Consumer Cyclical;68.52
2022-12-22;communication services;60.01
2022-12-22;REAL ESTATE;29.16
2022-12-22;Technology;41.59
2022-12-22;INDUSTRIALS;47.08
2022-12-22;HEALTHCARE;52.23
2022-12-22;CRYPTO;35.24
2022-12-23;Financial Services;29.87
2022-12-23;UTILITIES;31.98
2022-12-23;ENERGY;45.68
2022-12-23;BASIC MATERIALS;42.54
2022-12-23;consumer cyclical;49.04
2022-12-23;communication services;38.02
2022-12-23;Real Estate;60.46
2022-12-23;Technology;31.38
2022-12-23;INDUSTRIALS;70.3
2022-12-23;Healthcare;66.83
2022-12-23;CRYPTO;67.58
2022-12-27;  Financial Services ;53.86
2022-12-27;UTILITIES;47.53
2022-12-27;  Energy ;67.8
2022-12-27;Basic Materials;33.85
2022-12-27;consumer cyclical;51.43
2022-12-27;COMMUNICATION SERVICES;60.74
2022-12-27;real estate;50.19
2022-12-27;TECHNOLOGY;43.83
2022-12-27;  Industrials ;49.87
2022-12-27;HEALTHCARE;49.11
2022-12-27;Crypto;39.31
2022-12-28;FINANCIAL SERVICES;48.42
2022-12-28;UTILITIES;36.68
2022-12-28;Energy;49.11
2022-12-28;BASIC MATERIALS;77.12
2022-12-28;Consumer Cyclical;42.48
2022-12-28;Communication Services;61.86
2022-12-28;Real Estate;41.13
2022-12-28;TECHNOLOGY;57.25
2022-12-28;  Industrials ;71.17
2022-12-28;  Healthcare ;47.04
2022-12-28;CRYPTO;47.61
2022-12-29;FINANCIAL SERVICES;54.67
2022-12-29;Utilities;60.38
2022-12-29;Energy;65.28
2022-12-29;  Basic Materials ;40.6
2022-12-29;  Consumer Cyclical ;61.93
2022-12-29;  Communication Services ;41.78
2022-12-29;Real Estate;54.92
2022-12-29;TECHNOLOGY;55.18
2022-12-29;INDUSTRIALS;39.35
2022-12-29;Healthcare;42.97
2022-12-29;CRYPTO;51.04
2022-12-30;  Financial Services ;52.01
2022-12-30;UTILITIES;44.05
2022-12-30;Energy;63.88
2022-12-30;Basic Materials;57.78
2022-12-30;CONSUMER CYCLICAL;46.75
2022-12-30;Communication Services;53.54
2022-12-30;Real Estate;40.52
2022-12-30;  Technology ;63.51
2022-12-30;Industrials;45.25
2022-12-30;HEALTHCARE;73.77
2022-12-30;  Crypto ;45.03
2023-01-02;financial services;48.31
2023-01-02;Utilities;38.47
2023-01-02;Energy;48.87
2023-01-02;BASIC MATERIALS;59.82
2023-01-02;Consumer Cyclical;48.92
2023-01-02;communication services;56.89
2023-01-02;real estate;38.69
2023-01-02;Technology;45.82
2023-01-02;industrials;47.62
2023-01-02;Healthcare;43.68
2023-01-02;CRYPTO;47.37
2023-01-03;Financial Services;71.22
2023-01-03;utilities;55.12
2023-01-03;energy;40.46
2023-01-03;BASIC MATERIALS;65.97
2023-01-03;Consumer Cyclical;61.99
2023-01-03;Communication Services;74.25
2023-01-03;Real Estate;42.07
2023-01-03;  Technology ;52.73
2023-01-03;INDUSTRIALS;55.45
2023-01-03;Healthcare;67.91
2023-01-03;Crypto;55.88
2023-01-04;FINANCIAL SERVICES;52.71
2023-01-04;utilities;31.61
2023-01-04;  Energy ;54.04
2023-01-04;  Basic Materials ;57.67
2023-01-04;Consumer Cyclical;67.89
2023-01-04;COMMUNICATION SERVICES;62.32
2023-01-04;real estate;44.17
2023-01-04;  Technology ;39.84
2023-01-04;INDUSTRIALS;39.52
2023-01-04;  Healthcare ;47.43
2023-01-04;  Crypto ;62.44
2023-01-05;Financial Services;68.66
2023-01-05;Utilities;65.49
2023-01-05;ENERGY;24.76
2023-01-05;Basic Materials;55.19
2023-01-05;consumer cyclical;62.62
2023-01-05;communication services;61.5
2023-01-05;  Real Estate ;54.37
2023-01-05;TECHNOLOGY;31.54
2023-01-05;INDUSTRIALS;55.39
2023-01-05;HEALTHCARE;45.18
2023-01-05;crypto;66.02
2023-01-06;  Financial Services ;42.86
2023-01-06;Utilities;56.63
2023-01-06;Energy;39.8
2023-01-06;  Basic Materials ;51.92
2023-01-06;CONSUMER CYCLICAL;44.95
2023-01-06;COMMUNICATION SERVICES;66.6
2023-01-06;real estate;62.98
2023-01-06;Technology;68.63
2023-01-06;  Industrials ;43.77
2023-01-06;healthcare;70.27
2023-01-06;  Crypto ;35.97
2023-01-09;FINANCIAL SERVICES;43.72
2023-01-09;utilities;42.15
2023-01-09;energy;58.18
2023-01-09;basic materials;44.8
2023-01-09;Consumer Cyclical;55.06
2023-01-09;communication services;53.55
2023-01-09;Real Estate;59.21
2023-01-09;Technology;65.43
2023-01-09;INDUSTRIALS;34.92
2023-01-09;Healthcare;48.18
2023-01-09;Crypto;61.78
2023-01-10;FINANCIAL SERVICES;50.9
2023-01-10;utilities;36.33
2023-01-10;energy;44.5
2023-01-10;Basic Materials;65.86
2023-01-10;Consumer Cyclical;46.11
2023-01-10;communication services;50.11
2023-01-10;Real Estate;48.0
2023-01-10;TECHNOLOGY;21.22
2023-01-10;Industrials;51.29
2023-01-10;healthcare;42.14
2023-01-10;  Crypto ;58.76
2023-01-11;Financial Services;67.38
2023-01-11;Utilities;73.15
2023-01-11;Energy;63.44
2023-01-11;Basic Materials;57.42
2023-01-11;Consumer Cyclical;56.97
2023-01-11;communication services;62.82
2023-01-11;REAL ESTATE;34.09
2023-01-11;TECHNOLOGY;55.85
2023-01-11;INDUSTRIALS;36.03
2023-01-11;Healthcare;27.61
2023-01-11;  Crypto ;48.17
2023-01-12;financial services;39.56
2023-01-12;UTILITIES;57.83
2023-01-12;Energy;43.83
2023-01-12;  Basic Materials ;52.72
2023-01-12;CONSUMER CYCLICAL;54.15
2023-01-12;communication services;37.09
2023-01-12;REAL ESTATE;51.97
2023-01-12;Technology;46.86
2023-01-12;INDUSTRIALS;52.04
2023-01-12;healthcare;58.55
2023-01-12;Crypto;78.94
2023-01-13;FINANCIAL SERVICES;68.38
2023-01-13;Utilities;67.31
2023-01-13;Energy;74.71
2023-01-13;basic materials;60.52
2023-01-13;CONSUMER CYCLICAL;76.5
2023-01-13;  Communication Services ;53.21
2023-01-13;Real Estate;49.98
2023-01-13;Technology;52.54
2023-01-13;INDUSTRIALS;59.89
2023-01-13;HEALTHCARE;41.07
2023-01-13;CRYPTO;54.88
2023-01-16;FINANCIAL SERVICES;61.3
2023-01-16;UTILITIES;40.04
2023-01-16;ENERGY;62.76
2023-01-16;  Basic Materials ;38.42
2023-01-16;CONSUMER CYCLICAL;59.38
2023-01-16;communication services;50.13
2023-01-16;  Real Estate ;46.48
2023-01-16;Technology;68.73
2023-01-16;industrials;54.44
2023-01-16;healthcare;65.09
2023-01-16;Crypto;58.31
2023-01-17;Financial Services;36.79
2023-01-17;utilities;51.03
2023-01-17;Energy;64.94
2023-01-17;Basic Materials;45.92
2023-01-17;CONSUMER CYCLICAL;46.51
2023-01-17;COMMUNICATION SERVICES;57.18
2023-01-17;Real Estate;63.1
2023-01-17;Technology;71.78
2023-01-17;Industrials;63.45
2023-01-17;HEALTHCARE;37.25
2023-01-17;Crypto;50.84
2023-01-18;FINANCIAL SERVICES;45.72
2023-01-18;Utilities;71.69
2023-01-18;ENERGY;46.66
2023-01-18;basic materials;42.66
2023-01-18;Consumer Cyclical;57.28
2023-01-18;communication services;41.55
2023-01-18;  Real Estate ;46.01
2023-01-18;technology;18.71
2023-01-18;Industrials;54.26
2023-01-18;Healthcare;43.52
2023-01-18;crypto;38.44
2023-01-19;Financial Services;52.77
2023-01-19;utilities;41.79
2023-01-19;energy;45.49
2023-01-19;BASIC MATERIALS;40.73
2023-01-19;Consumer Cyclical;61.17
2023-01-19;Communication Services;60.4
2023-01-19;real estate;40.7
2023-01-19;  Technology ;33.47
2023-01-19;INDUSTRIALS;52.8
2023-01-19;  Healthcare ;50.34
2023-01-19;Crypto;76.18
2023-01-20;FINANCIAL SERVICES;26.95
2023-01-20;utilities;38.42
2023-01-20;ENERGY;60.86
2023-01-20;Basic Materials;38.08
2023-01-20;consumer cyclical;51.12
2023-01-20;COMMUNICATION SERVICES;48.04
2023-01-20;  Real Estate ;56.67
2023-01-20;technology;49.74
2023-01-20;Industrials;41.64
2023-01-20;healthcare;46.87
2023-01-20;crypto;43.53
2023-01-23;financial services;42.3
2023-01-23;Utilities;50.0
2023-01-23;Energy;50.8
2023-01-23;basic materials;54.66
2023-01-23;consumer cyclical;37.82
2023-01-23;Communication Services;43.51
2023-01-23;Real Estate;57.57
2023-01-23;TECHNOLOGY;60.82
2023-01-23;Industrials;52.72
2023-01-23;healthcare;61.86
2023-01-23;  Crypto ;44.6
2023-01-24;Financial Services;49.32
2023-01-24;Utilities;65.06
2023-01-24;ENERGY;52.38
2023-01-24;Basic Materials;60.41
2023-01-24;Consumer Cyclical;53.96
2023-01-24;COMMUNICATION SERVICES;48.67
2023-01-24;Real Estate;57.07
2023-01-24;Technology;37.62
2023-01-24;industrials;45.53
2023-01-24;HEALTHCARE;57.99
2023-01-24;Crypto;32.05
2023-01-25;Financial Services;61.08
2023-01-25;  Utilities ;45.15
2023-01-25;ENERGY;53.39
2023-01-25;BASIC MATERIALS;66.05
2023-01-25;Consumer Cyclical;35.98
2023-01-25;communication services;42.9
2023-01-25;real estate;42.48
2023-01-25;Technology;58.61
2023-01-25;  Industrials ;63.37
2023-01-25;Healthcare;49.59
2023-01-25;Crypto;54.39
2023-01-26;Financial Services;47.27
2023-01-26;Utilities;53.79
2023-01-26;  Energy ;43.12
2023-01-26;basic materials;40.9
2023-01-26;CONSUMER CYCLICAL;57.01
2023-01-26;Communication Services;53.55
2023-01-26;  Real Estate ;54.6
2023-01-26;  Technology ;73.19
2023-01-26;Industrials;67.97
2023-01-26;Healthcare;67.6
2023-01-26;CRYPTO;46.07
2023-01-27;FINANCIAL SERVICES;60.45
2023-01-27;Utilities;55.16
2023-01-27;Energy;68.04
2023-01-27;BASIC MATERIALS;65.84
2023-01-27;  Consumer Cyclical ;60.73
2023-01-27;Communication Services;34.82
2023-01-27;REAL ESTATE;48.17
2023-01-27;Technology;52.76
2023-01-27;INDUSTRIALS;56.87
2023-01-27;Healthcare;43.79
2023-01-27;Crypto;61.09
2023-01-30;FINANCIAL SERVICES;24.04
2023-01-30;Utilities;37.29
2023-01-30;ENERGY;46.06
2023-01-30;basic materials;67.67
2023-01-30;CONSUMER CYCLICAL;37.93
2023-01-30;Communication Services;69.74
2023-01-30;REAL ESTATE;52.76
2023-01-30;technology;48.26
2023-01-30;Industrials;65.5
2023-01-30;healthcare;48.78
2023-01-30;  Crypto ;53.32
2023-01-31;FINANCIAL SERVICES;46.01
2023-01-31;UTILITIES;46.82
2023-01-31;energy;46.64
2023-01-31;basic materials;25.71
2023-01-31;Consumer Cyclical;43.29
2023-01-31;Communication Services;54.1
2023-01-31;  Real Estate ;44.98
2023-01-31;Technology;36.79
2023-01-31;INDUSTRIALS;31.23
2023-01-31;Healthcare;45.55
2023-01-31;CRYPTO;42.44
2023-02-01;FINANCIAL SERVICES;42.3
2023-02-01;Utilities;55.6
2023-02-01;energy;40.5
2023-02-01;BASIC MATERIALS;61.52
2023-02-01;Consumer Cyclical;39.95
2023-02-01;COMMUNICATION SERVICES;55.13
2023-02-01;Real Estate;35.22
2023-02-01;Technology;46.91
2023-02-01;Industrials;50.48
2023-02-01;Healthcare;26.64
2023-02-01;crypto;65.95
2023-02-02;  Financial Services ;67.95
2023-02-02;utilities;35.3
2023-02-02;ENERGY;43.23
2023-02-02;Basic Materials;49.67
2023-02-02;  Consumer Cyclical ;58.78
2023-02-02;communication services;47.31
2023-02-02;Real Estate;38.17
2023-02-02;Technology;52.09
2023-02-02;INDUSTRIALS;47.98
2023-02-02;Healthcare;48.15
2023-02-02;Crypto;44.08
2023-02-03;financial services;49.36
2023-02-03;Utilities;35.47
2023-02-03;energy;30.96
2023-02-03;  Basic Materials ;62.83
2023-02-03;Consumer Cyclical;82.4
2023-02-03;communication services;60.57
2023-02-03;REAL ESTATE;66.15
2023-02-03;TECHNOLOGY;55.45
2023-02-03;INDUSTRIALS;55.36
2023-02-03;  Healthcare ;70.08
2023-02-03;Crypto;30.76
2023-02-06;Financial Services;50.8
2023-02-06;UTILITIES;53.7
2023-02-06;ENERGY;32.61
2023-02-06;Basic Materials;67.95
2023-02-06;Consumer Cyclical;51.74
2023-02-06;Communication Services;44.08
2023-02-06;real estate;65.53
2023-02-06;Technology;73.68
2023-02-06;INDUSTRIALS;46.09
2023-02-06;Healthcare;72.94
2023-02-06;Crypto;54.31
2023-02-07;  Financial Services ;67.44
2023-02-07;Utilities;43.23
2023-02-07;Energy;45.81
2023-02-07;Basic Materials;50.92
2023-02-07;consumer cyclical;36.39
2023-02-07;  Communication Services ;58.54
2023-02-07;real estate;44.9
2023-02-07;Technology;55.94
2023-02-07;industrials;76.22
2023-02-07;HEALTHCARE;36.23
2023-02-07;CRYPTO;17.38
2023-02-08;Financial Services;41.95
2023-02-08;Utilities;67.95
2023-02-08;energy;49.47
2023-02-08;Basic Materials;52.55
2023-02-08;CONSUMER CYCLICAL;45.95
2023-02-08;COMMUNICATION SERVICES;66.15
2023-02-08;REAL ESTATE;63.05
2023-02-08;technology;40.86
2023-02-08;industrials;59.2
2023-02-08;healthcare;65.2
2023-02-08;Crypto;32.99
2023-02-09;Financial Services;27.88
2023-02-09;Utilities;37.95
2023-02-09;Energy;43.95
2023-02-09;Basic Materials;57.68
2023-02-09;Consumer Cyclical;51.46
2023-02-09;Communication Services;49.67
2023-02-09;  Real Estate ;69.6
2023-02-09;Technology;89.31
2023-02-09;Industrials;33.79
2023-02-09;HEALTHCARE;51.16
2023-02-09;CRYPTO;51.99
2023-02-10;financial services;36.89
2023-02-10;Utilities;38.68
2023-02-10;Energy;58.57
2023-02-10;BASIC MATERIALS;42.36
2023-02-10;  Consumer Cyclical ;49.82
2023-02-10;COMMUNICATION SERVICES;40.16
2023-02-10;REAL ESTATE;64.69
2023-02-10;Technology;60.32
2023-02-10;INDUSTRIALS;28.65
2023-02-10;Healthcare;57.49
2023-02-10;CRYPTO;45.78
2023-02-13;  Financial Services ;22.26
2023-02-13;Utilities;33.85
2023-02-13;Energy;36.74
2023-02-13;Basic Materials;36.15
2023-02-13;consumer cyclical;42.56
2023-02-13;Communication Services;66.74
2023-02-13;real estate;18.74
2023-02-13;technology;21.12
2023-02-13;INDUSTRIALS;34.98
2023-02-13;Healthcare;47.64
2023-02-13;Crypto;55.35
2023-02-14;Financial Services;41.17
2023-02-14;utilities;60.45
2023-02-14;  Energy ;72.05
2023-02-14;Basic Materials;48.54
2023-02-14;CONSUMER CYCLICAL;43.47
2023-02-14;  Communication Services ;43.45
2023-02-14;Real Estate;68.82
2023-02-14;Technology;45.77
2023-02-14;Industrials;74.3
2023-02-14;healthcare;46.86
2023-02-14;CRYPTO;48.46
2023-02-15;FINANCIAL SERVICES;28.54
2023-02-15;utilities;50.26
2023-02-15;ENERGY;63.7
2023-02-15;BASIC MATERIALS;59.15
2023-02-15;Consumer Cyclical;62.72
2023-02-15;  Communication Services ;47.78
2023-02-15;REAL ESTATE;50.94
2023-02-15;Technology;72.01
2023-02-15;INDUSTRIALS;67.86
2023-02-15;HEALTHCARE;41.34
2023-02-15;CRYPTO;64.84
2023-02-16;Financial Services;54.65
2023-02-16;  Utilities ;69.03
2023-02-16;Energy;56.0
2023-02-16;  Basic Materials ;60.0
2023-02-16;CONSUMER CYCLICAL;36.34
2023-02-16;COMMUNICATION SERVICES;67.86
2023-02-16;Real Estate;50.56
2023-02-16;technology;52.56
2023-02-16;industrials;63.8
2023-02-16;Healthcare;42.61
2023-02-16;Crypto;23.33
2023-02-17;  Financial Services ;64.33
2023-02-17;UTILITIES;54.61
2023-02-17;ENERGY;45.56
2023-02-17;BASIC MATERIALS;58.01
2023-02-17;consumer cyclical;31.6
2023-02-17;COMMUNICATION SERVICES;55.84
2023-02-17;REAL ESTATE;51.53
2023-02-17;TECHNOLOGY;30.73
2023-02-17;industrials;57.58
2023-02-17;healthcare;52.63
2023-02-17;crypto;66.35
2023-02-20;Financial Services;50.16
2023-02-20;  Utilities ;51.54
2023-02-20;  Energy ;38.13
2023-02-20;basic materials;41.59
2023-02-20;CONSUMER CYCLICAL;42.58
2023-02-20;Communication Services;61.09
2023-02-20;REAL ESTATE;52.96
2023-02-20;Technology;56.21
2023-02-20;Industrials;52.93
2023-02-20;Healthcare;54.77
2023-02-20;crypto;58.34
2023-02-21;Financial Services;52.56
2023-02-21;Utilities;40.99
2023-02-21;Energy;67.25
2023-02-21;basic materials;43.27
2023-02-21;Consumer Cyclical;64.58
2023-02-21;COMMUNICATION SERVICES;40.17
2023-02-21;REAL ESTATE;64.82
2023-02-21;Technology;56.65
2023-02-21;Industrials;45.63
2023-02-21;Healthcare;53.41
2023-02-21;crypto;51.19
2023-02-22;  Financial Services ;63.01
2023-02-22;  Utilities ;63.73
2023-02-22;energy;28.02
2023-02-22;BASIC MATERIALS;55.87
2023-02-22;CONSUMER CYCLICAL;41.83
2023-02-22;  Communication Services ;41.05
2023-02-22;REAL ESTATE;40.01
2023-02-22;Technology;42.26
2023-02-22;industrials;45.61
2023-02-22;Healthcare;56.81
2023-02-22;Crypto;48.3
2023-02-23;FINANCIAL SERVICES;38.46
2023-02-23;Utilities;37.44
2023-02-23;Energy;47.58
2023-02-23;basic materials;37.4
2023-02-23;CONSUMER CYCLICAL;61.43
2023-02-23;communication services;44.58
2023-02-23;Real Estate;41.14
2023-02-23;Technology;56.46
2023-02-23;Industrials;53.19
2023-02-23;Healthcare;17.37
2023-02-23;crypto;49.62
2023-02-24;financial services;66.9
2023-02-24;UTILITIES;63.18
2023-02-24;energy;48.34
2023-02-24;BASIC MATERIALS;64.38
2023-02-24;  Consumer Cyclical ;57.08
2023-02-24;COMMUNICATION SERVICES;38.33
2023-02-24;REAL ESTATE;38.86
2023-02-24;Technology;64.21
2023-02-24;INDUSTRIALS;50.76
2023-02-24;HEALTHCARE;51.16
2023-02-24;  Crypto ;35.77
2023-02-27;financial services;53.35
2023-02-27;UTILITIES;28.22
2023-02-27;energy;46.6
2023-02-27;Basic Materials;47.12
2023-02-27;consumer cyclical;33.96
2023-02-27;Communication Services;53.92
2023-02-27;Real Estate;52.65
2023-02-27;technology;68.63
2023-02-27;INDUSTRIALS;53.18
2023-02-27;HEALTHCARE;44.03
2023-02-27;Crypto;36.77
2023-02-28;Financial Services;80.78
2023-02-28;Utilities;59.2
2023-02-28;ENERGY;46.12
2023-02-28;basic materials;63.55
2023-02-28;consumer cyclical;46.78
2023-02-28;communication services;63.32
2023-02-28;REAL ESTATE;46.15
2023-02-28;TECHNOLOGY;41.96
2023-02-28;Industrials;57.63
2023-02-28;Healthcare;63.34
2023-02-28;Crypto;42.91
2023-03-01;  Financial Services ;74.57
2023-03-01;Utilities;52.96
2023-03-01;Energy;43.55
2023-03-01;Basic Materials;71.07
2023-03-01;consumer cyclical;59.75
2023-03-01;COMMUNICATION SERVICES;42.0
2023-03-01;REAL ESTATE;50.29
2023-03-01;technology;62.17
2023-03-01;INDUSTRIALS;51.4
2023-03-01;healthcare;34.0
2023-03-01;CRYPTO;10.88
2023-03-02;Financial Services;91.17
2023-03-02;utilities;52.32
2023-03-02;Energy;57.54
2023-03-02;Basic Materials;35.38
2023-03-02;consumer cyclical;41.98
2023-03-02;communication services;39.47
2023-03-02;real estate;33.04
2023-03-02;Technology;58.23
2023-03-02;Industrials;81.69
2023-03-02;healthcare;40.47
2023-03-02;Crypto;69.95
2023-03-03;financial services;35.87
2023-03-03;UTILITIES;68.35
2023-03-03;energy;81.02
2023-03-03;Basic Materials;55.06
2023-03-03;Consumer Cyclical;61.4
2023-03-03;Communication Services;50.88
2023-03-03;REAL ESTATE;58.95
2023-03-03;Technology;64.51
2023-03-03;Industrials;60.69
2023-03-03;  Healthcare ;44.11
2023-03-03;crypto;14.02
2023-03-06;  Financial Services ;77.14
2023-03-06;utilities;38.93
2023-03-06;energy;40.71
2023-03-06;Basic Materials;41.81
2023-03-06;Consumer Cyclical;70.31
2023-03-06;Communication Services;45.74
2023-03-06;Real Estate;56.73
2023-03-06;Technology;48.3
2023-03-06;INDUSTRIALS;57.69
2023-03-06;  Healthcare ;40.58
2023-03-06;Crypto;39.01
2023-03-07;Financial Services;60.42
2023-03-07;Utilities;64.35
2023-03-07;  Energy ;67.76
2023-03-07;BASIC MATERIALS;42.25
2023-03-07;  Consumer Cyclical ;39.48
2023-03-07;communication services;47.03
2023-03-07;Real Estate;57.49
2023-03-07;Technology;63.21
2023-03-07;INDUSTRIALS;39.96
2023-03-07;HEALTHCARE;40.48
2023-03-07;CRYPTO;65.91
2023-03-08;  Financial Services ;51.12
2023-03-08;utilities;46.12
2023-03-08;energy;42.11
2023-03-08;basic materials;56.18
2023-03-08;Consumer Cyclical;29.03
2023-03-08;communication services;80.08
2023-03-08;REAL ESTATE;35.14
2023-03-08;Technology;55.54
2023-03-08;INDUSTRIALS;35.0
2023-03-08;  Healthcare ;29.82
2023-03-08;CRYPTO;47.76
2023-03-09;Financial Services;48.67
2023-03-09;Utilities;62.5
2023-03-09;energy;25.95
2023-03-09;Basic Materials;47.37
2023-03-09;consumer cyclical;58.53
2023-03-09;Communication Services;50.13
2023-03-09;real estate;54.34
2023-03-09;  Technology ;35.9
2023-03-09;industrials;51.31
2023-03-09;HEALTHCARE;41.95
2023-03-09;CRYPTO;38.33
2023-03-10;financial services;41.41
2023-03-10;  Utilities ;26.49
2023-03-10;ENERGY;58.82
2023-03-10;  Basic Materials ;62.26
2023-03-10;Consumer Cyclical;62.82
2023-03-10;COMMUNICATION SERVICES;29.35
2023-03-10;Real Estate;30.19
2023-03-10;technology;32.65
2023-03-10;INDUSTRIALS;39.79
2023-03-10;healthcare;37.51
2023-03-10;Crypto;29.92
2023-03-13;financial services;38.8
2023-03-13;Utilities;52.31
2023-03-13;energy;62.71
2023-03-13;Basic Materials;37.64
2023-03-13;Consumer Cyclical;48.68
2023-03-13;Communication Services;41.82
2023-03-13;REAL ESTATE;58.34
2023-03-13;TECHNOLOGY;54.54
2023-03-13;INDUSTRIALS;53.96
2023-03-13;Healthcare;35.12
2023-03-13;  Crypto ;10.33
2023-03-14;financial services;11.48
2023-03-14;  Utilities ;73.63
2023-03-14;Energy;1.53
2023-03-14;BASIC MATERIALS;27.92
2023-03-14;CONSUMER CYCLICAL;70.57
2023-03-14;communication services;45.38
2023-03-14;REAL ESTATE;56.28
2023-03-14;TECHNOLOGY;28.13
2023-03-14;INDUSTRIALS;46.92
2023-03-14;Healthcare;49.39
2023-03-14;CRYPTO;53.62
2023-03-15;Financial Services;39.39
2023-03-15;Utilities;65.06
2023-03-15;ENERGY;56.84
2023-03-15;  Basic Materials ;56.09
2023-03-15;Consumer Cyclical;54.9
2023-03-15;Communication Services;46.01
2023-03-15;  Real Estate ;64.63
2023-03-15;Technology;78.51
2023-03-15;Industrials;33.92
2023-03-15;HEALTHCARE;45.88
2023-03-15;crypto;68.01
2023-03-16;Financial Services;17.63
2023-03-16;UTILITIES;35.62
2023-03-16;ENERGY;17.69
2023-03-16;basic materials;25.8
2023-03-16;consumer cyclical;31.52
2023-03-16;Communication Services;35.53
2023-03-16;real estate;43.93
2023-03-16;Technology;29.63
2023-03-16;INDUSTRIALS;60.4
2023-03-16;healthcare;41.88
2023-03-16;crypto;66.14
2023-03-17;  Financial Services ;78.32
2023-03-17;Utilities;62.13
2023-03-17;Energy;58.33
2023-03-17;Basic Materials;58.05
2023-03-17;Consumer Cyclical;54.4
2023-03-17;communication services;52.1
2023-03-17;Real Estate;60.99
2023-03-17;TECHNOLOGY;58.29
2023-03-17;Industrials;54.59
2023-03-17;  Healthcare ;38.06
2023-03-17;CRYPTO;45.62
2023-03-20;financial services;30.31
2023-03-20;utilities;51.56
2023-03-20;Energy;52.4
2023-03-20;Basic Materials;64.27
2023-03-20;Consumer Cyclical;52.67
2023-03-20;communication services;48.85
2023-03-20;  Real Estate ;30.89
2023-03-20;TECHNOLOGY;34.88
2023-03-20;industrials;35.79
2023-03-20;healthcare;57.07
2023-03-20;Crypto;37.39
2023-03-21;Financial Services;60.15
2023-03-21;  Utilities ;60.44
2023-03-21;Energy;46.94
2023-03-21;Basic Materials;60.98
2023-03-21;Consumer Cyclical;48.82
2023-03-21;  Communication Services ;53.07
2023-03-21;Real Estate;41.67
2023-03-21;  Technology ;52.31
2023-03-21;industrials;53.63
2023-03-21;healthcare;24.05
2023-03-21;CRYPTO;64.35
2023-03-22;Financial Services;55.74
2023-03-22;utilities;60.93
2023-03-22;ENERGY;54.2
2023-03-22;Basic Materials;59.92
2023-03-22;CONSUMER CYCLICAL;42.31
2023-03-22;Communication Services;67.79
2023-03-22;REAL ESTATE;60.21
2023-03-22;technology;61.24
2023-03-22;  Industrials ;62.84
2023-03-22;Healthcare;41.99
2023-03-22;  Crypto ;56.98
2023-03-23;Financial Services;52.67
2023-03-23;Utilities;41.44
2023-03-23;ENERGY;36.2
2023-03-23;BASIC MATERIALS;65.95
2023-03-23;CONSUMER CYCLICAL;49.98
2023-03-23;Communication Services;22.44
2023-03-23;REAL ESTATE;39.36
2023-03-23;technology;53.68
2023-03-23;Industrials;41.33
2023-03-23;HEALTHCARE;33.1
2023-03-23;crypto;75.84
2023-03-24;FINANCIAL SERVICES;29.33
2023-03-24;Utilities;54.38
2023-03-24;ENERGY;56.69
2023-03-24;  Basic Materials ;71.43
2023-03-24;CONSUMER CYCLICAL;57.04
2023-03-24;Communication Services;47.11
2023-03-24;Real Estate;35.05
2023-03-24;technology;38.26
2023-03-24;industrials;71.07
2023-03-24;Healthcare;63.5
2023-03-24;Crypto;53.69
2023-03-27;financial services;33.84
2023-03-27;UTILITIES;31.92
2023-03-27;energy;44.5
2023-03-27;basic materials;44.33
2023-03-27;CONSUMER CYCLICAL;34.55
2023-03-27;  Communication Services ;35.79
2023-03-27;Real Estate;45.41
2023-03-27;Technology;44.18
2023-03-27;  Industrials ;49.42
2023-03-27;Healthcare;65.77
2023-03-27;Crypto;48.96
2023-03-28;Financial Services;55.2
2023-03-28;utilities;52.77
2023-03-28;ENERGY;59.98
2023-03-28;Basic Materials;26.23
2023-03-28;CONSUMER CYCLICAL;55.91
2023-03-28;COMMUNICATION SERVICES;66.27
2023-03-28;Real Estate;76.22
2023-03-28;Technology;45.39
2023-03-28;industrials;52.97
2023-03-28;Healthcare;43.48
2023-03-28;crypto;42.02
2023-03-29;FINANCIAL SERVICES;34.37
2023-03-29;Utilities;48.03
2023-03-29;energy;71.17
2023-03-29;Basic Materials;64.87
2023-03-29;Consumer Cyclical;54.82
2023-03-29;Communication Services;59.7
2023-03-29;REAL ESTATE;58.86
2023-03-29;  Technology ;57.5
2023-03-29;Industrials;49.01
2023-03-29;Healthcare;44.8
2023-03-29;Crypto;45.74
2023-03-30;financial services;30.71
2023-03-30;  Utilities ;62.92
2023-03-30;  Energy ;45.28
2023-03-30;Basic Materials;47.9
2023-03-30;  Consumer Cyclical ;61.2
2023-03-30;  Communication Services ;54.87
2023-03-30;  Real Estate ;62.7
2023-03-30;TECHNOLOGY;47.66
2023-03-30;  Industrials ;77.37
2023-03-30;healthcare;65.64
2023-03-30;Crypto;60.77
2023-03-31;Financial Services;47.12
2023-03-31;Utilities;73.41
2023-03-31;ENERGY;59.15
2023-03-31;basic materials;77.51
2023-03-31;consumer cyclical;53.62
2023-03-31;Communication Services;59.41
2023-03-31;REAL ESTATE;60.53
2023-03-31;Technology;47.08
2023-03-31;  Industrials ;46.8
2023-03-31;HEALTHCARE;52.12
2023-03-31;Crypto;62.91
2023-04-03;Financial Services;68.48
2023-04-03;Utilities;66.72
2023-04-03;energy;39.32
2023-04-03;BASIC MATERIALS;51.16
2023-04-03;Consumer Cyclical;36.44
2023-04-03;COMMUNICATION SERVICES;47.6
2023-04-03;  Real Estate ;41.89
2023-04-03;technology;70.28
2023-04-03;Industrials;62.42
2023-04-03;healthcare;57.08
2023-04-03;Crypto;53.45
2023-04-04;FINANCIAL SERVICES;71.32
2023-04-04;utilities;56.63
2023-04-04;  Energy ;81.52
2023-04-04;Basic Materials;45.75
2023-04-04;Consumer Cyclical;45.05
2023-04-04;Communication Services;50.52
2023-04-04;  Real Estate ;37.88
2023-04-04;Technology;40.07
2023-04-04;INDUSTRIALS;29.85
2023-04-04;  Healthcare ;39.09
2023-04-04;Crypto;56.39
2023-04-05;  Financial Services ;58.79
2023-04-05;UTILITIES;62.35
2023-04-05;energy;46.83
2023-04-05;BASIC MATERIALS;49.1
2023-04-05;Consumer Cyclical;39.81
2023-04-05;COMMUNICATION SERVICES;41.81
2023-04-05;real estate;51.53
2023-04-05;  Technology ;52.07
2023-04-05;Industrials;33.64
2023-04-05;Healthcare;49.62
2023-04-05;CRYPTO;40.0
2023-04-06;FINANCIAL SERVICES;60.98
2023-04-06;UTILITIES;51.96
2023-04-06;ENERGY;62.9
2023-04-06;Basic Materials;42.4
2023-04-06;Consumer Cyclical;24.87
2023-04-06;Communication Services;64.91
2023-04-06;Real Estate;60.48
2023-04-06;technology;56.24
2023-04-06;INDUSTRIALS;35.81
2023-04-06;healthcare;42.7
2023-04-06;crypto;48.63
2023-04-11;  Financial Services ;82.71
2023-04-11;utilities;51.57
2023-04-11;energy;47.76
2023-04-11;Basic Materials;36.48
2023-04-11;Consumer Cyclical;55.11
2023-04-11;communication services;48.31
2023-04-11;  Real Estate ;37.1
2023-04-11;Technology;37.25
2023-04-11;  Industrials ;45.64
2023-04-11;Healthcare;60.57
2023-04-11;Crypto;41.08
2023-04-12;FINANCIAL SERVICES;49.0
2023-04-12;Utilities;48.69
2023-04-12;Energy;18.5
2023-04-12;Basic Materials;57.89
2023-04-12;CONSUMER CYCLICAL;53.22
2023-04-12;communication services;54.99
2023-04-12;real estate;47.95
2023-04-12;technology;43.63
2023-04-12;Industrials;48.42
2023-04-12;HEALTHCARE;69.85
2023-04-12;crypto;8.55
2023-04-13;Financial Services;56.43
2023-04-13;Utilities;58.61
2023-04-13;Energy;33.63
2023-04-13;Basic Materials;36.63
2023-04-13;Consumer Cyclical;53.19
2023-04-13;Communication Services;40.98
2023-04-13;Real Estate;26.64
2023-04-13;Technology;56.58
2023-04-13;industrials;62.36
2023-04-13;healthcare;53.11
2023-04-13;  Crypto ;44.43
2023-04-14;  Financial Services ;38.58
2023-04-14;UTILITIES;65.19
2023-04-14;Energy;55.16
2023-04-14;  Basic Materials ;62.38
2023-04-14;Consumer Cyclical;29.22
2023-04-14;COMMUNICATION SERVICES;43.21
2023-04-14;  Real Estate ;56.47
2023-04-14;  Technology ;59.57
2023-04-14;Industrials;57.3
2023-04-14;HEALTHCARE;46.48
2023-04-14;CRYPTO;57.77
2023-04-17;Financial Services;55.51
2023-04-17;UTILITIES;39.53
2023-04-17;  Energy ;40.19
2023-04-17;Basic Materials;6.78
2023-04-17;CONSUMER CYCLICAL;39.29
2023-04-17;COMMUNICATION SERVICES;54.45
2023-04-17;real estate;53.26
2023-04-17;TECHNOLOGY;43.51
2023-04-17;industrials;61.87
2023-04-17;Healthcare;52.93
2023-04-17;  Crypto ;28.54
2023-04-18;FINANCIAL SERVICES;71.12
2023-04-18;utilities;40.2
2023-04-18;Energy;50.9
2023-04-18;Basic Materials;52.85
2023-04-18;  Consumer Cyclical ;59.67
2023-04-18;  Communication Services ;65.27
2023-04-18;real estate;43.92
2023-04-18;Technology;38.38
2023-04-18;industrials;41.63
2023-04-18;healthcare;77.41
2023-04-18;CRYPTO;30.55
2023-04-19;Financial Services;43.7
2023-04-19;Utilities;42.08
2023-04-19;Energy;25.72
2023-04-19;Basic Materials;37.47
2023-04-19;CONSUMER CYCLICAL;50.36
2023-04-19;Communication Services;61.24
2023-04-19;Real Estate;55.82
2023-04-19;TECHNOLOGY;58.96
2023-04-19;Industrials;70.24
2023-04-19;healthcare;48.54
2023-04-19;CRYPTO;22.28
2023-04-20;  Financial Services ;50.46
2023-04-20;utilities;50.58
2023-04-20;Energy;52.31
2023-04-20;Basic Materials;55.61
2023-04-20;Consumer Cyclical;34.07
2023-04-20;Communication Services;54.78
2023-04-20;real estate;45.63
2023-04-20;  Technology ;34.44
2023-04-20;Industrials;48.49
2023-04-20;HEALTHCARE;46.18
2023-04-20;Crypto;55.29
2023-04-21;financial services;63.1
2023-04-21;  Utilities ;46.02
2023-04-21;energy;53.9
2023-04-21;Basic Materials;44.82
2023-04-21;consumer cyclical;46.67
2023-04-21;COMMUNICATION SERVICES;32.22
2023-04-21;real estate;65.34
2023-04-21;TECHNOLOGY;35.79
2023-04-21;Industrials;53.63
2023-04-21;HEALTHCARE;61.71
2023-04-21;crypto;61.06
2023-04-24;Financial Services;29.4
2023-04-24;utilities;68.49
2023-04-24;energy;62.45
2023-04-24;BASIC MATERIALS;21.93
2023-04-24;Consumer Cyclical;39.37
2023-04-24;COMMUNICATION SERVICES;34.17
2023-04-24;Real Estate;67.17
2023-04-24;Technology;43.46
2023-04-24;industrials;32.71
2023-04-24;HEALTHCARE;48.45
2023-04-24;Crypto;67.46
2023-04-25;  Financial Services ;24.94
2023-04-25;utilities;77.2
2023-04-25;ENERGY;64.26
2023-04-25;Basic Materials;41.48
2023-04-25;Consumer Cyclical;33.3
2023-04-25;COMMUNICATION SERVICES;36.83
2023-04-25;REAL ESTATE;44.07
2023-04-25;Technology;55.09
2023-04-25;industrials;51.27
2023-04-25;Healthcare;59.95
2023-04-25;CRYPTO;40.83
2023-04-26;Financial Services;55.99
2023-04-26;Utilities;21.2
2023-04-26;ENERGY;38.64
2023-04-26;Basic Materials;15.95
2023-04-26;Consumer Cyclical;35.73
2023-04-26;COMMUNICATION SERVICES;37.83
2023-04-26;REAL ESTATE;49.18
2023-04-26;  Technology ;50.86
2023-04-26;industrials;45.66
2023-04-26;Healthcare;58.16
2023-04-26;Crypto;40.33
2023-04-27;  Financial Services ;46.49
2023-04-27;Utilities;43.92
2023-04-27;ENERGY;43.32
2023-04-27;Basic Materials;37.35
2023-04-27;CONSUMER CYCLICAL;53.62
2023-04-27;Communication Services;64.42
2023-04-27;Real Estate;65.95
2023-04-27;TECHNOLOGY;29.31
2023-04-27;INDUSTRIALS;70.26
2023-04-27;Healthcare;53.91
2023-04-27;Crypto;43.71
2023-04-28;Financial Services;65.38
2023-04-28;Utilities;58.51
2023-04-28;Energy;23.53
2023-04-28;Basic Materials;55.32
2023-04-28;consumer cyclical;57.47
2023-04-28;Communication Services;66.25
2023-04-28;REAL ESTATE;42.27
2023-04-28;Technology;45.64
2023-04-28;INDUSTRIALS;60.75
2023-04-28;Healthcare;72.75
2023-04-28;CRYPTO;61.92
2023-05-02;  Financial Services ;25.13
2023-05-02;Utilities;44.46
2023-05-02;  Energy ;54.07
2023-05-02;  Basic Materials ;42.92
2023-05-02;consumer cyclical;45.79
2023-05-02;Communication Services;35.3
2023-05-02;REAL ESTATE;63.39
2023-05-02;technology;51.31
2023-05-02;Industrials;35.92
2023-05-02;Healthcare;61.03
2023-05-02;CRYPTO;80.07
2023-05-03;financial services;40.27
2023-05-03;UTILITIES;50.4
2023-05-03;energy;36.0
2023-05-03;BASIC MATERIALS;22.27
2023-05-03;consumer cyclical;59.43
2023-05-03;Communication Services;32.53
2023-05-03;REAL ESTATE;58.7
2023-05-03;Technology;45.8
2023-05-03;Industrials;51.65
2023-05-03;  Healthcare ;40.47
2023-05-03;CRYPTO;41.67
2023-05-04;  Financial Services ;34.26
2023-05-04;UTILITIES;48.0
2023-05-04;  Energy ;42.34
2023-05-04;  Basic Materials ;73.61
2023-05-04;CONSUMER CYCLICAL;33.3
2023-05-04;communication services;43.05
2023-05-04;real estate;69.98
2023-05-04;technology;12.37
2023-05-04;industrials;21.72
2023-05-04;HEALTHCARE;53.82
2023-05-04;crypto;43.84
2023-05-05;financial services;39.65
2023-05-05;utilities;38.62
2023-05-05;ENERGY;50.93
2023-05-05;Basic Materials;48.04
2023-05-05;Consumer Cyclical;64.04
2023-05-05;  Communication Services ;34.07
2023-05-05;real estate;54.99
2023-05-05;technology;41.95
2023-05-05;industrials;42.56
2023-05-05;HEALTHCARE;51.45
2023-05-05;CRYPTO;67.59
2023-05-08;  Financial Services ;63.49
2023-05-08;Utilities;51.89
2023-05-08;Energy;50.95
2023-05-08;basic materials;45.44
2023-05-08;Consumer Cyclical;51.86
2023-05-08;communication services;60.13
2023-05-08;REAL ESTATE;55.87
2023-05-08;technology;52.88
2023-05-08;  Industrials ;37.91
2023-05-08;Healthcare;77.44
2023-05-08;Crypto;41.65
2023-05-09;FINANCIAL SERVICES;74.65
2023-05-09;utilities;44.07
2023-05-09;Energy;68.26
2023-05-09;BASIC MATERIALS;60.32
2023-05-09;Consumer Cyclical;56.98
2023-05-09;Communication Services;26.28
2023-05-09;Real Estate;54.08
2023-05-09;Technology;57.92
2023-05-09;industrials;45.14
2023-05-09;healthcare;56.38
2023-05-09;CRYPTO;53.97
2023-05-10;Financial Services;49.63
2023-05-10;Utilities;44.15
2023-05-10;Energy;42.57
2023-05-10;  Basic Materials ;60.51
2023-05-10;Consumer Cyclical;42.2
2023-05-10;COMMUNICATION SERVICES;41.7
2023-05-10;Real Estate;34.89
2023-05-10;  Technology ;53.69
2023-05-10;Industrials;34.21
2023-05-10;HEALTHCARE;47.0
2023-05-10;CRYPTO;6.54
2023-05-11;Financial Services;46.08
2023-05-11;Utilities;48.95
2023-05-11;energy;57.76
2023-05-11;Basic Materials;40.08
2023-05-11;CONSUMER CYCLICAL;53.84
2023-05-11;Communication Services;60.86
2023-05-11;Real Estate;48.09
2023-05-11;Technology;37.95
2023-05-11;Industrials;60.08
2023-05-11;Healthcare;75.63
2023-05-11;CRYPTO;74.49
2023-05-12;Financial Services;54.4
2023-05-12;Utilities;50.82
2023-05-12;energy;41.95
2023-05-12;basic materials;52.65
2023-05-12;CONSUMER CYCLICAL;65.93
2023-05-12;COMMUNICATION SERVICES;54.5
2023-05-12;Real Estate;59.69
2023-05-12;  Technology ;66.42
2023-05-12;Industrials;37.89
2023-05-12;HEALTHCARE;49.83
2023-05-12;  Crypto ;74.11
2023-05-15;Financial Services;40.75
2023-05-15;utilities;49.26
2023-05-15;Energy;59.72
2023-05-15;BASIC MATERIALS;61.7
2023-05-15;consumer cyclical;26.39
2023-05-15;COMMUNICATION SERVICES;69.15
2023-05-15;  Real Estate ;26.54
2023-05-15;  Technology ;72.24
2023-05-15;Industrials;55.1
2023-05-15;Healthcare;22.55
2023-05-15;CRYPTO;55.91
2023-05-16;FINANCIAL SERVICES;63.27
2023-05-16;  Utilities ;40.03
2023-05-16;Energy;57.21
2023-05-16;BASIC MATERIALS;49.09
2023-05-16;  Consumer Cyclical ;39.54
2023-05-16;COMMUNICATION SERVICES;67.28
2023-05-16;  Real Estate ;31.82
2023-05-16;Technology;49.91
2023-05-16;Industrials;53.57
2023-05-16;Healthcare;73.8
2023-05-16;Crypto;68.42
2023-05-17;  Financial Services ;46.94
2023-05-17;UTILITIES;59.24
2023-05-17;energy;44.38
2023-05-17;basic materials;29.89
2023-05-17;  Consumer Cyclical ;43.76
2023-05-17;COMMUNICATION SERVICES;30.87
2023-05-17;Real Estate;81.05
2023-05-17;technology;55.3
2023-05-17;INDUSTRIALS;29.9
2023-05-17;Healthcare;47.07
2023-05-17;Crypto;37.38
2023-05-18;Financial Services;33.58
2023-05-18;utilities;39.79
2023-05-18;energy;72.16
2023-05-18;Basic Materials;71.78
2023-05-18;Consumer Cyclical;67.29
2023-05-18;communication services;32.07
2023-05-18;Real Estate;47.26
2023-05-18;TECHNOLOGY;62.89
2023-05-18;INDUSTRIALS;70.34
2023-05-18;healthcare;45.78
2023-05-18;  Crypto ;43.65
2023-05-19;financial services;39.76
2023-05-19;Utilities;28.84
2023-05-19;Energy;52.43
2023-05-19;BASIC MATERIALS;46.67
2023-05-19;consumer cyclical;50.05
2023-05-19;communication services;31.41
2023-05-19;REAL ESTATE;51.62
2023-05-19;technology;61.16
2023-05-19;  Industrials ;43.71
2023-05-19;Healthcare;98.06
2023-05-19;Crypto;42.34
2023-05-22;Financial Services;38.0
2023-05-22;Utilities;46.27
2023-05-22;Energy;62.38
2023-05-22;  Basic Materials ;33.17
2023-05-22;Consumer Cyclical;49.03
2023-05-22;communication services;52.44
2023-05-22;real estate;50.52
2023-05-22;Technology;50.96
2023-05-22;Industrials;52.35
2023-05-22;HEALTHCARE;65.24
2023-05-22;Crypto;12.39
2023-05-23;financial services;51.93
2023-05-23;UTILITIES;42.59
2023-05-23;ENERGY;47.67
2023-05-23;basic materials;51.82
2023-05-23;Consumer Cyclical;71.2
2023-05-23;Communication Services;58.24
2023-05-23;Real Estate;54.58
2023-05-23;technology;57.77
2023-05-23;Industrials;78.79
2023-05-23;  Healthcare ;51.14
2023-05-23;CRYPTO;31.04
2023-05-24;  Financial Services ;47.65
2023-05-24;Utilities;52.91
2023-05-24;ENERGY;45.0
2023-05-24;basic materials;40.75
2023-05-24;  Consumer Cyclical ;34.97
2023-05-24;communication services;53.1
2023-05-24;Real Estate;50.07
2023-05-24;  Technology ;32.12
2023-05-24;  Industrials ;35.72
2023-05-24;Healthcare;26.37
2023-05-24;Crypto;53.57
2023-05-25;Financial Services;38.74
2023-05-25;UTILITIES;40.56
2023-05-25;  Energy ;48.4
2023-05-25;BASIC MATERIALS;37.1
2023-05-25;consumer cyclical;48.15
2023-05-25;COMMUNICATION SERVICES;66.89
2023-05-25;real estate;43.34
2023-05-25;  Technology ;47.56
2023-05-25;Industrials;48.14
2023-05-25;HEALTHCARE;37.87
2023-05-25;Crypto;49.0
2023-05-26;Financial Services;41.87
2023-05-26;UTILITIES;49.54
2023-05-26;ENERGY;63.92
2023-05-26;basic materials;57.89
2023-05-26;Consumer Cyclical;38.94
2023-05-26;communication services;44.45
2023-05-26;REAL ESTATE;52.02
2023-05-26;technology;53.14
2023-05-26;industrials;56.79
2023-05-26;Healthcare;61.04
2023-05-26;crypto;47.33
2023-05-29;Financial Services;67.57
2023-05-29;UTILITIES;55.54
2023-05-29;Energy;25.68
2023-05-29;BASIC MATERIALS;50.97
2023-05-29;Consumer Cyclical;52.62
2023-05-29;COMMUNICATION SERVICES;51.68
2023-05-29;Real Estate;71.07
2023-05-29;  Technology ;55.78
2023-05-29;industrials;36.78
2023-05-29;Healthcare;42.77
2023-05-29;Crypto;39.74
2023-05-30;financial services;63.23
2023-05-30;UTILITIES;50.93
2023-05-30;energy;52.61
2023-05-30;  Basic Materials ;43.7
2023-05-30;Consumer Cyclical;37.45
2023-05-30;communication services;47.71
2023-05-30;Real Estate;74.08
2023-05-30;Technology;37.68
2023-05-30;Industrials;46.23
2023-05-30;Healthcare;43.66
2023-05-30;  Crypto ;36.76
2023-05-31;financial services;28.25
2023-05-31;Utilities;65.03
2023-05-31;Energy;36.86
2023-05-31;BASIC MATERIALS;43.66
2023-05-31;CONSUMER CYCLICAL;52.89
2023-05-31;  Communication Services ;50.44
2023-05-31;real estate;60.53
2023-05-31;  Technology ;55.86
2023-05-31;industrials;69.43
2023-05-31;HEALTHCARE;50.51
2023-05-31;Crypto;56.61
2023-06-01;Financial Services;36.56
2023-06-01;  Utilities ;44.75
2023-06-01;Energy;32.1
2023-06-01;BASIC MATERIALS;49.56
2023-06-01;  Consumer Cyclical ;32.86
2023-06-01;Communication Services;57.57
2023-06-01;REAL ESTATE;49.24
2023-06-01;technology;43.11
2023-06-01;  Industrials ;48.68
2023-06-01;Healthcare;31.5
2023-06-01;Crypto;46.12
2023-06-02;FINANCIAL SERVICES;38.62
2023-06-02;UTILITIES;55.67
2023-06-02;Energy;66.23
2023-06-02;Basic Materials;65.47
2023-06-02;CONSUMER CYCLICAL;78.79
2023-06-02;COMMUNICATION SERVICES;42.25
2023-06-02;real estate;42.32
2023-06-02;technology;68.1
2023-06-02;Industrials;50.45
2023-06-02;healthcare;29.97
2023-06-02;crypto;60.66
2023-06-05;Financial Services;74.71
2023-06-05;UTILITIES;63.85
2023-06-05;energy;65.12
2023-06-05;basic materials;64.76
2023-06-05;  Consumer Cyclical ;64.17
2023-06-05;communication services;61.86
2023-06-05;REAL ESTATE;58.73
2023-06-05;TECHNOLOGY;54.44
2023-06-05;Industrials;66.77
2023-06-05;Healthcare;63.45
2023-06-05;Crypto;47.96
2023-06-06;Financial Services;54.28
2023-06-06;Utilities;46.41
2023-06-06;  Energy ;52.69
2023-06-06;basic materials;61.6
2023-06-06;CONSUMER CYCLICAL;31.29
2023-06-06;  Communication Services ;30.21
2023-06-06;REAL ESTATE;59.58
2023-06-06;TECHNOLOGY;41.23
2023-06-06;Industrials;48.84
2023-06-06;Healthcare;52.32
2023-06-06;crypto;61.27
2023-06-07;FINANCIAL SERVICES;51.62
2023-06-07;Utilities;71.25
2023-06-07;Energy;72.99
2023-06-07;BASIC MATERIALS;60.54
2023-06-07;  Consumer Cyclical ;49.19
2023-06-07;Communication Services;46.11
2023-06-07;REAL ESTATE;32.24
2023-06-07;  Technology ;40.36
2023-06-07;INDUSTRIALS;29.17
2023-06-07;  Healthcare ;57.34
2023-06-07;  Crypto ;39.2
2023-06-08;Financial Services;38.77
2023-06-08;UTILITIES;34.58
2023-06-08;energy;60.36
2023-06-08;basic materials;71.55
2023-06-08;consumer cyclical;63.61
2023-06-08;Communication Services;47.97
2023-06-08;  Real Estate ;63.14
2023-06-08;TECHNOLOGY;67.08
2023-06-08;Industrials;71.12
2023-06-08;Healthcare;41.11
2023-06-08;CRYPTO;54.6
2023-06-09;Financial Services;61.44
2023-06-09;Utilities;59.73
2023-06-09;ENERGY;38.05
2023-06-09;basic materials;55.86
2023-06-09;consumer cyclical;65.14
2023-06-09;Communication Services;52.96
2023-06-09;real estate;27.75
2023-06-09;technology;59.01
2023-06-09;  Industrials ;62.55
2023-06-09;Healthcare;48.55
2023-06-09;Crypto;38.11
2023-06-12;Financial Services;38.05
2023-06-12;UTILITIES;59.32
2023-06-12;ENERGY;45.13
2023-06-12;basic materials;44.03
2023-06-12;consumer cyclical;40.25
2023-06-12;COMMUNICATION SERVICES;39.73
2023-06-12;real estate;34.22
2023-06-12;technology;43.68
2023-06-12;  Industrials ;71.77
2023-06-12;healthcare;34.77
2023-06-12;  Crypto ;46.42
2023-06-13;financial services;70.16
2023-06-13;Utilities;53.01
2023-06-13;Energy;44.11
2023-06-13;BASIC MATERIALS;34.98
2023-06-13;  Consumer Cyclical ;49.68
2023-06-13;  Communication Services ;37.46
2023-06-13;  Real Estate ;58.55
2023-06-13;technology;21.84
2023-06-13;INDUSTRIALS;69.37
2023-06-13;  Healthcare ;46.81
2023-06-13;CRYPTO;69.62
2023-06-14;financial services;56.03
2023-06-14;utilities;56.55
2023-06-14;  Energy ;85.14
2023-06-14;BASIC MATERIALS;73.98
2023-06-14;CONSUMER CYCLICAL;72.64
2023-06-14;COMMUNICATION SERVICES;25.51
2023-06-14;  Real Estate ;43.9
2023-06-14;TECHNOLOGY;65.72
2023-06-14;INDUSTRIALS;48.59
2023-06-14;Healthcare;33.85
2023-06-14;crypto;64.23
2023-06-15;  Financial Services ;65.16
2023-06-15;UTILITIES;47.12
2023-06-15;energy;35.33
2023-06-15;Basic Materials;66.6
2023-06-15;consumer cyclical;49.43
2023-06-15;Communication Services;59.5
2023-06-15;real estate;23.13
2023-06-15;  Technology ;64.05
2023-06-15;Industrials;52.9
2023-06-15;Healthcare;54.56
2023-06-15;Crypto;72.58
2023-06-16;Financial Services;59.73
2023-06-16;UTILITIES;51.63
2023-06-16;  Energy ;29.78
2023-06-16;Basic Materials;48.97
2023-06-16;Consumer Cyclical;54.08
2023-06-16;communication services;44.16
2023-06-16;  Real Estate ;42.57
2023-06-16;Technology;45.1
2023-06-16;  Industrials ;39.06
2023-06-16;Healthcare;21.95
2023-06-16;CRYPTO;78.26
2023-06-19;Financial Services;54.88
2023-06-19;utilities;49.71
2023-06-19;ENERGY;49.67
2023-06-19;  Basic Materials ;55.03
2023-06-19;CONSUMER CYCLICAL;37.11
2023-06-19;  Communication Services ;24.54
2023-06-19;Real Estate;65.91
2023-06-19;technology;31.13
2023-06-19;INDUSTRIALS;53.58
2023-06-19;HEALTHCARE;66.37
2023-06-19;CRYPTO;57.9
2023-06-20;Financial Services;53.5
2023-06-20;Utilities;68.14
2023-06-20;energy;39.77
2023-06-20;Basic Materials;52.02
2023-06-20;Consumer Cyclical;39.57
2023-06-20;Communication Services;36.86
2023-06-20;Real Estate;47.33
2023-06-20;technology;44.75
2023-06-20;INDUSTRIALS;46.63
2023-06-20;healthcare;49.15
2023-06-20;crypto;50.18
2023-06-21;FINANCIAL SERVICES;48.86
2023-06-21;UTILITIES;68.64
2023-06-21;Energy;47.39
2023-06-21;  Basic Materials ;43.79
2023-06-21;CONSUMER CYCLICAL;45.03
2023-06-21;Communication Services;59.99
2023-06-21;Real Estate;38.61
2023-06-21;Technology;47.48
2023-06-21;  Industrials ;49.95
2023-06-21;Healthcare;52.92
2023-06-21;Crypto;48.81
2023-06-22;  Financial Services ;78.84
2023-06-22;Utilities;58.44
2023-06-22;  Energy ;52.6
2023-06-22;Basic Materials;61.96
2023-06-22;Consumer Cyclical;51.56
2023-06-22;  Communication Services ;50.95
2023-06-22;real estate;27.95
2023-06-22;Technology;35.96
2023-06-22;  Industrials ;37.23
2023-06-22;Healthcare;45.61
2023-06-22;Crypto;52.61
2023-06-23;FINANCIAL SERVICES;45.53
2023-06-23;utilities;45.12
2023-06-23;Energy;22.78
2023-06-23;Basic Materials;46.23
2023-06-23;consumer cyclical;42.95
2023-06-23;communication services;36.87
2023-06-23;REAL ESTATE;28.48
2023-06-23;TECHNOLOGY;45.35
2023-06-23;Industrials;55.67
2023-06-23;HEALTHCARE;51.0
2023-06-23;crypto;18.92
2023-06-26;Financial Services;53.02
2023-06-26;utilities;41.13
2023-06-26;  Energy ;32.4
2023-06-26;Basic Materials;38.53
2023-06-26;Consumer Cyclical;37.39
2023-06-26;COMMUNICATION SERVICES;33.31
2023-06-26;Real Estate;37.11
2023-06-26;Technology;40.17
2023-06-26;Industrials;38.89
2023-06-26;Healthcare;44.45
2023-06-26;Crypto;22.5
2023-06-27;FINANCIAL SERVICES;65.39
2023-06-27;UTILITIES;32.33
2023-06-27;  Energy ;51.71
2023-06-27;Basic Materials;24.17
2023-06-27;Consumer Cyclical;48.5
2023-06-27;Communication Services;55.79
2023-06-27;real estate;58.48
2023-06-27;technology;29.26
2023-06-27;  Industrials ;47.21
2023-06-27;HEALTHCARE;30.18
2023-06-27;Crypto;51.09
2023-06-28;financial services;45.36
2023-06-28;Utilities;36.96
2023-06-28;  Energy ;43.64
2023-06-28;basic materials;49.08
2023-06-28;Consumer Cyclical;47.97
2023-06-28;Communication Services;58.08
2023-06-28;  Real Estate ;67.17
2023-06-28;  Technology ;50.45
2023-06-28;Industrials;78.5
2023-06-28;  Healthcare ;54.92
2023-06-28;Crypto;42.42
2023-06-29;Financial Services;44.43
2023-06-29;Utilities;57.15
2023-06-29;ENERGY;56.18
2023-06-29;BASIC MATERIALS;51.89
2023-06-29;  Consumer Cyclical ;53.06
2023-06-29;COMMUNICATION SERVICES;55.17
2023-06-29;Real Estate;50.94
2023-06-29;Technology;55.12
2023-06-29;industrials;74.42
2023-06-29;Healthcare;75.1
2023-06-29;Crypto;33.85
2023-06-30;financial services;67.86
2023-06-30;utilities;51.99
2023-06-30;energy;47.68
2023-06-30;BASIC MATERIALS;55.85
2023-06-30;CONSUMER CYCLICAL;36.43
2023-06-30;Communication Services;60.26
2023-06-30;real estate;53.56
2023-06-30;  Technology ;53.32
2023-06-30;Industrials;56.93
2023-06-30;Healthcare;55.32
2023-06-30;CRYPTO;66.67
2023-07-03;FINANCIAL SERVICES;52.81
2023-07-03;Utilities;35.33
2023-07-03;ENERGY;55.99
2023-07-03;BASIC MATERIALS;27.45
2023-07-03;Consumer Cyclical;49.2
2023-07-03;  Communication Services ;54.71
2023-07-03;REAL ESTATE;57.1
2023-07-03;Technology;40.5
2023-07-03;industrials;71.57
2023-07-03;Healthcare;47.11
2023-07-03;CRYPTO;55.1
2023-07-04;financial services;79.69
2023-07-04;Utilities;67.05
2023-07-04;energy;53.53
2023-07-04;Basic Materials;53.89
2023-07-04;Consumer Cyclical;53.48
2023-07-04;Communication Services;59.21
2023-07-04;  Real Estate ;47.01
2023-07-04;Technology;55.93
2023-07-04;Industrials;56.15
2023-07-04;Healthcare;38.35
2023-07-04;  Crypto ;31.67
2023-07-05;  Financial Services ;37.34
2023-07-05;Utilities;47.68
2023-07-05;energy;17.09
2023-07-05;Basic Materials;31.12
2023-07-05;Consumer Cyclical;61.01
2023-07-05;COMMUNICATION SERVICES;59.21
2023-07-05;Real Estate;61.71
2023-07-05;technology;45.53
2023-07-05;Industrials;62.82
2023-07-05;HEALTHCARE;43.35
2023-07-05;Crypto;8.8
2023-07-06;  Financial Services ;47.26
2023-07-06;UTILITIES;35.97
2023-07-06;energy;60.44
2023-07-06;basic materials;69.22
2023-07-06;CONSUMER CYCLICAL;37.36
2023-07-06;COMMUNICATION SERVICES;50.27
2023-07-06;Real Estate;23.13
2023-07-06;TECHNOLOGY;51.83
2023-07-06;industrials;62.14
2023-07-06;Healthcare;54.35
2023-07-06;Crypto;37.11
2023-07-07;Financial Services;54.25
2023-07-07;utilities;50.91
2023-07-07;  Energy ;14.48
2023-07-07;Basic Materials;35.86
2023-07-07;consumer cyclical;55.98
2023-07-07;  Communication Services ;42.15
2023-07-07;Real Estate;27.66
2023-07-07;Technology;47.59
2023-07-07;Industrials;41.41
2023-07-07;  Healthcare ;47.1
2023-07-07;Crypto;53.18
2023-07-10;Financial Services;55.81
2023-07-10;  Utilities ;44.68
2023-07-10;Energy;41.39
2023-07-10;BASIC MATERIALS;69.86
2023-07-10;CONSUMER CYCLICAL;48.13
2023-07-10;COMMUNICATION SERVICES;37.51
2023-07-10;real estate;48.76
2023-07-10;Technology;44.33
2023-07-10;Industrials;45.21
2023-07-10;healthcare;42.69
2023-07-10;Crypto;83.67
2023-07-11;Financial Services;47.97
2023-07-11;UTILITIES;52.62
2023-07-11;Energy;51.63
2023-07-11;BASIC MATERIALS;61.93
2023-07-11;Consumer Cyclical;65.36
2023-07-11;COMMUNICATION SERVICES;66.97
2023-07-11;Real Estate;55.59
2023-07-11;  Technology ;62.33
2023-07-11;INDUSTRIALS;59.7
2023-07-11;Healthcare;55.23
2023-07-11;Crypto;57.59
2023-07-12;Financial Services;71.89
2023-07-12;utilities;35.62
2023-07-12;  Energy ;59.15
2023-07-12;Basic Materials;67.49
2023-07-12;Consumer Cyclical;51.18
2023-07-12;communication services;54.73
2023-07-12;Real Estate;46.55
2023-07-12;technology;62.45
2023-07-12;Industrials;59.2
2023-07-12;HEALTHCARE;52.91
2023-07-12;CRYPTO;39.67
2023-07-13;  Financial Services ;70.58
2023-07-13;Utilities;52.15
2023-07-13;Energy;66.72
2023-07-13;BASIC MATERIALS;83.65
2023-07-13;CONSUMER CYCLICAL;62.21
2023-07-13;Communication Services;79.18
2023-07-13;  Real Estate ;50.12
2023-07-13;technology;43.32
2023-07-13;Industrials;53.25
2023-07-13;  Healthcare ;68.04
2023-07-13;CRYPTO;33.78
2023-07-14;Financial Services;55.95
2023-07-14;Utilities;56.34
2023-07-14;energy;36.84
2023-07-14;Basic Materials;24.5
2023-07-14;CONSUMER CYCLICAL;39.18
2023-07-14;  Communication Services ;41.99
2023-07-14;REAL ESTATE;33.21
2023-07-14;Technology;47.65
2023-07-14;INDUSTRIALS;26.62
2023-07-14;healthcare;50.29
2023-07-14;crypto;75.61
2023-07-17;Financial Services;41.45
2023-07-17;Utilities;54.08
2023-07-17;ENERGY;32.16
2023-07-17;Basic Materials;51.12
2023-07-17;  Consumer Cyclical ;40.09
2023-07-17;  Communication Services ;49.37
2023-07-17;Real Estate;62.51
2023-07-17;TECHNOLOGY;50.78
2023-07-17;industrials;34.98
2023-07-17;healthcare;44.46
2023-07-17;Crypto;50.87
2023-07-18;financial services;72.02
2023-07-18;UTILITIES;47.82
2023-07-18;  Energy ;34.27
2023-07-18;Basic Materials;65.95
2023-07-18;Consumer Cyclical;63.32
2023-07-18;  Communication Services ;58.21
2023-07-18;Real Estate;48.7
2023-07-18;TECHNOLOGY;57.06
2023-07-18;Industrials;36.56
2023-07-18;HEALTHCARE;52.77
2023-07-18;Crypto;43.66
2023-07-19;Financial Services;42.5
2023-07-19;utilities;47.32
2023-07-19;  Energy ;55.28
2023-07-19;Basic Materials;43.92
2023-07-19;consumer cyclical;47.09
2023-07-19;Communication Services;35.57
2023-07-19;REAL ESTATE;61.58
2023-07-19;TECHNOLOGY;40.86
2023-07-19;Industrials;44.42
2023-07-19;Healthcare;60.67
2023-07-19;Crypto;55.38
2023-07-20;Financial Services;36.94
2023-07-20;utilities;56.94
2023-07-20;energy;51.54
2023-07-20;  Basic Materials ;45.42
2023-07-20;  Consumer Cyclical ;73.05
2023-07-20;Communication Services;26.97
2023-07-20;Real Estate;47.51
2023-07-20;Technology;56.55
2023-07-20;Industrials;65.39
2023-07-20;Healthcare;63.91
2023-07-20;Crypto;37.99
2023-07-21;Financial Services;38.4
2023-07-21;Utilities;47.42
2023-07-21;Energy;48.42
2023-07-21;BASIC MATERIALS;50.27
2023-07-21;Consumer Cyclical;46.74
2023-07-21;communication services;30.82
2023-07-21;real estate;64.28
2023-07-21;  Technology ;64.8
2023-07-21;industrials;61.57
2023-07-21;Healthcare;55.42
2023-07-21;  Crypto ;27.22
2023-07-24;Financial Services;30.53
2023-07-24;  Utilities ;35.61
2023-07-24;ENERGY;56.83
2023-07-24;BASIC MATERIALS;38.55
2023-07-24;Consumer Cyclical;39.61
2023-07-24;communication services;59.31
2023-07-24;real estate;30.67
2023-07-24;TECHNOLOGY;53.44
2023-07-24;Industrials;47.82
2023-07-24;Healthcare;53.38
2023-07-24;CRYPTO;55.39
2023-07-25;financial services;41.23
2023-07-25;Utilities;17.2
2023-07-25;ENERGY;64.37
2023-07-25;basic materials;80.27
2023-07-25;Consumer Cyclical;47.37
2023-07-25;  Communication Services ;53.42
2023-07-25;Real Estate;66.22
2023-07-25;Technology;49.89
2023-07-25;  Industrials ;61.63
2023-07-25;  Healthcare ;63.14
2023-07-25;crypto;56.02
2023-07-26;  Financial Services ;44.4
2023-07-26;utilities;35.19
2023-07-26;Energy;52.22
2023-07-26;Basic Materials;53.98
2023-07-26;Consumer Cyclical;66.26
2023-07-26;Communication Services;56.87
2023-07-26;  Real Estate ;66.57
2023-07-26;Technology;52.68
2023-07-26;Industrials;44.69
2023-07-26;HEALTHCARE;52.18
2023-07-26;  Crypto ;51.56
2023-07-27;financial services;51.01
2023-07-27;UTILITIES;35.12
2023-07-27;  Energy ;35.29
2023-07-27;basic materials;47.09
2023-07-27;consumer cyclical;48.6
2023-07-27;communication services;22.56
2023-07-27;REAL ESTATE;47.76
2023-07-27;Technology;56.36
2023-07-27;INDUSTRIALS;44.65
2023-07-27;Healthcare;83.57
2023-07-27;crypto;60.98
2023-07-28;Financial Services;49.49
2023-07-28;Utilities;47.98
2023-07-28;  Energy ;32.28
2023-07-28;basic materials;50.16
2023-07-28;CONSUMER CYCLICAL;46.86
2023-07-28;Communication Services;64.37
2023-07-28;Real Estate;72.02
2023-07-28;  Technology ;71.77
2023-07-28;INDUSTRIALS;43.99
2023-07-28;healthcare;32.02
2023-07-28;Crypto;51.3
2023-07-31;  Financial Services ;53.4
2023-07-31;Utilities;47.72
2023-07-31;ENERGY;32.4
2023-07-31;basic materials;43.0
2023-07-31;consumer cyclical;57.26
2023-07-31;Communication Services;71.98
2023-07-31;real estate;38.86
2023-07-31;Technology;31.26
2023-07-31;Industrials;65.31
2023-07-31;healthcare;24.63
2023-07-31;Crypto;55.98
2023-08-01;Financial Services;52.12
2023-08-01;utilities;59.4
2023-08-01;  Energy ;47.71
2023-08-01;  Basic Materials ;48.96
2023-08-01;  Consumer Cyclical ;55.68
2023-08-01;COMMUNICATION SERVICES;33.29
2023-08-01;Real Estate;43.0
2023-08-01;TECHNOLOGY;50.42
2023-08-01;Industrials;59.83
2023-08-01;healthcare;64.59
2023-08-01;CRYPTO;32.47
2023-08-02;Financial Services;19.38
2023-08-02;Utilities;53.68
2023-08-02;Energy;64.76
2023-08-02;basic materials;27.37
2023-08-02;CONSUMER CYCLICAL;56.95
2023-08-02;Communication Services;43.29
2023-08-02;REAL ESTATE;55.65
2023-08-02;Technology;48.71
2023-08-02;INDUSTRIALS;53.34
2023-08-02;HEALTHCARE;38.36
2023-08-02;Crypto;50.98
2023-08-03;financial services;37.35
2023-08-03;UTILITIES;30.78
2023-08-03;  Energy ;56.8
2023-08-03;basic materials;44.12
2023-08-03;CONSUMER CYCLICAL;40.61
2023-08-03;COMMUNICATION SERVICES;20.75
2023-08-03;Real Estate;38.63
2023-08-03;technology;63.49
2023-08-03;  Industrials ;31.78
2023-08-03;HEALTHCARE;70.42
2023-08-03;crypto;33.1
2023-08-04;Financial Services;62.26
2023-08-04;Utilities;41.76
2023-08-04;Energy;47.64
2023-08-04;basic materials;45.88
2023-08-04;consumer cyclical;45.73
2023-08-04;communication services;41.8
2023-08-04;REAL ESTATE;44.69
2023-08-04;technology;68.93
2023-08-04;industrials;57.87
2023-08-04;Healthcare;49.87
2023-08-04;crypto;58.89
2023-08-07;Financial Services;39.86
2023-08-07;Utilities;48.1
2023-08-07;Energy;63.75
2023-08-07;basic materials;60.74
2023-08-07;Consumer Cyclical;59.71
2023-08-07;Communication Services;51.06
2023-08-07;REAL ESTATE;70.32
2023-08-07;  Technology ;54.01
2023-08-07;INDUSTRIALS;36.16
2023-08-07;healthcare;68.07
2023-08-07;Crypto;22.19
2023-08-08;Financial Services;48.81
2023-08-08;  Utilities ;51.5
2023-08-08;energy;34.35
2023-08-08;BASIC MATERIALS;52.19
2023-08-08;Consumer Cyclical;58.93
2023-08-08;  Communication Services ;45.79
2023-08-08;  Real Estate ;45.2
2023-08-08;TECHNOLOGY;41.06
2023-08-08;INDUSTRIALS;38.27
2023-08-08;healthcare;48.77
2023-08-08;CRYPTO;70.26
2023-08-09;FINANCIAL SERVICES;47.95
2023-08-09;UTILITIES;46.87
2023-08-09;Energy;35.22
2023-08-09;Basic Materials;45.97
2023-08-09;consumer cyclical;36.1
2023-08-09;COMMUNICATION SERVICES;66.01
2023-08-09;Real Estate;45.07
2023-08-09;technology;51.44
2023-08-09;  Industrials ;48.13
2023-08-09;healthcare;65.32
2023-08-09;Crypto;91.75
2023-08-10;Financial Services;75.79
2023-08-10;UTILITIES;53.31
2023-08-10;ENERGY;79.21
2023-08-10;Basic Materials;57.41
2023-08-10;CONSUMER CYCLICAL;31.39
2023-08-10;communication services;54.4
2023-08-10;Real Estate;44.36
2023-08-10;  Technology ;56.56
2023-08-10;Industrials;60.73
2023-08-10;Healthcare;48.92
2023-08-10;crypto;39.1
2023-08-11;Financial Services;51.17
2023-08-11;Utilities;54.74
2023-08-11;Energy;57.96
2023-08-11;BASIC MATERIALS;64.5
2023-08-11;consumer cyclical;72.42
2023-08-11;Communication Services;31.51
2023-08-11;REAL ESTATE;59.22
2023-08-11;TECHNOLOGY;56.93
2023-08-11;INDUSTRIALS;62.5
2023-08-11;Healthcare;36.96
2023-08-11;Crypto;70.28
2023-08-14;financial services;71.02
2023-08-14;  Utilities ;39.86
2023-08-14;ENERGY;54.52
2023-08-14;basic materials;58.12
2023-08-14;  Consumer Cyclical ;37.34
2023-08-14;  Communication Services ;37.41
2023-08-14;real estate;41.0
2023-08-14;TECHNOLOGY;71.29
2023-08-14;Industrials;31.69
2023-08-14;Healthcare;71.59
2023-08-14;crypto;42.2
2023-08-15;Financial Services;47.45
2023-08-15;Utilities;52.98
2023-08-15;ENERGY;50.38
2023-08-15;basic materials;78.09
2023-08-15;Consumer Cyclical;59.32
2023-08-15;communication services;50.82
2023-08-15;Real Estate;42.79
2023-08-15;Technology;57.04
2023-08-15;INDUSTRIALS;43.58
2023-08-15;HEALTHCARE;48.24
2023-08-15;Crypto;44.61
2023-08-16;  Financial Services ;61.79
2023-08-16;utilities;21.88
2023-08-16;Energy;63.54
2023-08-16;  Basic Materials ;46.25
2023-08-16;Consumer Cyclical;54.88
2023-08-16;  Communication Services ;69.08
2023-08-16;real estate;44.3
2023-08-16;  Technology ;59.79
2023-08-16;  Industrials ;45.85
2023-08-16;  Healthcare ;59.42
2023-08-16;crypto;35.05
2023-08-17;Financial Services;50.03
2023-08-17;UTILITIES;58.5
2023-08-17;ENERGY;58.08
2023-08-17;Basic Materials;51.05
2023-08-17;consumer cyclical;69.13
2023-08-17;communication services;22.13
2023-08-17;Real Estate;55.06
2023-08-17;Technology;44.89
2023-08-17;Industrials;52.55
2023-08-17;Healthcare;38.39
2023-08-17;  Crypto ;43.69
2023-08-18;Financial Services;43.34
2023-08-18;UTILITIES;26.74
2023-08-18;ENERGY;55.42
2023-08-18;basic materials;36.97
2023-08-18;Consumer Cyclical;70.6
2023-08-18;Communication Services;37.62
2023-08-18;real estate;53.45
2023-08-18;technology;42.47
2023-08-18;Industrials;35.54
2023-08-18;HEALTHCARE;74.1
2023-08-18;Crypto;56.41
2023-08-21;Financial Services;34.68
2023-08-21;utilities;51.56
2023-08-21;ENERGY;31.19
2023-08-21;Basic Materials;62.7
2023-08-21;Consumer Cyclical;52.68
2023-08-21;Communication Services;60.88
2023-08-21;Real Estate;56.59
2023-08-21;Technology;45.16
2023-08-21;INDUSTRIALS;57.19
2023-08-21;Healthcare;35.98
2023-08-21;Crypto;49.29
2023-08-22;FINANCIAL SERVICES;58.12
2023-08-22;UTILITIES;49.22
2023-08-22;ENERGY;57.51
2023-08-22;Basic Materials;36.64
2023-08-22;CONSUMER CYCLICAL;35.97
2023-08-22;Communication Services;25.64
2023-08-22;Real Estate;35.47
2023-08-22;TECHNOLOGY;40.75
2023-08-22;INDUSTRIALS;38.62
2023-08-22;Healthcare;48.67
2023-08-22;CRYPTO;76.75
2023-08-23;Financial Services;56.62
2023-08-23;Utilities;51.24
2023-08-23;ENERGY;33.87
2023-08-23;BASIC MATERIALS;54.61
2023-08-23;Consumer Cyclical;47.98
2023-08-23;Communication Services;37.26
2023-08-23;Real Estate;53.95
2023-08-23;  Technology ;26.3
2023-08-23;INDUSTRIALS;52.78
2023-08-23;Healthcare;59.64
2023-08-23;Crypto;48.22
2023-08-24;FINANCIAL SERVICES;21.72
2023-08-24;  Utilities ;47.05
2023-08-24;Energy;45.01
2023-08-24;BASIC MATERIALS;31.51
2023-08-24;consumer cyclical;42.1
2023-08-24;Communication Services;39.78
2023-08-24;Real Estate;78.22
2023-08-24;Technology;43.11
2023-08-24;INDUSTRIALS;65.88
2023-08-24;Healthcare;53.67
2023-08-24;Crypto;50.91
2023-08-25;FINANCIAL SERVICES;42.72
2023-08-25;UTILITIES;43.36
2023-08-25;Energy;57.76
2023-08-25;Basic Materials;64.92
2023-08-25;Consumer Cyclical;54.06
2023-08-25;COMMUNICATION SERVICES;54.03
2023-08-25;Real Estate;62.88
2023-08-25;Technology;47.19
2023-08-25;  Industrials ;45.88
2023-08-25;Healthcare;36.73
2023-08-25;crypto;33.18
2023-08-28;financial services;61.37
2023-08-28;utilities;38.83
2023-08-28;ENERGY;61.14
2023-08-28;Basic Materials;61.14
2023-08-28;CONSUMER CYCLICAL;65.89
2023-08-28;  Communication Services ;26.22
2023-08-28;REAL ESTATE;53.01
2023-08-28;TECHNOLOGY;23.21
2023-08-28;Industrials;66.07
2023-08-28;Healthcare;67.27
2023-08-28;Crypto;49.98
2023-08-29;financial services;31.51
2023-08-29;UTILITIES;25.36
2023-08-29;Energy;28.06
2023-08-29;Basic Materials;65.84
2023-08-29;consumer cyclical;56.35
2023-08-29;  Communication Services ;67.03
2023-08-29;REAL ESTATE;40.65
2023-08-29;Technology;64.1
2023-08-29;industrials;54.54
2023-08-29;Healthcare;64.21
2023-08-29;CRYPTO;75.61
2023-08-30;financial services;71.68
2023-08-30;  Utilities ;59.37
2023-08-30;ENERGY;57.15
2023-08-30;Basic Materials;60.88
2023-08-30;CONSUMER CYCLICAL;20.98
2023-08-30;Communication Services;72.61
2023-08-30;  Real Estate ;39.16
2023-08-30;Technology;49.27
2023-08-30;Industrials;51.67
2023-08-30;HEALTHCARE;56.25
2023-08-30;Crypto;35.48
2023-08-31;  Financial Services ;73.98
2023-08-31;Utilities;59.52
2023-08-31;Energy;61.1
2023-08-31;BASIC MATERIALS;67.59
2023-08-31;Consumer Cyclical;66.04
2023-08-31;  Communication Services ;45.79
2023-08-31;Real Estate;56.66
2023-08-31;technology;38.07
2023-08-31;INDUSTRIALS;63.01
2023-08-31;HEALTHCARE;20.46
2023-08-31;Crypto;62.16
2023-09-01;FINANCIAL SERVICES;61.62
2023-09-01;Utilities;32.3
2023-09-01;energy;72.95
2023-09-01;Basic Materials;38.9
2023-09-01;CONSUMER CYCLICAL;36.44
2023-09-01;communication services;47.9
2023-09-01;REAL ESTATE;29.96
2023-09-01;TECHNOLOGY;24.38
2023-09-01;  Industrials ;72.44
2023-09-01;HEALTHCARE;48.61
2023-09-01;Crypto;69.11
2023-09-04;  Financial Services ;62.0
2023-09-04;UTILITIES;50.33
2023-09-04;ENERGY;51.61
2023-09-04;Basic Materials;52.07
2023-09-04;Consumer Cyclical;43.84
2023-09-04;  Communication Services ;53.87
2023-09-04;  Real Estate ;34.84
2023-09-04;TECHNOLOGY;58.69
2023-09-04;Industrials;65.07
2023-09-04;HEALTHCARE;21.26
2023-09-04;CRYPTO;46.1
2023-09-05;Financial Services;39.38
2023-09-05;utilities;46.2
2023-09-05;ENERGY;29.19
2023-09-05;BASIC MATERIALS;55.47
2023-09-05;Consumer Cyclical;59.15
2023-09-05;Communication Services;18.31
2023-09-05;real estate;53.95
2023-09-05;Technology;72.17
2023-09-05;industrials;33.41
2023-09-05;Healthcare;43.99
2023-09-05;Crypto;51.26
2023-09-06;financial services;31.81
2023-09-06;Utilities;39.92
2023-09-06;  Energy ;51.48
2023-09-06;BASIC MATERIALS;68.49
2023-09-06;CONSUMER CYCLICAL;61.97
2023-09-06;Communication Services;68.29
2023-09-06;  Real Estate ;45.96
2023-09-06;TECHNOLOGY;43.77
2023-09-06;Industrials;45.16
2023-09-06;Healthcare;50.17
2023-09-06;Crypto;19.25
2023-09-07;financial services;42.65
2023-09-07;  Utilities ;61.96
2023-09-07;ENERGY;59.95
2023-09-07;Basic Materials;41.05
2023-09-07;  Consumer Cyclical ;55.58
2023-09-07;COMMUNICATION SERVICES;27.67
2023-09-07;REAL ESTATE;56.7
2023-09-07;Technology;55.26
2023-09-07;Industrials;46.32
2023-09-07;Healthcare;25.9
2023-09-07;CRYPTO;60.83
2023-09-08;FINANCIAL SERVICES;40.37
2023-09-08;Utilities;52.82
2023-09-08;ENERGY;59.91
2023-09-08;Basic Materials;37.33
2023-09-08;CONSUMER CYCLICAL;84.53
2023-09-08;COMMUNICATION SERVICES;68.83
2023-09-08;REAL ESTATE;62.29
2023-09-08;technology;56.51
2023-09-08;INDUSTRIALS;44.41
2023-09-08;healthcare;55.47
2023-09-08;Crypto;73.6
2023-09-11;Financial Services;41.44
2023-09-11;UTILITIES;58.81
2023-09-11;Energy;60.09
2023-09-11;Basic Materials;76.93
2023-09-11;Consumer Cyclical;61.48
2023-09-11;Communication Services;32.2
2023-09-11;Real Estate;41.51
2023-09-11;Technology;60.62
2023-09-11;Industrials;47.05
2023-09-11;healthcare;52.45
2023-09-11;CRYPTO;37.96
2023-09-12;FINANCIAL SERVICES;54.16
2023-09-12;Utilities;52.33
2023-09-12;  Energy ;63.22
2023-09-12;basic materials;34.57
2023-09-12;consumer cyclical;72.28
2023-09-12;  Communication Services ;56.46
2023-09-12;Real Estate;48.7
2023-09-12;TECHNOLOGY;53.26
2023-09-12;Industrials;54.06
2023-09-12;HEALTHCARE;50.39
2023-09-12;  Crypto ;41.8
2023-09-13;Financial Services;43.15
2023-09-13;Utilities;48.97
2023-09-13;ENERGY;56.67
2023-09-13;BASIC MATERIALS;41.27
2023-09-13;consumer cyclical;35.76
2023-09-13;Communication Services;41.59
2023-09-13;Real Estate;25.85
2023-09-13;  Technology ;47.83
2023-09-13;Industrials;41.25
2023-09-13;Healthcare;26.61
2023-09-13;Crypto;47.77
2023-09-14;Financial Services;57.6
2023-09-14;UTILITIES;46.63
2023-09-14;  Energy ;47.25
2023-09-14;basic materials;18.49
2023-09-14;  Consumer Cyclical ;60.03
2023-09-14;COMMUNICATION SERVICES;67.27
2023-09-14;real estate;77.38
2023-09-14;technology;51.38
2023-09-14;INDUSTRIALS;43.37
2023-09-14;healthcare;60.95
2023-09-14;CRYPTO;65.81
2023-09-15;  Financial Services ;70.22
2023-09-15;  Utilities ;68.65
2023-09-15;  Energy ;52.46
2023-09-15;BASIC MATERIALS;67.95
2023-09-15;CONSUMER CYCLICAL;46.15
2023-09-15;  Communication Services ;54.59
2023-09-15;Real Estate;68.43
2023-09-15;TECHNOLOGY;34.87
2023-09-15;INDUSTRIALS;61.02
2023-09-15;  Healthcare ;68.6
2023-09-15;  Crypto ;30.32
2023-09-18;Financial Services;55.6
2023-09-18;Utilities;45.67
2023-09-18;energy;38.36
2023-09-18;  Basic Materials ;47.83
2023-09-18;Consumer Cyclical;60.1
2023-09-18;  Communication Services ;58.93
2023-09-18;REAL ESTATE;40.9
2023-09-18;Technology;63.12
2023-09-18;INDUSTRIALS;47.66
2023-09-18;Healthcare;68.63
2023-09-18;Crypto;49.06
2023-09-19;FINANCIAL SERVICES;40.09
2023-09-19;utilities;47.58
2023-09-19;energy;60.18
2023-09-19;BASIC MATERIALS;41.37
2023-09-19;consumer cyclical;63.15
2023-09-19;communication services;68.64
2023-09-19;REAL ESTATE;40.54
2023-09-19;Technology;35.09
2023-09-19;  Industrials ;52.54
2023-09-19;Healthcare;17.2
2023-09-19;Crypto;53.25
2023-09-20;FINANCIAL SERVICES;63.6
2023-09-20;Utilities;47.16
2023-09-20;energy;50.29
2023-09-20;  Basic Materials ;44.69
2023-09-20;  Consumer Cyclical ;39.39
2023-09-20;COMMUNICATION SERVICES;66.87
2023-09-20;REAL ESTATE;58.59
2023-09-20;TECHNOLOGY;41.79
2023-09-20;Industrials;56.99
2023-09-20;HEALTHCARE;48.9
2023-09-20;crypto;72.63
2023-09-21;Financial Services;62.97
2023-09-21;Utilities;61.13
2023-09-21;ENERGY;49.21
2023-09-21;Basic Materials;57.51
2023-09-21;  Consumer Cyclical ;36.13
2023-09-21;COMMUNICATION SERVICES;44.56
2023-09-21;real estate;50.37
2023-09-21;Technology;69.07
2023-09-21;Industrials;52.21
2023-09-21;healthcare;40.71
2023-09-21;Crypto;70.16
2023-09-22;Financial Services;39.84
2023-09-22;  Utilities ;28.33
2023-09-22;Energy;64.9
2023-09-22;basic materials;27.15
2023-09-22;  Consumer Cyclical ;59.92
2023-09-22;COMMUNICATION SERVICES;13.27
2023-09-22;Real Estate;35.29
2023-09-22;Technology;59.21
2023-09-22;industrials;66.44
2023-09-22;HEALTHCARE;31.53
2023-09-22;Crypto;35.83
2023-09-25;Financial Services;46.86
2023-09-25;UTILITIES;30.1
2023-09-25;ENERGY;53.47
2023-09-25;Basic Materials;38.67
2023-09-25;Consumer Cyclical;56.25
2023-09-25;Communication Services;32.07
2023-09-25;REAL ESTATE;64.15
2023-09-25;  Technology ;60.97
2023-09-25;INDUSTRIALS;63.78
2023-09-25;HEALTHCARE;50.17
2023-09-25;  Crypto ;27.39
2023-09-26;FINANCIAL SERVICES;44.69
2023-09-26;  Utilities ;19.07
2023-09-26;Energy;54.18
2023-09-26;BASIC MATERIALS;23.53
2023-09-26;CONSUMER CYCLICAL;35.01
2023-09-26;Communication Services;35.23
2023-09-26;Real Estate;55.28
2023-09-26;Technology;40.3
2023-09-26;Industrials;45.14
2023-09-26;HEALTHCARE;46.95
2023-09-26;Crypto;38.97
2023-09-27;FINANCIAL SERVICES;62.62
2023-09-27;Utilities;46.48
2023-09-27;ENERGY;41.33
2023-09-27;Basic Materials;51.22
2023-09-27;consumer cyclical;42.68
2023-09-27;Communication Services;62.81
2023-09-27;Real Estate;49.68
2023-09-27;TECHNOLOGY;46.13
2023-09-27;INDUSTRIALS;43.8
2023-09-27;healthcare;43.66
2023-09-27;CRYPTO;54.41
2023-09-28;Financial Services;62.8
2023-09-28;Utilities;42.65
2023-09-28;energy;38.36
2023-09-28;basic materials;40.51
2023-09-28;  Consumer Cyclical ;65.16
2023-09-28;Communication Services;55.72
2023-09-28;Real Estate;61.12
2023-09-28;TECHNOLOGY;35.75
2023-09-28;INDUSTRIALS;41.18
2023-09-28;Healthcare;41.26
2023-09-28;Crypto;43.56
2023-09-29;Financial Services;58.56
2023-09-29;Utilities;39.27
2023-09-29;Energy;61.03
2023-09-29;BASIC MATERIALS;55.2
2023-09-29;consumer cyclical;65.9
2023-09-29;  Communication Services ;41.61
2023-09-29;  Real Estate ;67.26
2023-09-29;Technology;56.98
2023-09-29;Industrials;52.89
2023-09-29;Healthcare;39.74
2023-09-29;CRYPTO;42.9
2023-10-02;financial services;58.18
2023-10-02;UTILITIES;55.88
2023-10-02;energy;52.95
2023-10-02;BASIC MATERIALS;57.93
2023-10-02;Consumer Cyclical;74.59
2023-10-02;communication services;72.05
2023-10-02;Real Estate;52.75
2023-10-02;TECHNOLOGY;37.27
2023-10-02;Industrials;40.73
2023-10-02;HEALTHCARE;51.96
2023-10-02;Crypto;63.23
2023-10-03;FINANCIAL SERVICES;64.23
2023-10-03;UTILITIES;23.02
2023-10-03;  Energy ;57.8
2023-10-03;Basic Materials;37.52
2023-10-03;Consumer Cyclical;58.59
2023-10-03;COMMUNICATION SERVICES;48.36
2023-10-03;Real Estate;44.17
2023-10-03;technology;44.2
2023-10-03;INDUSTRIALS;41.12
2023-10-03;healthcare;50.12
2023-10-03;Crypto;56.02
2023-10-04;Financial Services;68.44
2023-10-04;utilities;34.58
2023-10-04;energy;40.53
2023-10-04;  Basic Materials ;21.18
2023-10-04;Consumer Cyclical;39.55
2023-10-04;Communication Services;38.73
2023-10-04;Real Estate;37.38
2023-10-04;technology;34.24
2023-10-04;Industrials;61.23
2023-10-04;HEALTHCARE;53.63
2023-10-04;Crypto;41.6
2023-10-05;financial services;51.85
2023-10-05;  Utilities ;32.07
2023-10-05;ENERGY;40.55
2023-10-05;basic materials;44.32
2023-10-05;Consumer Cyclical;55.16
2023-10-05;Communication Services;56.74
2023-10-05;real estate;52.85
2023-10-05;TECHNOLOGY;52.13
2023-10-05;INDUSTRIALS;69.88
2023-10-05;Healthcare;48.23
2023-10-05;Crypto;66.62
2023-10-06;FINANCIAL SERVICES;57.58
2023-10-06;utilities;41.19
2023-10-06;Energy;43.51
2023-10-06;BASIC MATERIALS;34.41
2023-10-06;  Consumer Cyclical ;64.34
2023-10-06;communication services;67.08
2023-10-06;REAL ESTATE;64.53
2023-10-06;technology;59.6
2023-10-06;Industrials;65.14
2023-10-06;Healthcare;71.36
2023-10-06;CRYPTO;34.77
2023-10-09;FINANCIAL SERVICES;53.43
2023-10-09;Utilities;75.97
2023-10-09;ENERGY;27.74
2023-10-09;BASIC MATERIALS;48.82
2023-10-09;consumer cyclical;48.49
2023-10-09;COMMUNICATION SERVICES;41.34
2023-10-09;Real Estate;68.94
2023-10-09;Technology;41.73
2023-10-09;INDUSTRIALS;51.22
2023-10-09;healthcare;47.48
2023-10-09;Crypto;35.72
2023-10-10;Financial Services;40.7
2023-10-10;utilities;50.23
2023-10-10;Energy;60.76
2023-10-10;BASIC MATERIALS;34.58
2023-10-10;CONSUMER CYCLICAL;17.5
2023-10-10;communication services;59.47
2023-10-10;Real Estate;44.43
2023-10-10;Technology;41.21
2023-10-10;  Industrials ;49.33
2023-10-10;Healthcare;37.0
2023-10-10;Crypto;66.1
2023-10-11;FINANCIAL SERVICES;57.41
2023-10-11;  Utilities ;87.32
2023-10-11;energy;48.44
2023-10-11;BASIC MATERIALS;55.62
2023-10-11;CONSUMER CYCLICAL;43.08
2023-10-11;Communication Services;33.98
2023-10-11;Real Estate;57.96
2023-10-11;  Technology ;51.24
2023-10-11;Industrials;59.84
2023-10-11;healthcare;55.78
2023-10-11;CRYPTO;32.07
2023-10-12;FINANCIAL SERVICES;62.84
2023-10-12;UTILITIES;46.12
2023-10-12;Energy;46.01
2023-10-12;Basic Materials;53.94
2023-10-12;consumer cyclical;41.49
2023-10-12;Communication Services;44.59
2023-10-12;Real Estate;49.72
2023-10-12;  Technology ;69.92
2023-10-12;  Industrials ;51.85
2023-10-12;healthcare;25.57
2023-10-12;Crypto;48.63
2023-10-13;Financial Services;49.39
2023-10-13;Utilities;31.35
2023-10-13;energy;57.43
2023-10-13;Basic Materials;51.96
2023-10-13;Consumer Cyclical;48.36
2023-10-13;COMMUNICATION SERVICES;46.23
2023-10-13;Real Estate;37.81
2023-10-13;  Technology ;52.79
2023-10-13;Industrials;55.44
2023-10-13;Healthcare;64.6
2023-10-13;  Crypto ;49.43
2023-10-16;  Financial Services ;30.13
2023-10-16;utilities;59.22
2023-10-16;  Energy ;58.07
2023-10-16;Basic Materials;41.78
2023-10-16;  Consumer Cyclical ;17.79
2023-10-16;communication services;34.68
2023-10-16;Real Estate;28.63
2023-10-16;Technology;41.89
2023-10-16;Industrials;47.58
2023-10-16;healthcare;31.46
2023-10-16;crypto;60.96
2023-10-17;FINANCIAL SERVICES;55.75
2023-10-17;Utilities;43.89
2023-10-17;Energy;75.13
2023-10-17;  Basic Materials ;54.8
2023-10-17;CONSUMER CYCLICAL;67.59
2023-10-17;Communication Services;45.65
2023-10-17;REAL ESTATE;75.64
2023-10-17;Technology;53.37
2023-10-17;  Industrials ;34.27
2023-10-17;Healthcare;78.91
2023-10-17;Crypto;51.08
2023-10-18;  Financial Services ;36.01
2023-10-18;Utilities;25.01
2023-10-18;ENERGY;67.13
2023-10-18;BASIC MATERIALS;71.62
2023-10-18;consumer cyclical;34.58
2023-10-18;  Communication Services ;57.71
2023-10-18;Real Estate;48.77
2023-10-18;TECHNOLOGY;51.73
2023-10-18;industrials;37.29
2023-10-18;  Healthcare ;47.07
2023-10-18;CRYPTO;73.64
2023-10-19;Financial Services;51.35
2023-10-19;Utilities;42.82
2023-10-19;  Energy ;64.99
2023-10-19;basic materials;30.39
2023-10-19;Consumer Cyclical;49.76
2023-10-19;Communication Services;45.94
2023-10-19;Real Estate;48.71
2023-10-19;TECHNOLOGY;22.09
2023-10-19;industrials;44.92
2023-10-19;HEALTHCARE;35.39
2023-10-19;  Crypto ;61.03
2023-10-20;Financial Services;52.76
2023-10-20;utilities;44.43
2023-10-20;Energy;44.84
2023-10-20;BASIC MATERIALS;64.65
2023-10-20;Consumer Cyclical;39.03
2023-10-20;Communication Services;64.26
2023-10-20;REAL ESTATE;24.25
2023-10-20;TECHNOLOGY;66.03
2023-10-20;Industrials;41.22
2023-10-20;  Healthcare ;61.7
2023-10-20;Crypto;50.28
2023-10-23;Financial Services;32.76
2023-10-23;Utilities;35.88
2023-10-23;Energy;63.97
2023-10-23;Basic Materials;34.84
2023-10-23;Consumer Cyclical;38.79
2023-10-23;Communication Services;57.01
2023-10-23;  Real Estate ;55.12
2023-10-23;Technology;45.84
2023-10-23;INDUSTRIALS;38.38
2023-10-23;healthcare;32.93
2023-10-23;Crypto;78.98
2023-10-24;FINANCIAL SERVICES;44.11
2023-10-24;Utilities;62.91
2023-10-24;energy;61.97
2023-10-24;basic materials;35.67
2023-10-24;CONSUMER CYCLICAL;60.39
2023-10-24;communication services;49.07
2023-10-24;real estate;43.9
2023-10-24;TECHNOLOGY;57.85
2023-10-24;Industrials;64.35
2023-10-24;HEALTHCARE;58.69
2023-10-24;Crypto;46.38
2023-10-25;Financial Services;29.54
2023-10-25;Utilities;66.77
2023-10-25;energy;39.97
2023-10-25;BASIC MATERIALS;43.76
2023-10-25;Consumer Cyclical;42.94
2023-10-25;Communication Services;37.22
2023-10-25;  Real Estate ;53.08
2023-10-25;Technology;41.04
2023-10-25;INDUSTRIALS;44.29
2023-10-25;Healthcare;56.24
2023-10-25;  Crypto ;46.47
2023-10-26;  Financial Services ;53.98
2023-10-26;utilities;47.54
2023-10-26;Energy;34.69
2023-10-26;Basic Materials;46.76
2023-10-26;Consumer Cyclical;50.7
2023-10-26;Communication Services;59.07
2023-10-26;Real Estate;35.15
2023-10-26;Technology;67.22
2023-10-26;  Industrials ;52.98
2023-10-26;healthcare;40.75
2023-10-26;Crypto;61.55
2023-10-27;FINANCIAL SERVICES;61.06
2023-10-27;  Utilities ;56.82
2023-10-27;  Energy ;37.29
2023-10-27;Basic Materials;56.86
2023-10-27;  Consumer Cyclical ;60.63
2023-10-27;communication services;64.37
2023-10-27;Real Estate;23.61
2023-10-27;Technology;32.64
2023-10-27;industrials;49.25
2023-10-27;HEALTHCARE;44.14
2023-10-27;crypto;33.69
2023-10-30;Financial Services;47.33
2023-10-30;  Utilities ;54.47
2023-10-30;Energy;33.46
2023-10-30;BASIC MATERIALS;43.84
2023-10-30;CONSUMER CYCLICAL;13.32
2023-10-30;Communication Services;60.55
2023-10-30;real estate;54.54
2023-10-30;technology;49.97
2023-10-30;industrials;50.4
2023-10-30;Healthcare;47.77
2023-10-30;CRYPTO;24.49
2023-10-31;Financial Services;62.54
2023-10-31;Utilities;45.64
2023-10-31;energy;44.0
2023-10-31;Basic Materials;57.5
2023-10-31;Consumer Cyclical;45.84
2023-10-31;Communication Services;66.88
2023-10-31;  Real Estate ;61.67
2023-10-31;  Technology ;53.08
2023-10-31;Industrials;60.77
2023-10-31;Healthcare;44.0
2023-10-31;  Crypto ;66.01
2023-11-01;  Financial Services ;52.2
2023-11-01;Utilities;39.8
2023-11-01;Energy;49.4
2023-11-01;Basic Materials;55.45
2023-11-01;CONSUMER CYCLICAL;41.78
2023-11-01;Communication Services;49.87
2023-11-01;REAL ESTATE;74.42
2023-11-01;Technology;62.41
2023-11-01;Industrials;62.65
2023-11-01;Healthcare;60.07
2023-11-01;Crypto;46.21
2023-11-02;  Financial Services ;33.13
2023-11-02;Utilities;46.72
2023-11-02;  Energy ;58.99
2023-11-02;Basic Materials;49.35
2023-11-02;CONSUMER CYCLICAL;21.58
2023-11-02;Communication Services;70.84
2023-11-02;REAL ESTATE;51.35
2023-11-02;technology;52.9
2023-11-02;INDUSTRIALS;53.78
2023-11-02;Healthcare;50.2
2023-11-02;Crypto;49.69
2023-11-03;  Financial Services ;88.67
2023-11-03;  Utilities ;79.49
2023-11-03;Energy;58.49
2023-11-03;basic materials;54.88
2023-11-03;CONSUMER CYCLICAL;65.93
2023-11-03;COMMUNICATION SERVICES;65.54
2023-11-03;REAL ESTATE;72.01
2023-11-03;TECHNOLOGY;56.44
2023-11-03;industrials;73.55
2023-11-03;HEALTHCARE;61.81
2023-11-03;Crypto;41.91
2023-11-06;Financial Services;47.21
2023-11-06;Utilities;57.55
2023-11-06;ENERGY;47.65
2023-11-06;Basic Materials;42.8
2023-11-06;Consumer Cyclical;42.0
2023-11-06;Communication Services;76.89
2023-11-06;Real Estate;58.22
2023-11-06;TECHNOLOGY;57.16
2023-11-06;Industrials;58.04
2023-11-06;Healthcare;29.98
2023-11-06;Crypto;47.63
2023-11-07;Financial Services;46.3
2023-11-07;UTILITIES;49.51
2023-11-07;ENERGY;56.02
2023-11-07;  Basic Materials ;31.65
2023-11-07;Consumer Cyclical;25.07
2023-11-07;Communication Services;31.2
2023-11-07;  Real Estate ;42.33
2023-11-07;Technology;48.78
2023-11-07;industrials;39.02
2023-11-07;healthcare;65.3
2023-11-07;Crypto;60.65
2023-11-08;Financial Services;35.88
2023-11-08;utilities;47.54
2023-11-08;energy;25.88
2023-11-08;basic materials;49.65
2023-11-08;consumer cyclical;61.82
2023-11-08;communication services;46.7
2023-11-08;REAL ESTATE;48.08
2023-11-08;Technology;62.91
2023-11-08;industrials;57.32
2023-11-08;HEALTHCARE;66.9
2023-11-08;crypto;57.2
2023-11-09;FINANCIAL SERVICES;36.65
2023-11-09;utilities;40.6
2023-11-09;Energy;19.69
2023-11-09;  Basic Materials ;41.56
2023-11-09;Consumer Cyclical;58.18
2023-11-09;Communication Services;54.37
2023-11-09;REAL ESTATE;56.1
2023-11-09;Technology;54.07
2023-11-09;Industrials;57.35
2023-11-09;HEALTHCARE;66.93
2023-11-09;Crypto;49.71
2023-11-10;financial services;46.44
2023-11-10;utilities;63.91
2023-11-10;ENERGY;63.26
2023-11-10;BASIC MATERIALS;55.98
2023-11-10;Consumer Cyclical;69.61
2023-11-10;communication services;50.23
2023-11-10;  Real Estate ;45.3
2023-11-10;TECHNOLOGY;44.32
2023-11-10;  Industrials ;61.03
2023-11-10;HEALTHCARE;29.29
2023-11-10;  Crypto ;48.83
2023-11-13;  Financial Services ;51.5
2023-11-13;Utilities;32.14
2023-11-13;ENERGY;66.68
2023-11-13;BASIC MATERIALS;23.07
2023-11-13;  Consumer Cyclical ;60.35
2023-11-13;COMMUNICATION SERVICES;52.89
2023-11-13;Real Estate;46.61
2023-11-13;technology;60.19
2023-11-13;INDUSTRIALS;45.74
2023-11-13;Healthcare;46.66
2023-11-13;Crypto;38.7
2023-11-14;financial services;52.95
2023-11-14;UTILITIES;73.17
2023-11-14;Energy;54.7
2023-11-14;Basic Materials;50.38
2023-11-14;Consumer Cyclical;64.6
2023-11-14;Communication Services;58.87
2023-11-14;Real Estate;57.11
2023-11-14;technology;47.37
2023-11-14;industrials;56.82
2023-11-14;HEALTHCARE;40.86
2023-11-14;crypto;55.22
2023-11-15;Financial Services;54.16
2023-11-15;Utilities;62.22
2023-11-15;ENERGY;29.88
2023-11-15;BASIC MATERIALS;49.31
2023-11-15;consumer cyclical;62.13
2023-11-15;COMMUNICATION SERVICES;58.75
2023-11-15;Real Estate;80.34
2023-11-15;TECHNOLOGY;50.86
2023-11-15;Industrials;36.08
2023-11-15;  Healthcare ;67.37
2023-11-15;Crypto;69.95
2023-11-16;Financial Services;45.04
2023-11-16;Utilities;47.25
2023-11-16;energy;44.71
2023-11-16;Basic Materials;59.29
2023-11-16;Consumer Cyclical;40.49
2023-11-16;Communication Services;27.57
2023-11-16;Real Estate;44.34
2023-11-16;technology;25.09
2023-11-16;  Industrials ;55.71
2023-11-16;healthcare;34.92
2023-11-16;CRYPTO;45.24
2023-11-17;FINANCIAL SERVICES;54.25
2023-11-17;  Utilities ;30.47
2023-11-17;energy;29.97
2023-11-17;BASIC MATERIALS;54.7
2023-11-17;consumer cyclical;61.02
2023-11-17;Communication Services;47.97
2023-11-17;REAL ESTATE;46.26
2023-11-17;  Technology ;34.1
2023-11-17;industrials;31.11
2023-11-17;Healthcare;56.87
2023-11-17;Crypto;31.16
2023-11-20;FINANCIAL SERVICES;55.54
2023-11-20;Utilities;54.74
2023-11-20;Energy;64.88
2023-11-20;Basic Materials;35.65
2023-11-20;Consumer Cyclical;51.17
2023-11-20;COMMUNICATION SERVICES;55.98
2023-11-20;Real Estate;48.9
2023-11-20;Technology;52.55
2023-11-20;  Industrials ;48.12
2023-11-20;  Healthcare ;67.1
2023-11-20;crypto;44.43
2023-11-21;Financial Services;48.56
2023-11-21;utilities;71.77
2023-11-21;ENERGY;41.9
2023-11-21;BASIC MATERIALS;53.61
2023-11-21;consumer cyclical;40.33
2023-11-21;Communication Services;51.08
2023-11-21;real estate;43.82
2023-11-21;Technology;55.19
2023-11-21;Industrials;61.15
2023-11-21;Healthcare;57.89
2023-11-21;  Crypto ;31.26
2023-11-22;  Financial Services ;56.4
2023-11-22;utilities;32.46
2023-11-22;energy;24.11
2023-11-22;basic materials;52.1
2023-11-22;consumer cyclical;54.36
2023-11-22;COMMUNICATION SERVICES;45.03
2023-11-22;Real Estate;20.96
2023-11-22;TECHNOLOGY;58.92
2023-11-22;  Industrials ;40.19
2023-11-22;HEALTHCARE;32.58
2023-11-22;CRYPTO;42.99
2023-11-23;  Financial Services ;37.17
2023-11-23;Utilities;27.68
2023-11-23;energy;59.14
2023-11-23;Basic Materials;59.34
2023-11-23;Consumer Cyclical;59.12
2023-11-23;Communication Services;47.62
2023-11-23;Real Estate;55.34
2023-11-23;technology;66.23
2023-11-23;Industrials;68.62
2023-11-23;Healthcare;45.13
2023-11-23;Crypto;66.42
2023-11-24;financial services;49.63
2023-11-24;  Utilities ;62.04
2023-11-24;ENERGY;45.21
2023-11-24;BASIC MATERIALS;55.96
2023-11-24;CONSUMER CYCLICAL;48.13
2023-11-24;COMMUNICATION SERVICES;55.38
2023-11-24;  Real Estate ;72.83
2023-11-24;TECHNOLOGY;69.42
2023-11-24;INDUSTRIALS;47.86
2023-11-24;Healthcare;53.54
2023-11-24;Crypto;39.31
2023-11-27;Financial Services;55.63
2023-11-27;UTILITIES;50.49
2023-11-27;  Energy ;63.6
2023-11-27;Basic Materials;51.82
2023-11-27;consumer cyclical;45.33
2023-11-27;communication services;37.9
2023-11-27;REAL ESTATE;39.76
2023-11-27;  Technology ;47.42
2023-11-27;Industrials;79.41
2023-11-27;  Healthcare ;72.81
2023-11-27;CRYPTO;69.48
2023-11-28;Financial Services;49.14
2023-11-28;Utilities;52.21
2023-11-28;Energy;55.65
2023-11-28;  Basic Materials ;58.23
2023-11-28;Consumer Cyclical;35.23
2023-11-28;COMMUNICATION SERVICES;44.57
2023-11-28;REAL ESTATE;70.99
2023-11-28;technology;49.4
2023-11-28;industrials;73.04
2023-11-28;Healthcare;45.05
2023-11-28;Crypto;37.23
2023-11-29;Financial Services;29.25
2023-11-29;Utilities;66.37
2023-11-29;  Energy ;43.52
2023-11-29;Basic Materials;50.14
2023-11-29;CONSUMER CYCLICAL;71.96
2023-11-29;communication services;50.76
2023-11-29;Real Estate;64.36
2023-11-29;Technology;51.16
2023-11-29;Industrials;23.52
2023-11-29;Healthcare;35.16
2023-11-29;Crypto;51.86
2023-11-30;  Financial Services ;41.31
2023-11-30;Utilities;63.62
2023-11-30;  Energy ;59.42
2023-11-30;basic materials;56.59
2023-11-30;CONSUMER CYCLICAL;64.65
2023-11-30;COMMUNICATION SERVICES;44.14
2023-11-30;REAL ESTATE;53.75
2023-11-30;TECHNOLOGY;36.42
2023-11-30;INDUSTRIALS;61.21
2023-11-30;HEALTHCARE;41.03
2023-11-30;Crypto;42.32
2023-12-01;FINANCIAL SERVICES;40.12
2023-12-01;Utilities;29.32
2023-12-01;ENERGY;64.61
2023-12-01;BASIC MATERIALS;34.45
2023-12-01;Consumer Cyclical;59.47
2023-12-01;communication services;42.97
2023-12-01;  Real Estate ;75.45
2023-12-01;Technology;55.81
2023-12-01;Industrials;42.3
2023-12-01;Healthcare;87.14
2023-12-01;CRYPTO;34.41
2023-12-04;FINANCIAL SERVICES;46.47
2023-12-04;Utilities;53.04
2023-12-04;Energy;45.49
2023-12-04;Basic Materials;64.8
2023-12-04;consumer cyclical;44.16
2023-12-04;COMMUNICATION SERVICES;54.99
2023-12-04;Real Estate;45.42
2023-12-04;TECHNOLOGY;37.15
2023-12-04;Industrials;64.74
2023-12-04;Healthcare;57.45
2023-12-04;CRYPTO;71.79
2023-12-05;Financial Services;43.52
2023-12-05;Utilities;36.11
2023-12-05;  Energy ;27.75
2023-12-05;BASIC MATERIALS;29.41
2023-12-05;consumer cyclical;48.89
2023-12-05;COMMUNICATION SERVICES;47.96
2023-12-05;Real Estate;51.8
2023-12-05;Technology;53.49
2023-12-05;INDUSTRIALS;57.19
2023-12-05;  Healthcare ;50.49
2023-12-05;Crypto;49.46
2023-12-06;  Financial Services ;35.72
2023-12-06;UTILITIES;61.61
2023-12-06;  Energy ;28.1
2023-12-06;BASIC MATERIALS;52.06
2023-12-06;Consumer Cyclical;30.94
2023-12-06;communication services;38.71
2023-12-06;real estate;47.99
2023-12-06;Technology;47.52
2023-12-06;INDUSTRIALS;68.29
2023-12-06;HEALTHCARE;63.31
2023-12-06;CRYPTO;13.19
2023-12-07;Financial Services;62.97
2023-12-07;Utilities;48.01
2023-12-07;energy;51.67
2023-12-07;Basic Materials;56.0
2023-12-07;  Consumer Cyclical ;59.27
2023-12-07;  Communication Services ;62.8
2023-12-07;  Real Estate ;77.54
2023-12-07;Technology;29.35
2023-12-07;industrials;36.73
2023-12-07;Healthcare;64.54
2023-12-07;Crypto;57.99
2023-12-08;Financial Services;57.94
2023-12-08;  Utilities ;53.18
2023-12-08;Energy;15.84
2023-12-08;Basic Materials;80.98
2023-12-08;CONSUMER CYCLICAL;32.47
2023-12-08;communication services;34.35
2023-12-08;Real Estate;45.1
2023-12-08;Technology;61.65
2023-12-08;industrials;58.76
2023-12-08;HEALTHCARE;33.16
2023-12-08;Crypto;43.58
2023-12-11;Financial Services;24.76
2023-12-11;utilities;58.17
2023-12-11;energy;54.49
2023-12-11;BASIC MATERIALS;54.79
2023-12-11;consumer cyclical;42.62
2023-12-11;Communication Services;43.39
2023-12-11;Real Estate;40.32
2023-12-11;TECHNOLOGY;62.68
2023-12-11;  Industrials ;51.5
2023-12-11;HEALTHCARE;50.18
2023-12-11;Crypto;42.55
2023-12-12;Financial Services;47.18
2023-12-12;UTILITIES;32.34
2023-12-12;ENERGY;57.31
2023-12-12;Basic Materials;49.78
2023-12-12;consumer cyclical;53.68
2023-12-12;Communication Services;49.42
2023-12-12;REAL ESTATE;34.57
2023-12-12;  Technology ;43.42
2023-12-12;Industrials;70.37
2023-12-12;Healthcare;56.5
2023-12-12;CRYPTO;67.86
2023-12-13;Financial Services;43.05
2023-12-13;  Utilities ;54.49
2023-12-13;ENERGY;40.55
2023-12-13;BASIC MATERIALS;36.44
2023-12-13;consumer cyclical;59.74
2023-12-13;Communication Services;43.58
2023-12-13;real estate;55.52
2023-12-13;technology;58.13
2023-12-13;Industrials;70.43
2023-12-13;  Healthcare ;65.68
2023-12-13;  Crypto ;50.29
2023-12-14;Financial Services;48.44
2023-12-14;Utilities;52.09
2023-12-14;Energy;48.77
2023-12-14;basic materials;34.97
2023-12-14;Consumer Cyclical;51.8
2023-12-14;Communication Services;14.0
2023-12-14;Real Estate;49.66
2023-12-14;technology;59.52
2023-12-14;industrials;63.39
2023-12-14;Healthcare;52.42
2023-12-14;Crypto;55.92
2023-12-15;financial services;51.87
2023-12-15;UTILITIES;65.14
2023-12-15;ENERGY;45.79
2023-12-15;BASIC MATERIALS;61.21
2023-12-15;  Consumer Cyclical ;62.66
2023-12-15;COMMUNICATION SERVICES;25.51
2023-12-15;REAL ESTATE;38.01
2023-12-15;technology;61.46
2023-12-15;Industrials;57.18
2023-12-15;HEALTHCARE;46.1
2023-12-15;crypto;58.0
2023-12-18;Financial Services;44.19
2023-12-18;UTILITIES;55.03
2023-12-18;ENERGY;56.29
2023-12-18;BASIC MATERIALS;51.16
2023-12-18;Consumer Cyclical;40.46
2023-12-18;Communication Services;33.45
2023-12-18;Real Estate;20.81
2023-12-18;  Technology ;75.1
2023-12-18;  Industrials ;48.28
2023-12-18;Healthcare;30.13
2023-12-18;crypto;82.37
2023-12-19;  Financial Services ;50.32
2023-12-19;Utilities;55.83
2023-12-19;energy;49.11
2023-12-19;Basic Materials;66.78
2023-12-19;Consumer Cyclical;48.62
2023-12-19;Communication Services;74.71
2023-12-19;Real Estate;53.94
2023-12-19;  Technology ;61.93
2023-12-19;INDUSTRIALS;58.3
2023-12-19;healthcare;48.17
2023-12-19;  Crypto ;52.78
2023-12-20;Financial Services;44.66
2023-12-20;  Utilities ;36.87
2023-12-20;Energy;42.9
2023-12-20;Basic Materials;47.25
2023-12-20;consumer cyclical;59.99
2023-12-20;communication services;51.38
2023-12-20;Real Estate;46.88
2023-12-20;Technology;40.53
2023-12-20;INDUSTRIALS;48.74
2023-12-20;healthcare;57.2
2023-12-20;crypto;30.05
2023-12-21;FINANCIAL SERVICES;53.18
2023-12-21;  Utilities ;34.66
2023-12-21;ENERGY;61.81
2023-12-21;BASIC MATERIALS;45.29
2023-12-21;Consumer Cyclical;57.41
2023-12-21;  Communication Services ;69.04
2023-12-21;REAL ESTATE;31.68
2023-12-21;TECHNOLOGY;28.21
2023-12-21;Industrials;45.67
2023-12-21;Healthcare;74.85
2023-12-21;Crypto;81.41
2023-12-22;financial services;51.05
2023-12-22;utilities;36.42
2023-12-22;Energy;38.6
2023-12-22;Basic Materials;44.25
2023-12-22;consumer cyclical;57.73
2023-12-22;COMMUNICATION SERVICES;43.19
2023-12-22;Real Estate;50.61
2023-12-22;TECHNOLOGY;78.41
2023-12-22;Industrials;38.3
2023-12-22;healthcare;53.56
2023-12-22;Crypto;48.53
2023-12-27;financial services;41.68
2023-12-27;UTILITIES;66.83
2023-12-27;ENERGY;37.49
2023-12-27;BASIC MATERIALS;64.4
2023-12-27;  Consumer Cyclical ;52.72
2023-12-27;communication services;64.91
2023-12-27;Real Estate;41.61
2023-12-27;TECHNOLOGY;46.08
2023-12-27;Industrials;65.82
2023-12-27;healthcare;41.13
2023-12-27;Crypto;39.41
2023-12-28;Financial Services;35.19
2023-12-28;  Utilities ;51.39
2023-12-28;ENERGY;50.04
2023-12-28;basic materials;52.61
2023-12-28;Consumer Cyclical;49.5
2023-12-28;Communication Services;69.3
2023-12-28;  Real Estate ;50.33
2023-12-28;  Technology ;52.79
2023-12-28;industrials;51.78
2023-12-28;  Healthcare ;54.76
2023-12-28;crypto;70.57
2023-12-29;  Financial Services ;61.83
2023-12-29;utilities;51.13
2023-12-29;energy;52.38
2023-12-29;BASIC MATERIALS;48.54
2023-12-29;Consumer Cyclical;64.78
2023-12-29;communication services;54.79
2023-12-29;  Real Estate ;56.72
2023-12-29;Technology;51.64
2023-12-29;Industrials;34.48
2023-12-29;Healthcare;32.88
2023-12-29;CRYPTO;40.27
2024-01-02;FINANCIAL SERVICES;54.38
2024-01-02;UTILITIES;44.61
2024-01-02;  Energy ;26.26
2024-01-02;Basic Materials;42.67
2024-01-02;CONSUMER CYCLICAL;35.17
2024-01-02;  Communication Services ;74.93
2024-01-02;real estate;52.88
2024-01-02;Technology;61.65
2024-01-02;Industrials;40.46
2024-01-02;Healthcare;70.17
2024-01-02;Crypto;37.43
2024-01-03;Financial Services;60.65
2024-01-03;UTILITIES;47.39
2024-01-03;Energy;58.55
2024-01-03;basic materials;42.77
2024-01-03;consumer cyclical;60.56
2024-01-03;COMMUNICATION SERVICES;71.34
2024-01-03;Real Estate;66.37
2024-01-03;Technology;48.55
2024-01-03;INDUSTRIALS;59.07
2024-01-03;HEALTHCARE;35.83
2024-01-03;crypto;53.35
2024-01-04;Financial Services;44.67
2024-01-04;UTILITIES;41.94
2024-01-04;  Energy ;48.2
2024-01-04;BASIC MATERIALS;61.41
2024-01-04;consumer cyclical;53.65
2024-01-04;Communication Services;45.33
2024-01-04;Real Estate;22.05
2024-01-04;  Technology ;56.63
2024-01-04;  Industrials ;46.31
2024-01-04;Healthcare;61.06
2024-01-04;CRYPTO;65.38
2024-01-05;  Financial Services ;48.53
2024-01-05;Utilities;64.23
2024-01-05;Energy;72.42
2024-01-05;BASIC MATERIALS;35.9
2024-01-05;consumer cyclical;72.81
2024-01-05;COMMUNICATION SERVICES;70.59
2024-01-05;Real Estate;50.49
2024-01-05;TECHNOLOGY;58.84
2024-01-05;INDUSTRIALS;61.76
2024-01-05;  Healthcare ;35.38
2024-01-05;  Crypto ;64.24
2024-01-08;Financial Services;44.39
2024-01-08;Utilities;8.82
2024-01-08;  Energy ;42.56
2024-01-08;Basic Materials;51.72
2024-01-08;CONSUMER CYCLICAL;56.17
2024-01-08;COMMUNICATION SERVICES;39.72
2024-01-08;REAL ESTATE;46.17
2024-01-08;Technology;45.0
2024-01-08;industrials;60.03
2024-01-08;healthcare;20.79
2024-01-08;CRYPTO;57.76
2024-01-09;FINANCIAL SERVICES;57.13
2024-01-09;Utilities;41.81
2024-01-09;Energy;53.21
2024-01-09;basic materials;54.28
2024-01-09;  Consumer Cyclical ;41.65
2024-01-09;communication services;47.46
2024-01-09;REAL ESTATE;37.53
2024-01-09;technology;44.39
2024-01-09;INDUSTRIALS;54.18
2024-01-09;HEALTHCARE;33.63
2024-01-09;crypto;52.72
2024-01-10;Financial Services;35.23
2024-01-10;utilities;65.44
2024-01-10;energy;52.42
2024-01-10;Basic Materials;39.58
2024-01-10;CONSUMER CYCLICAL;58.82
2024-01-10;Communication Services;55.59
2024-01-10;Real Estate;54.52
2024-01-10;technology;24.82
2024-01-10;  Industrials ;44.15
2024-01-10;HEALTHCARE;16.13
2024-01-10;Crypto;37.57
2024-01-11;  Financial Services ;49.0
2024-01-11;Utilities;48.84
2024-01-11;  Energy ;56.3
2024-01-11;Basic Materials;42.28
2024-01-11;Consumer Cyclical;74.4
2024-01-11;  Communication Services ;58.53
2024-01-11;Real Estate;49.63
2024-01-11;  Technology ;55.18
2024-01-11;industrials;57.98
2024-01-11;healthcare;58.92
2024-01-11;crypto;50.99
2024-01-12;financial services;45.65
2024-01-12;Utilities;37.74
2024-01-12;Energy;51.7
2024-01-12;BASIC MATERIALS;61.3
2024-01-12;CONSUMER CYCLICAL;45.68
2024-01-12;  Communication Services ;49.98
2024-01-12;  Real Estate ;37.52
2024-01-12;TECHNOLOGY;52.89
2024-01-12;  Industrials ;62.51
2024-01-12;Healthcare;29.28
2024-01-12;crypto;60.95
2024-01-15;  Financial Services ;48.69
2024-01-15;Utilities;44.7
2024-01-15;energy;43.31
2024-01-15;  Basic Materials ;42.76
2024-01-15;consumer cyclical;63.8
2024-01-15;COMMUNICATION SERVICES;61.06
2024-01-15;Real Estate;50.08
2024-01-15;technology;54.65
2024-01-15;  Industrials ;27.37
2024-01-15;  Healthcare ;34.19
2024-01-15;crypto;52.33
2024-01-16;FINANCIAL SERVICES;60.51
2024-01-16;Utilities;38.27
2024-01-16;Energy;40.53
2024-01-16;BASIC MATERIALS;37.7
2024-01-16;Consumer Cyclical;51.61
2024-01-16;communication services;53.27
2024-01-16;Real Estate;51.78
2024-01-16;Technology;34.95
2024-01-16;industrials;53.97
2024-01-16;Healthcare;68.84
2024-01-16;CRYPTO;35.03
2024-01-17;FINANCIAL SERVICES;46.4
2024-01-17;utilities;69.02
2024-01-17;Energy;56.43
2024-01-17;Basic Materials;32.4
2024-01-17;consumer cyclical;27.07
2024-01-17;communication services;61.97
2024-01-17;  Real Estate ;57.41
2024-01-17;Technology;47.76
2024-01-17;INDUSTRIALS;32.01
2024-01-17;healthcare;30.01
2024-01-17;Crypto;8.53
2024-01-18;FINANCIAL SERVICES;44.54
2024-01-18;Utilities;32.73
2024-01-18;energy;52.2
2024-01-18;basic materials;39.09
2024-01-18;Consumer Cyclical;23.15
2024-01-18;  Communication Services ;40.13
2024-01-18;Real Estate;44.05
2024-01-18;TECHNOLOGY;60.54
2024-01-18;industrials;33.71
2024-01-18;Healthcare;50.9
2024-01-18;  Crypto ;65.03
2024-01-19;Financial Services;62.14
2024-01-19;Utilities;44.52
2024-01-19;ENERGY;42.16
2024-01-19;BASIC MATERIALS;72.99
2024-01-19;Consumer Cyclical;61.49
2024-01-19;  Communication Services ;45.38
2024-01-19;real estate;63.36
2024-01-19;technology;46.12
2024-01-19;industrials;70.93
2024-01-19;Healthcare;61.37
2024-01-19;CRYPTO;53.53
2024-01-22;Financial Services;52.29
2024-01-22;utilities;28.95
2024-01-22;ENERGY;56.08
2024-01-22;Basic Materials;62.89
2024-01-22;  Consumer Cyclical ;64.06
2024-01-22;COMMUNICATION SERVICES;47.19
2024-01-22;real estate;42.88
2024-01-22;technology;27.63
2024-01-22;Industrials;54.22
2024-01-22;HEALTHCARE;42.15
2024-01-22;Crypto;38.77
2024-01-23;  Financial Services ;66.0
2024-01-23;UTILITIES;69.03
2024-01-23;Energy;49.17
2024-01-23;Basic Materials;47.37
2024-01-23;CONSUMER CYCLICAL;37.04
2024-01-23;COMMUNICATION SERVICES;59.64
2024-01-23;  Real Estate ;52.99
2024-01-23;TECHNOLOGY;52.83
2024-01-23;Industrials;63.38
2024-01-23;healthcare;38.57
2024-01-23;Crypto;56.35
2024-01-24;FINANCIAL SERVICES;60.31
2024-01-24;  Utilities ;53.19
2024-01-24;ENERGY;68.3
2024-01-24;BASIC MATERIALS;50.83
2024-01-24;consumer cyclical;54.18
2024-01-24;Communication Services;43.09
2024-01-24;Real Estate;44.1
2024-01-24;  Technology ;63.76
2024-01-24;Industrials;56.57
2024-01-24;HEALTHCARE;71.52
2024-01-24;Crypto;25.23
2024-01-25;Financial Services;36.95
2024-01-25;Utilities;47.52
2024-01-25;energy;68.32
2024-01-25;Basic Materials;46.91
2024-01-25;CONSUMER CYCLICAL;72.61
2024-01-25;COMMUNICATION SERVICES;40.44
2024-01-25;REAL ESTATE;49.18
2024-01-25;Technology;61.34
2024-01-25;INDUSTRIALS;64.4
2024-01-25;HEALTHCARE;82.25
2024-01-25;CRYPTO;39.54
2024-01-26;Financial Services;43.32
2024-01-26;  Utilities ;61.86
2024-01-26;  Energy ;71.0
2024-01-26;basic materials;60.13
2024-01-26;  Consumer Cyclical ;48.9
2024-01-26;  Communication Services ;52.47
2024-01-26;Real Estate;60.11
2024-01-26;  Technology ;58.51
2024-01-26;Industrials;47.07
2024-01-26;HEALTHCARE;36.16
2024-01-26;CRYPTO;60.16
2024-01-29;Financial Services;52.75
2024-01-29;UTILITIES;71.01
2024-01-29;ENERGY;65.48
2024-01-29;basic materials;64.19
2024-01-29;  Consumer Cyclical ;52.88
2024-01-29;communication services;43.2
2024-01-29;  Real Estate ;68.75
2024-01-29;  Technology ;27.35
2024-01-29;Industrials;53.27
2024-01-29;HEALTHCARE;71.81
2024-01-29;Crypto;66.04
2024-01-30;Financial Services;34.4
2024-01-30;Utilities;66.44
2024-01-30;energy;60.52
2024-01-30;  Basic Materials ;47.38
2024-01-30;Consumer Cyclical;46.55
2024-01-30;  Communication Services ;28.73
2024-01-30;REAL ESTATE;58.94
2024-01-30;TECHNOLOGY;58.45
2024-01-30;Industrials;34.8
2024-01-30;healthcare;58.87
2024-01-30;  Crypto ;67.74
2024-01-31;financial services;50.93
2024-01-31;Utilities;58.63
2024-01-31;Energy;33.29
2024-01-31;BASIC MATERIALS;28.78
2024-01-31;CONSUMER CYCLICAL;31.75
2024-01-31;Communication Services;69.09
2024-01-31;real estate;40.44
2024-01-31;technology;19.21
2024-01-31;Industrials;55.69
2024-01-31;  Healthcare ;76.62
2024-01-31;Crypto;61.77
2024-02-01;financial services;53.58
2024-02-01;  Utilities ;46.54
2024-02-01;ENERGY;38.28
2024-02-01;basic materials;22.14
2024-02-01;consumer cyclical;43.06
2024-02-01;  Communication Services ;38.66
2024-02-01;REAL ESTATE;65.54
2024-02-01;Technology;57.27
2024-02-01;  Industrials ;47.91
2024-02-01;Healthcare;40.64
2024-02-01;crypto;56.42
2024-02-02;Financial Services;48.1
2024-02-02;Utilities;48.79
2024-02-02;energy;59.3
2024-02-02;BASIC MATERIALS;33.49
2024-02-02;Consumer Cyclical;43.57
2024-02-02;COMMUNICATION SERVICES;19.73
2024-02-02;REAL ESTATE;41.39
2024-02-02;TECHNOLOGY;51.42
2024-02-02;Industrials;48.05
2024-02-02;Healthcare;23.24
2024-02-02;crypto;21.87
2024-02-05;Financial Services;37.14
2024-02-05;Utilities;67.74
2024-02-05;Energy;32.09
2024-02-05;basic materials;58.4
2024-02-05;CONSUMER CYCLICAL;46.28
2024-02-05;Communication Services;44.85
2024-02-05;real estate;49.04
2024-02-05;  Technology ;41.35
2024-02-05;industrials;50.01
2024-02-05;Healthcare;60.28
2024-02-05;CRYPTO;22.99
2024-02-06;FINANCIAL SERVICES;30.02
2024-02-06;Utilities;46.51
2024-02-06;ENERGY;35.11
2024-02-06;basic materials;51.44
2024-02-06;Consumer Cyclical;31.59
2024-02-06;Communication Services;30.41
2024-02-06;REAL ESTATE;40.38
2024-02-06;Technology;46.04
2024-02-06;industrials;32.52
2024-02-06;healthcare;58.88
2024-02-06;CRYPTO;68.3
2024-02-07;  Financial Services ;61.56
2024-02-07;  Utilities ;44.67
2024-02-07;Energy;74.76
2024-02-07;basic materials;45.72
2024-02-07;Consumer Cyclical;53.06
2024-02-07;  Communication Services ;29.78
2024-02-07;Real Estate;51.27
2024-02-07;technology;42.22
2024-02-07;  Industrials ;32.84
2024-02-07;Healthcare;54.34
2024-02-07;Crypto;71.51
2024-02-08;  Financial Services ;39.17
2024-02-08;utilities;38.7
2024-02-08;  Energy ;51.92
2024-02-08;Basic Materials;53.78
2024-02-08;  Consumer Cyclical ;46.38
2024-02-08;COMMUNICATION SERVICES;47.32
2024-02-08;Real Estate;43.86
2024-02-08;  Technology ;70.46
2024-02-08;  Industrials ;63.86
2024-02-08;  Healthcare ;45.09
2024-02-08;Crypto;47.07
2024-02-09;financial services;40.75
2024-02-09;Utilities;51.67
2024-02-09;Energy;61.74
2024-02-09;Basic Materials;49.03
2024-02-09;Consumer Cyclical;58.38
2024-02-09;  Communication Services ;44.29
2024-02-09;REAL ESTATE;45.42
2024-02-09;Technology;39.0
2024-02-09;INDUSTRIALS;45.65
2024-02-09;Healthcare;25.37
2024-02-09;crypto;41.71
2024-02-12;financial services;56.12
2024-02-12;  Utilities ;48.86
2024-02-12;  Energy ;81.79
2024-02-12;BASIC MATERIALS;70.13
2024-02-12;CONSUMER CYCLICAL;56.12
2024-02-12;  Communication Services ;54.43
2024-02-12;  Real Estate ;33.5
2024-02-12;  Technology ;58.97
2024-02-12;Industrials;57.78
2024-02-12;  Healthcare ;57.1
2024-02-12;Crypto;59.44
2024-02-13;FINANCIAL SERVICES;62.96
2024-02-13;utilities;47.76
2024-02-13;Energy;67.6
2024-02-13;  Basic Materials ;38.69
2024-02-13;CONSUMER CYCLICAL;65.1
2024-02-13;Communication Services;52.04
2024-02-13;Real Estate;82.97
2024-02-13;  Technology ;49.78
2024-02-13;INDUSTRIALS;64.12
2024-02-13;Healthcare;38.07
2024-02-13;crypto;50.01
2024-02-14;  Financial Services ;65.33
2024-02-14;utilities;41.57
2024-02-14;Energy;45.94
2024-02-14;  Basic Materials ;45.34
2024-02-14;CONSUMER CYCLICAL;36.06
2024-02-14;Communication Services;29.99
2024-02-14;real estate;14.3
2024-02-14;Technology;27.71
2024-02-14;Industrials;42.22
2024-02-14;  Healthcare ;37.8
2024-02-14;crypto;51.4
2024-02-15;Financial Services;54.23
2024-02-15;UTILITIES;39.87
2024-02-15;Energy;32.57
2024-02-15;  Basic Materials ;51.92
2024-02-15;  Consumer Cyclical ;37.83
2024-02-15;COMMUNICATION SERVICES;50.57
2024-02-15;  Real Estate ;63.37
2024-02-15;TECHNOLOGY;57.33
2024-02-15;Industrials;66.32
2024-02-15;Healthcare;51.61
2024-02-15;crypto;55.14
2024-02-16;Financial Services;43.66
2024-02-16;Utilities;43.36
2024-02-16;  Energy ;54.51
2024-02-16;basic materials;42.56
2024-02-16;  Consumer Cyclical ;41.34
2024-02-16;Communication Services;34.14
2024-02-16;  Real Estate ;46.34
2024-02-16;TECHNOLOGY;48.83
2024-02-16;Industrials;47.4
2024-02-16;Healthcare;46.99
2024-02-16;CRYPTO;37.32
2024-02-19;FINANCIAL SERVICES;52.92
2024-02-19;Utilities;28.32
2024-02-19;ENERGY;39.83
2024-02-19;Basic Materials;39.8
2024-02-19;Consumer Cyclical;54.59
2024-02-19;  Communication Services ;54.55
2024-02-19;  Real Estate ;40.62
2024-02-19;  Technology ;57.47
2024-02-19;Industrials;55.83
2024-02-19;Healthcare;75.74
2024-02-19;crypto;30.36
2024-02-20;FINANCIAL SERVICES;44.97
2024-02-20;Utilities;46.48
2024-02-20;Energy;60.91
2024-02-20;Basic Materials;32.11
2024-02-20;CONSUMER CYCLICAL;38.56
2024-02-20;COMMUNICATION SERVICES;73.03
2024-02-20;  Real Estate ;50.86
2024-02-20;technology;39.5
2024-02-20;Industrials;64.48
2024-02-20;  Healthcare ;58.5
2024-02-20;  Crypto ;62.83
2024-02-21;Financial Services;36.44
2024-02-21;UTILITIES;37.45
2024-02-21;energy;41.96
2024-02-21;Basic Materials;44.17
2024-02-21;CONSUMER CYCLICAL;67.43
2024-02-21;Communication Services;37.66
2024-02-21;  Real Estate ;57.69
2024-02-21;Technology;47.29
2024-02-21;INDUSTRIALS;66.89
2024-02-21;  Healthcare ;62.6
2024-02-21;Crypto;31.39
2024-02-22;FINANCIAL SERVICES;38.84
2024-02-22;Utilities;41.83
2024-02-22;Energy;62.97
2024-02-22;BASIC MATERIALS;52.7
2024-02-22;  Consumer Cyclical ;56.55
2024-02-22;COMMUNICATION SERVICES;50.41
2024-02-22;Real Estate;65.11
2024-02-22;Technology;59.08
2024-02-22;  Industrials ;46.46
2024-02-22;healthcare;70.11
2024-02-22;crypto;51.49
2024-02-23;Financial Services;55.34
2024-02-23;utilities;62.36
2024-02-23;energy;76.5
2024-02-23;Basic Materials;23.07
2024-02-23;  Consumer Cyclical ;52.9
2024-02-23;Communication Services;58.26
2024-02-23;REAL ESTATE;60.03
2024-02-23;Technology;55.46
2024-02-23;Industrials;42.69
2024-02-23;HEALTHCARE;35.79
2024-02-23;CRYPTO;52.95
2024-02-26;Financial Services;36.38
2024-02-26;UTILITIES;58.84
2024-02-26;Energy;56.46
2024-02-26;BASIC MATERIALS;37.13
2024-02-26;  Consumer Cyclical ;59.0
2024-02-26;Communication Services;55.59
2024-02-26;REAL ESTATE;39.29
2024-02-26;Technology;56.74
2024-02-26;INDUSTRIALS;43.39
2024-02-26;Healthcare;70.47
2024-02-26;crypto;39.51
2024-02-27;  Financial Services ;26.04
2024-02-27;utilities;44.84
2024-02-27;Energy;44.75
2024-02-27;Basic Materials;33.95
2024-02-27;Consumer Cyclical;55.42
2024-02-27;  Communication Services ;49.35
2024-02-27;Real Estate;35.67
2024-02-27;technology;47.99
2024-02-27;INDUSTRIALS;73.67
2024-02-27;HEALTHCARE;60.65
2024-02-27;Crypto;69.59
2024-02-28;Financial Services;59.24
2024-02-28;Utilities;36.08
2024-02-28;energy;46.99
2024-02-28;Basic Materials;74.24
2024-02-28;Consumer Cyclical;40.76
2024-02-28;Communication Services;50.71
2024-02-28;  Real Estate ;40.68
2024-02-28;Technology;27.73
2024-02-28;  Industrials ;60.53
2024-02-28;Healthcare;38.77
2024-02-28;crypto;48.29
2024-02-29;Financial Services;32.72
2024-02-29;UTILITIES;30.89
2024-02-29;ENERGY;52.48
2024-02-29;Basic Materials;42.84
2024-02-29;Consumer Cyclical;56.27
2024-02-29;Communication Services;39.19
2024-02-29;  Real Estate ;10.56
2024-02-29;  Technology ;58.36
2024-02-29;Industrials;53.36
2024-02-29;healthcare;42.92
2024-02-29;  Crypto ;51.79
2024-03-01;FINANCIAL SERVICES;29.67
2024-03-01;utilities;53.62
2024-03-01;Energy;57.88
2024-03-01;Basic Materials;55.54
2024-03-01;  Consumer Cyclical ;78.31
2024-03-01;communication services;28.96
2024-03-01;Real Estate;37.14
2024-03-01;Technology;50.4
2024-03-01;industrials;58.18
2024-03-01;Healthcare;0
2024-03-01;Crypto;46.4
2024-03-04;financial services;68.0
2024-03-04;Utilities;49.79
2024-03-04;energy;34.3
2024-03-04;Basic Materials;47.63
2024-03-04;Consumer Cyclical;72.29
2024-03-04;Communication Services;58.03
2024-03-04;Real Estate;47.39
2024-03-04;technology;45.48
2024-03-04;Industrials;51.12
2024-03-04;  Healthcare ;84.23
2024-03-04;crypto;56.87
2024-03-05;financial services;57.32
2024-03-05;UTILITIES;33.09
2024-03-05;Energy;49.98
2024-03-05;BASIC MATERIALS;40.9
2024-03-05;  Consumer Cyclical ;46.03
2024-03-05;Communication Services;51.81
2024-03-05;Real Estate;65.36
2024-03-05;TECHNOLOGY;32.06
2024-03-05;INDUSTRIALS;33.56
2024-03-05;healthcare;35.57
2024-03-05;Crypto;36.48
2024-03-06;financial services;67.23
2024-03-06;Utilities;45.34
2024-03-06;ENERGY;54.96
2024-03-06;Basic Materials;67.43
2024-03-06;  Consumer Cyclical ;56.95
2024-03-06;COMMUNICATION SERVICES;62.55
2024-03-06;Real Estate;47.91
2024-03-06;Technology;56.83
2024-03-06;Industrials;42.53
2024-03-06;Healthcare;20.51
2024-03-06;Crypto;53.52
2024-03-07;  Financial Services ;59.82
2024-03-07;Utilities;28.74
2024-03-07;energy;51.51
2024-03-07;basic materials;75.01
2024-03-07;Consumer Cyclical;68.01
2024-03-07;COMMUNICATION SERVICES;53.65
2024-03-07;REAL ESTATE;48.59
2024-03-07;technology;70.21
2024-03-07;INDUSTRIALS;39.15
2024-03-07;healthcare;45.34
2024-03-07;Crypto;42.48
2024-03-08;FINANCIAL SERVICES;73.93
2024-03-08;  Utilities ;36.7
2024-03-08;ENERGY;55.08
2024-03-08;basic materials;84.98
2024-03-08;CONSUMER CYCLICAL;44.54
2024-03-08;  Communication Services ;38.69
2024-03-08;Real Estate;61.46
2024-03-08;TECHNOLOGY;52.18
2024-03-08;INDUSTRIALS;58.81
2024-03-08;Healthcare;79.52
2024-03-08;Crypto;41.18
2024-03-11;Financial Services;58.36
2024-03-11;  Utilities ;65.75
2024-03-11;Energy;33.03
2024-03-11;Basic Materials;55.31
2024-03-11;consumer cyclical;72.83
2024-03-11;COMMUNICATION SERVICES;70.57
2024-03-11;Real Estate;51.53
2024-03-11;technology;42.04
2024-03-11;Industrials;51.56
2024-03-11;Healthcare;72.44
2024-03-11;CRYPTO;46.33
2024-03-12;  Financial Services ;62.07
2024-03-12;  Utilities ;49.52
2024-03-12;ENERGY;65.79
2024-03-12;Basic Materials;48.13
2024-03-12;consumer cyclical;39.5
2024-03-12;Communication Services;64.45
2024-03-12;Real Estate;56.56
2024-03-12;TECHNOLOGY;45.02
2024-03-12;Industrials;70.63
2024-03-12;HEALTHCARE;41.15
2024-03-12;crypto;36.64
2024-03-13;  Financial Services ;42.72
2024-03-13;  Utilities ;38.26
2024-03-13;Energy;50.49
2024-03-13;Basic Materials;51.48
2024-03-13;Consumer Cyclical;52.21
2024-03-13;Communication Services;46.14
2024-03-13;REAL ESTATE;48.22
2024-03-13;Technology;58.91
2024-03-13;INDUSTRIALS;50.47
2024-03-13;Healthcare;54.03
2024-03-13;CRYPTO;44.29
2024-03-14;Financial Services;31.36
2024-03-14;Utilities;59.67
2024-03-14;Energy;72.54
2024-03-14;BASIC MATERIALS;64.42
2024-03-14;consumer cyclical;72.48
2024-03-14;Communication Services;57.59
2024-03-14;REAL ESTATE;32.26
2024-03-14;TECHNOLOGY;27.68
2024-03-14;Industrials;79.85
2024-03-14;Healthcare;39.19
2024-03-14;CRYPTO;70.5
2024-03-15;financial services;40.83
2024-03-15;Utilities;47.77
2024-03-15;Energy;60.06
2024-03-15;BASIC MATERIALS;46.7
2024-03-15;Consumer Cyclical;45.65
2024-03-15;communication services;47.44
2024-03-15;REAL ESTATE;53.08
2024-03-15;TECHNOLOGY;44.35
2024-03-15;Industrials;45.85
2024-03-15;HEALTHCARE;39.67
2024-03-15;Crypto;65.73
2024-03-18;financial services;63.54
2024-03-18;Utilities;44.74
2024-03-18;Energy;38.75
2024-03-18;BASIC MATERIALS;29.46
2024-03-18;CONSUMER CYCLICAL;40.46
2024-03-18;Communication Services;52.5
2024-03-18;Real Estate;49.91
2024-03-18;TECHNOLOGY;46.38
2024-03-18;  Industrials ;51.8
2024-03-18;HEALTHCARE;62.09
2024-03-18;Crypto;52.84
2024-03-19;  Financial Services ;35.9
2024-03-19;  Utilities ;60.5
2024-03-19;ENERGY;61.3
2024-03-19;BASIC MATERIALS;41.42
2024-03-19;consumer cyclical;50.25
2024-03-19;communication services;65.17
2024-03-19;real estate;50.47
2024-03-19;  Technology ;38.55
2024-03-19;Industrials;74.26
2024-03-19;healthcare;38.4
2024-03-19;Crypto;48.34
2024-03-20;FINANCIAL SERVICES;57.8
2024-03-20;Utilities;55.39
2024-03-20;ENERGY;72.75
2024-03-20;Basic Materials;49.37
2024-03-20;consumer cyclical;44.71
2024-03-20;COMMUNICATION SERVICES;43.23
2024-03-20;Real Estate;40.09
2024-03-20;technology;66.63
2024-03-20;  Industrials ;43.5
2024-03-20;  Healthcare ;63.31
2024-03-20;CRYPTO;45.97
2024-03-21;Financial Services;56.19
2024-03-21;UTILITIES;58.28
2024-03-21;ENERGY;41.34
2024-03-21;basic materials;32.47
2024-03-21;Consumer Cyclical;77.13
2024-03-21;Communication Services;67.15
2024-03-21;Real Estate;39.43
2024-03-21;technology;54.23
2024-03-21;  Industrials ;45.45
2024-03-21;healthcare;46.87
2024-03-21;  Crypto ;41.69
2024-03-22;  Financial Services ;42.3
2024-03-22;Utilities;56.86
2024-03-22;  Energy ;45.8
2024-03-22;Basic Materials;44.48
2024-03-22;Consumer Cyclical;47.76
2024-03-22;COMMUNICATION SERVICES;61.0
2024-03-22;  Real Estate ;51.01
2024-03-22;Technology;28.21
2024-03-22;industrials;72.54
2024-03-22;Healthcare;85.32
2024-03-22;CRYPTO;53.3
2024-03-25;FINANCIAL SERVICES;68.61
2024-03-25;Utilities;75.06
2024-03-25;Energy;21.89
2024-03-25;Basic Materials;60.14
2024-03-25;Consumer Cyclical;48.1
2024-03-25;communication services;41.59
2024-03-25;real estate;54.38
2024-03-25;  Technology ;64.35
2024-03-25;Industrials;33.19
2024-03-25;Healthcare;32.46
2024-03-25;crypto;62.48
2024-03-26;financial services;54.4
2024-03-26;  Utilities ;85.83
2024-03-26;energy;78.25
2024-03-26;Basic Materials;51.64
2024-03-26;consumer cyclical;53.59
2024-03-26;  Communication Services ;47.26
2024-03-26;  Real Estate ;49.9
2024-03-26;TECHNOLOGY;48.39
2024-03-26;Industrials;39.98
2024-03-26;healthcare;46.1
2024-03-26;CRYPTO;41.14
2024-03-27;  Financial Services ;65.67
2024-03-27;  Utilities ;34.61
2024-03-27;Energy;42.84
2024-03-27;BASIC MATERIALS;54.8
2024-03-27;  Consumer Cyclical ;64.88
2024-03-27;  Communication Services ;53.58
2024-03-27;Real Estate;43.24
2024-03-27;Technology;53.7
2024-03-27;Industrials;36.22
2024-03-27;  Healthcare ;45.73
2024-03-27;CRYPTO;51.37
2024-03-28;financial services;58.81
2024-03-28;UTILITIES;53.8
2024-03-28;Energy;49.21
2024-03-28;BASIC MATERIALS;54.8
2024-03-28;Consumer Cyclical;60.33
2024-03-28;Communication Services;50.34
2024-03-28;real estate;57.62
2024-03-28;TECHNOLOGY;29.96
2024-03-28;industrials;62.97
2024-03-28;healthcare;64.51
2024-03-28;Crypto;69.41
2024-04-02;financial services;57.74
2024-04-02;Utilities;52.96
2024-04-02;energy;57.71
2024-04-02;Basic Materials;36.64
2024-04-02;  Consumer Cyclical ;57.74
2024-04-02;Communication Services;48.52
2024-04-02;  Real Estate ;40.41
2024-04-02;TECHNOLOGY;72.06
2024-04-02;  Industrials ;59.71
2024-04-02;  Healthcare ;49.39
2024-04-02;Crypto;59.72
2024-04-03;Financial Services;42.39
2024-04-03;UTILITIES;35.77
2024-04-03;Energy;50.93
2024-04-03;  Basic Materials ;39.05
2024-04-03;Consumer Cyclical;44.62
2024-04-03;communication services;60.84
2024-04-03;Real Estate;46.75
2024-04-03;technology;36.27
2024-04-03;INDUSTRIALS;57.83
2024-04-03;healthcare;63.9
2024-04-03;Crypto;58.27
2024-04-04;Financial Services;68.17
2024-04-04;Utilities;51.0
2024-04-04;ENERGY;43.31
2024-04-04;Basic Materials;31.14
2024-04-04;Consumer Cyclical;58.93
2024-04-04;COMMUNICATION SERVICES;45.86
2024-04-04;Real Estate;50.44
2024-04-04;  Technology ;44.8
2024-04-04;industrials;55.04
2024-04-04;HEALTHCARE;62.09
2024-04-04;Crypto;31.81
2024-04-05;Financial Services;60.38
2024-04-05;Utilities;66.63
2024-04-05;ENERGY;48.14
2024-04-05;Basic Materials;64.02
2024-04-05;CONSUMER CYCLICAL;59.67
2024-04-05;Communication Services;50.84
2024-04-05;real estate;48.02
2024-04-05;Technology;65.76
2024-04-05;  Industrials ;52.03
2024-04-05;Healthcare;64.43
2024-04-05;Crypto;49.48
2024-04-08;financial services;48.88
2024-04-08;utilities;52.04
2024-04-08;Energy;54.97
2024-04-08;basic materials;39.37
2024-04-08;Consumer Cyclical;30.21
2024-04-08;COMMUNICATION SERVICES;53.22
2024-04-08;REAL ESTATE;32.21
2024-04-08;technology;32.84
2024-04-08;industrials;45.26
2024-04-08;Healthcare;46.64
2024-04-08;Crypto;41.23
2024-04-09;Financial Services;48.88
2024-04-09;utilities;34.89
2024-04-09;  Energy ;39.73
2024-04-09;  Basic Materials ;71.96
2024-04-09;Consumer Cyclical;67.96
2024-04-09;Communication Services;52.0
2024-04-09;Real Estate;70.1
2024-04-09;Technology;42.68
2024-04-09;Industrials;72.47
2024-04-09;healthcare;69.07
2024-04-09;Crypto;44.34
2024-04-10;Financial Services;26.64
2024-04-10;  Utilities ;56.7
2024-04-10;  Energy ;47.0
2024-04-10;Basic Materials;79.33
2024-04-10;Consumer Cyclical;41.32
2024-04-10;  Communication Services ;48.01
2024-04-10;real estate;69.57
2024-04-10;technology;36.85
2024-04-10;industrials;57.84
2024-04-10;Healthcare;30.17
2024-04-10;CRYPTO;45.35
2024-04-11;FINANCIAL SERVICES;44.19
2024-04-11;utilities;36.31
2024-04-11;energy;26.26
2024-04-11;Basic Materials;56.28
2024-04-11;  Consumer Cyclical ;43.65
2024-04-11;Communication Services;29.47
2024-04-11;Real Estate;49.39
2024-04-11;technology;55.31
2024-04-11;INDUSTRIALS;53.34
2024-04-11;  Healthcare ;23.53
2024-04-11;Crypto;41.22
2024-04-12;financial services;54.75
2024-04-12;utilities;48.43
2024-04-12;energy;64.01
2024-04-12;BASIC MATERIALS;54.71
2024-04-12;Consumer Cyclical;79.39
2024-04-12;  Communication Services ;34.1
2024-04-12;Real Estate;49.14
2024-04-12;Technology;55.1
2024-04-12;INDUSTRIALS;49.07
2024-04-12;healthcare;30.24
2024-04-12;CRYPTO;51.09
2024-04-15;financial services;66.59
2024-04-15;UTILITIES;64.79
2024-04-15;Energy;49.08
2024-04-15;  Basic Materials ;59.34
2024-04-15;consumer cyclical;44.06
2024-04-15;communication services;41.93
2024-04-15;Real Estate;53.48
2024-04-15;Technology;38.21
2024-04-15;  Industrials ;67.69
2024-04-15;Healthcare;44.88
2024-04-15;Crypto;68.04
2024-04-16;  Financial Services ;48.16
2024-04-16;Utilities;46.4
2024-04-16;Energy;17.23
2024-04-16;Basic Materials;66.24
2024-04-16;consumer cyclical;57.16
2024-04-16;communication services;63.82
2024-04-16;Real Estate;30.21
2024-04-16;TECHNOLOGY;43.56
2024-04-16;INDUSTRIALS;40.52
2024-04-16;Healthcare;67.04
2024-04-16;  Crypto ;56.58
2024-04-17;financial services;51.68
2024-04-17;UTILITIES;30.88
2024-04-17;Energy;27.65
2024-04-17;basic materials;32.74
2024-04-17;consumer cyclical;42.74
2024-04-17;Communication Services;64.62
2024-04-17;real estate;38.15
2024-04-17;Technology;54.37
2024-04-17;INDUSTRIALS;45.81
2024-04-17;healthcare;56.59
2024-04-17;crypto;40.64
2024-04-18;Financial Services;50.76
2024-04-18;Utilities;65.46
2024-04-18;ENERGY;63.97
2024-04-18;Basic Materials;37.12
2024-04-18;consumer cyclical;36.98
2024-04-18;Communication Services;35.75
2024-04-18;Real Estate;68.31
2024-04-18;TECHNOLOGY;46.08
2024-04-18;industrials;49.81
2024-04-18;healthcare;71.68
2024-04-18;  Crypto ;36.7
2024-04-19;Financial Services;68.01
2024-04-19;utilities;61.67
2024-04-19;Energy;62.45
2024-04-19;Basic Materials;56.75
2024-04-19;consumer cyclical;35.18
2024-04-19;communication services;52.82
2024-04-19;REAL ESTATE;65.06
2024-04-19;TECHNOLOGY;50.45
2024-04-19;Industrials;66.74
2024-04-19;healthcare;25.08
2024-04-19;  Crypto ;61.61
2024-04-22;Financial Services;30.71
2024-04-22;utilities;40.07
2024-04-22;Energy;44.28
2024-04-22;Basic Materials;43.18
2024-04-22;Consumer Cyclical;57.95
2024-04-22;  Communication Services ;39.85
2024-04-22;REAL ESTATE;48.92
2024-04-22;TECHNOLOGY;48.69
2024-04-22;industrials;33.79
2024-04-22;HEALTHCARE;58.87
2024-04-22;  Crypto ;54.11
2024-04-23;Financial Services;48.81
2024-04-23;Utilities;44.67
2024-04-23;Energy;65.72
2024-04-23;BASIC MATERIALS;54.34
2024-04-23;Consumer Cyclical;42.54
2024-04-23;Communication Services;62.18
2024-04-23;Real Estate;46.92
2024-04-23;technology;46.73
2024-04-23;industrials;35.27
2024-04-23;Healthcare;61.26
2024-04-23;Crypto;19.6
2024-04-24;financial services;40.95
2024-04-24;Utilities;50.57
2024-04-24;ENERGY;47.09
2024-04-24;Basic Materials;49.41
2024-04-24;Consumer Cyclical;76.35
2024-04-24;communication services;69.65
2024-04-24;REAL ESTATE;38.41
2024-04-24;TECHNOLOGY;60.94
2024-04-24;Industrials;55.91
2024-04-24;HEALTHCARE;52.15
2024-04-24;Crypto;41.89
2024-04-25;FINANCIAL SERVICES;42.01
2024-04-25;  Utilities ;53.53
2024-04-25;Energy;39.42
2024-04-25;basic materials;55.48
2024-04-25;CONSUMER CYCLICAL;70.96
2024-04-25;communication services;38.52
2024-04-25;real estate;34.47
2024-04-25;technology;69.04
2024-04-25;industrials;35.54
2024-04-25;Healthcare;42.86
2024-04-25;CRYPTO;54.91
2024-04-26;FINANCIAL SERVICES;64.86
2024-04-26;utilities;39.08
2024-04-26;energy;46.53
2024-04-26;  Basic Materials ;48.68
2024-04-26;Consumer Cyclical;45.66
2024-04-26;communication services;63.71
2024-04-26;real estate;53.5
2024-04-26;  Technology ;41.72
2024-04-26;industrials;46.49
2024-04-26;Healthcare;48.68
2024-04-26;CRYPTO;47.82
2024-04-29;FINANCIAL SERVICES;69.84
2024-04-29;UTILITIES;55.14
2024-04-29;Energy;45.69
2024-04-29;Basic Materials;66.3
2024-04-29;consumer cyclical;50.76
2024-04-29;communication services;79.07
2024-04-29;REAL ESTATE;61.52
2024-04-29;technology;53.42
2024-04-29;INDUSTRIALS;51.85
2024-04-29;Healthcare;65.39
2024-04-29;Crypto;34.89
2024-04-30;FINANCIAL SERVICES;46.92
2024-04-30;UTILITIES;51.11
2024-04-30;Energy;50.05
2024-04-30;basic materials;61.6
2024-04-30;Consumer Cyclical;59.5
2024-04-30;Communication Services;58.99
2024-04-30;Real Estate;42.02
2024-04-30;Technology;52.51
2024-04-30;INDUSTRIALS;51.72
2024-04-30;Healthcare;23.56
2024-04-30;CRYPTO;26.11
2024-05-02;FINANCIAL SERVICES;65.44
2024-05-02;  Utilities ;43.61
2024-05-02;energy;24.38
2024-05-02;BASIC MATERIALS;27.23
2024-05-02;CONSUMER CYCLICAL;36.24
2024-05-02;COMMUNICATION SERVICES;65.91
2024-05-02;Real Estate;78.83
2024-05-02;Technology;50.05
2024-05-02;industrials;19.29
2024-05-02;healthcare;67.27
2024-05-02;crypto;94.72
2024-05-03;Financial Services;63.7
2024-05-03;utilities;53.76
2024-05-03;Energy;59.25
2024-05-03;basic materials;52.08
2024-05-03;CONSUMER CYCLICAL;64.52
2024-05-03;Communication Services;44.8
2024-05-03;  Real Estate ;71.95
2024-05-03;TECHNOLOGY;62.02
2024-05-03;INDUSTRIALS;59.16
2024-05-03;Healthcare;40.4
2024-05-03;  Crypto ;74.28
2024-05-06;FINANCIAL SERVICES;59.45
2024-05-06;  Utilities ;32.11
2024-05-06;Energy;49.21
2024-05-06;  Basic Materials ;63.73
2024-05-06;CONSUMER CYCLICAL;30.39
2024-05-06;Communication Services;46.18
2024-05-06;  Real Estate ;45.26
2024-05-06;technology;56.72
2024-05-06;Industrials;50.56
2024-05-06;Healthcare;49.2
2024-05-06;crypto;61.76
2024-05-07;financial services;30.85
2024-05-07;  Utilities ;36.76
2024-05-07;ENERGY;58.14
2024-05-07;Basic Materials;49.1
2024-05-07;CONSUMER CYCLICAL;51.47
2024-05-07;Consumer Defensive;66.31
2024-05-07;Communication Services;66.7
2024-05-07;Real Estate;43.3
2024-05-07;Technology;42.53
2024-05-07;industrials;47.26
2024-05-07;healthcare;94.26
2024-05-07;crypto;54.07
2024-05-08;financial services;56.32
2024-05-08;Utilities;69.68
2024-05-08;Energy;55.85
2024-05-08;Basic Materials;56.13
2024-05-08;Consumer Cyclical;50.47
2024-05-08;Consumer Defensive;57.34
2024-05-08;  Communication Services ;57.13
2024-05-08;real estate;63.98
2024-05-08;Technology;68.3
2024-05-08;Industrials;69.69
2024-05-08;  Healthcare ;51.5
2024-05-08;Crypto;36.73
2024-05-09;FINANCIAL SERVICES;42.08
2024-05-09;utilities;52.36
2024-05-09;Energy;78.44
2024-05-09;BASIC MATERIALS;51.5
2024-05-09;  Consumer Cyclical ;60.35
2024-05-09;CONSUMER DEFENSIVE;70.29
2024-05-09;COMMUNICATION SERVICES;30.74
2024-05-09;real estate;41.54
2024-05-09;Technology;88.6
2024-05-09;  Industrials ;49.31
2024-05-09;healthcare;57.02
2024-05-09;crypto;49.73
2024-05-10;Financial Services;56.96
2024-05-10;Utilities;55.03
2024-05-10;energy;67.75
2024-05-10;basic materials;44.01
2024-05-10;Consumer Cyclical;55.55
2024-05-10;  Consumer Defensive ;43.01
2024-05-10;Communication Services;45.2
2024-05-10;real estate;54.91
2024-05-10;technology;60.67
2024-05-10;industrials;53.14
2024-05-10;HEALTHCARE;71.83
2024-05-10;crypto;25.72
2024-05-13;FINANCIAL SERVICES;34.92
2024-05-13;utilities;75.08
2024-05-13;ENERGY;37.71
2024-05-13;BASIC MATERIALS;62.58
2024-05-13;Consumer Cyclical;61.8
2024-05-13;Consumer Defensive;49.23
2024-05-13;Communication Services;58.15
2024-05-13;Real Estate;72.23
2024-05-13;Technology;54.2
2024-05-13;Industrials;45.87
2024-05-13;healthcare;75.08
2024-05-13;Crypto;65.76
2024-05-14;Financial Services;38.84
2024-05-14;utilities;35.49
2024-05-14;Energy;66.34
2024-05-14;Basic Materials;50.59
2024-05-14;consumer cyclical;62.1
2024-05-14;Consumer Defensive;47.1
2024-05-14;COMMUNICATION SERVICES;45.24
2024-05-14;real estate;33.07
2024-05-14;TECHNOLOGY;66.81
2024-05-14;industrials;83.51
2024-05-14;  Healthcare ;63.87
2024-05-14;Crypto;65.7
2024-05-15;FINANCIAL SERVICES;57.18
2024-05-15;  Utilities ;56.08
2024-05-15;  Energy ;31.62
2024-05-15;Basic Materials;32.62
2024-05-15;Consumer Cyclical;44.68
2024-05-15;Consumer Defensive;66.08
2024-05-15;  Communication Services ;54.89
2024-05-15;Real Estate;54.36
2024-05-15;TECHNOLOGY;46.78
2024-05-15;industrials;61.22
2024-05-15;healthcare;45.81
2024-05-15;crypto;51.93
2024-05-16;Financial Services;43.65
2024-05-16;Utilities;39.0
2024-05-16;Energy;27.03
2024-05-16;Basic Materials;58.71
2024-05-16;Consumer Cyclical;49.85
2024-05-16;  Consumer Defensive ;52.95
2024-05-16;  Communication Services ;42.42
2024-05-16;Real Estate;66.89
2024-05-16;technology;48.18
2024-05-16;INDUSTRIALS;40.05
2024-05-16;HEALTHCARE;53.03
2024-05-16;Crypto;61.78
2024-05-17;financial services;49.69
2024-05-17;Utilities;29.61
2024-05-17;Energy;61.85
2024-05-17;BASIC MATERIALS;62.28
2024-05-17;consumer cyclical;50.85
2024-05-17;  Consumer Defensive ;50.69
2024-05-17;  Communication Services ;47.78
2024-05-17;  Real Estate ;35.57
2024-05-17;Technology;72.35
2024-05-17;INDUSTRIALS;54.23
2024-05-17;Healthcare;43.17
2024-05-17;Crypto;67.49
2024-05-20;Financial Services;44.48
2024-05-20;utilities;55.27
2024-05-20;Energy;64.09
2024-05-20;  Basic Materials ;51.07
2024-05-20;CONSUMER CYCLICAL;33.25
2024-05-20;Consumer Defensive;33.84
2024-05-20;Communication Services;29.97
2024-05-20;Real Estate;59.59
2024-05-20;Technology;63.74
2024-05-20;Industrials;59.81
2024-05-20;healthcare;64.8
2024-05-20;  Crypto ;57.4
2024-05-21;  Financial Services ;49.33
2024-05-21;UTILITIES;62.83
2024-05-21;  Energy ;31.88
2024-05-21;basic materials;41.11
2024-05-21;CONSUMER CYCLICAL;73.17
2024-05-21;CONSUMER DEFENSIVE;36.93
2024-05-21;Communication Services;71.13
2024-05-21;Real Estate;48.7
2024-05-21;Technology;48.83
2024-05-21;Industrials;50.03
2024-05-21;healthcare;49.83
2024-05-21;  Crypto ;64.95
2024-05-22;Financial Services;57.58
2024-05-22;Utilities;64.84
2024-05-22;Energy;38.4
2024-05-22;basic materials;26.01
2024-05-22;Consumer Cyclical;49.36
2024-05-22;  Consumer Defensive ;90.87
2024-05-22;Communication Services;54.08
2024-05-22;real estate;64.73
2024-05-22;TECHNOLOGY;42.11
2024-05-22;Industrials;55.87
2024-05-22;  Healthcare ;43.96
2024-05-22;Crypto;49.93
2024-05-23;Financial Services;38.56
2024-05-23;Utilities;46.17
2024-05-23;Energy;60.72
2024-05-23;BASIC MATERIALS;35.35
2024-05-23;consumer cyclical;38.22
2024-05-23;  Consumer Defensive ;61.34
2024-05-23;Communication Services;34.96
2024-05-23;Real Estate;45.35
2024-05-23;Technology;48.75
2024-05-23;INDUSTRIALS;50.49
2024-05-23;healthcare;27.08
2024-05-23;crypto;67.53
2024-05-24;financial services;40.44
2024-05-24;UTILITIES;36.93
2024-05-24;ENERGY;50.37
2024-05-24;BASIC MATERIALS;24.14
2024-05-24;consumer cyclical;53.85
2024-05-24;  Consumer Defensive ;50.27
2024-05-24;Communication Services;60.68
2024-05-24;Real Estate;47.17
2024-05-24;Technology;50.9
2024-05-24;INDUSTRIALS;55.4
2024-05-24;Healthcare;44.13
2024-05-24;Crypto;24.47
2024-05-27;  Financial Services ;51.72
2024-05-27;  Utilities ;48.79
2024-05-27;Energy;50.7
2024-05-27;Basic Materials;56.62
2024-05-27;CONSUMER CYCLICAL;54.36
2024-05-27;Consumer Defensive;73.59
2024-05-27;communication services;62.41
2024-05-27;Real Estate;46.83
2024-05-27;technology;45.71
2024-05-27;INDUSTRIALS;26.53
2024-05-27;Healthcare;57.84
2024-05-27;crypto;59.83
2024-05-28;Financial Services;70.86
2024-05-28;UTILITIES;67.45
2024-05-28;ENERGY;38.88
2024-05-28;Basic Materials;68.38
2024-05-28;  Consumer Cyclical ;60.32
2024-05-28;  Consumer Defensive ;40.06
2024-05-28;Communication Services;37.82
2024-05-28;Real Estate;67.87
2024-05-28;TECHNOLOGY;54.58
2024-05-28;industrials;33.38
2024-05-28;  Healthcare ;52.01
2024-05-28;Crypto;43.01
2024-05-29;FINANCIAL SERVICES;45.71
2024-05-29;UTILITIES;51.24
2024-05-29;energy;36.83
2024-05-29;Basic Materials;33.35
2024-05-29;Consumer Cyclical;49.77
2024-05-29;CONSUMER DEFENSIVE;63.3
2024-05-29;COMMUNICATION SERVICES;45.48
2024-05-29;REAL ESTATE;43.9
2024-05-29;technology;47.72
2024-05-29;Industrials;50.05
2024-05-29;HEALTHCARE;48.69
2024-05-29;CRYPTO;65.34
2024-05-30;Financial Services;46.93
2024-05-30;  Utilities ;53.02
2024-05-30;ENERGY;40.48
2024-05-30;  Basic Materials ;60.35
2024-05-30;consumer cyclical;45.92
2024-05-30;Consumer Defensive;43.27
2024-05-30;Communication Services;59.13
2024-05-30;real estate;41.96
2024-05-30;Technology;59.47
2024-05-30;Industrials;45.76
2024-05-30;Healthcare;43.2
2024-05-30;Crypto;42.39
2024-05-31;  Financial Services ;74.19
2024-05-31;  Utilities ;51.47
2024-05-31;ENERGY;37.84
2024-05-31;Basic Materials;81.8
2024-05-31;CONSUMER CYCLICAL;69.37
2024-05-31;CONSUMER DEFENSIVE;45.53
2024-05-31;COMMUNICATION SERVICES;69.22
2024-05-31;  Real Estate ;45.18
2024-05-31;TECHNOLOGY;53.32
2024-05-31;Industrials;34.74
2024-05-31;Healthcare;49.08
2024-05-31;  Crypto ;53.35
2024-06-03;Financial Services;69.17
2024-06-03;utilities;83.65
2024-06-03;Energy;22.45
2024-06-03;basic materials;36.03
2024-06-03;Consumer Cyclical;46.18
2024-06-03;consumer defensive;49.95
2024-06-03;Communication Services;74.44
2024-06-03;Real Estate;57.46
2024-06-03;TECHNOLOGY;73.07
2024-06-03;Industrials;65.98
2024-06-03;Healthcare;50.52
2024-06-03;  Crypto ;17.6
2024-06-04;financial services;62.92
2024-06-04;Utilities;65.33
2024-06-04;Energy;42.2
2024-06-04;Basic Materials;29.7
2024-06-04;Consumer Cyclical;48.87
2024-06-04;consumer defensive;70.44
2024-06-04;COMMUNICATION SERVICES;62.07
2024-06-04;  Real Estate ;74.39
2024-06-04;  Technology ;30.26
2024-06-04;industrials;49.15
2024-06-04;Healthcare;49.05
2024-06-04;CRYPTO;59.69
2024-06-05;Financial Services;39.2
2024-06-05;Utilities;28.95
2024-06-05;Energy;54.43
2024-06-05;Basic Materials;38.44
2024-06-05;Consumer Cyclical;41.01
2024-06-05;CONSUMER DEFENSIVE;46.51
2024-06-05;  Communication Services ;49.79
2024-06-05;Real Estate;49.09
2024-06-05;  Technology ;54.13
2024-06-05;INDUSTRIALS;49.72
2024-06-05;  Healthcare ;50.82
2024-06-05;CRYPTO;23.54
2024-06-06;FINANCIAL SERVICES;39.47
2024-06-06;utilities;47.65
2024-06-06;energy;33.22
2024-06-06;basic materials;54.4
2024-06-06;consumer cyclical;76.62
2024-06-06;CONSUMER DEFENSIVE;55.08
2024-06-06;COMMUNICATION SERVICES;33.95
2024-06-06;real estate;27.49
2024-06-06;TECHNOLOGY;32.76
2024-06-06;industrials;55.16
2024-06-06;HEALTHCARE;37.23
2024-06-06;Crypto;46.24
2024-06-07;FINANCIAL SERVICES;30.91
2024-06-07;Utilities;41.86
2024-06-07;energy;32.31
2024-06-07;basic materials;67.34
2024-06-07;  Consumer Cyclical ;54.42
2024-06-07;  Consumer Defensive ;27.3
2024-06-07;Communication Services;54.29
2024-06-07;REAL ESTATE;46.5
2024-06-07;Technology;63.63
2024-06-07;industrials;54.63
2024-06-07;healthcare;59.56
2024-06-07;Crypto;59.19
2024-06-10;  Financial Services ;63.09
2024-06-10;utilities;44.78
2024-06-10;Energy;53.37
2024-06-10;BASIC MATERIALS;35.23
2024-06-10;  Consumer Cyclical ;41.34
2024-06-10;consumer defensive;47.8
2024-06-10;COMMUNICATION SERVICES;41.1
2024-06-10;Real Estate;43.8
2024-06-10;technology;50.7
2024-06-10;Industrials;29.86
2024-06-10;HEALTHCARE;48.1
2024-06-10;Crypto;62.1
2024-06-11;FINANCIAL SERVICES;46.53
2024-06-11;  Utilities ;36.61
2024-06-11;ENERGY;62.5
2024-06-11;BASIC MATERIALS;46.13
2024-06-11;Consumer Cyclical;40.96
2024-06-11;CONSUMER DEFENSIVE;63.18
2024-06-11;Communication Services;41.77
2024-06-11;  Real Estate ;48.11
2024-06-11;Technology;57.87
2024-06-11;industrials;41.61
2024-06-11;HEALTHCARE;56.47
2024-06-11;crypto;50.43
2024-06-12;  Financial Services ;44.06
2024-06-12;utilities;20.12
2024-06-12;energy;25.11
2024-06-12;Basic Materials;42.05
2024-06-12;consumer cyclical;63.52
2024-06-12;consumer defensive;55.7
2024-06-12;Communication Services;37.26
2024-06-12;REAL ESTATE;55.11
2024-06-12;technology;50.57
2024-06-12;industrials;47.48
2024-06-12;Healthcare;52.22
2024-06-12;CRYPTO;38.44
2024-06-13;financial services;52.26
2024-06-13;utilities;63.49
2024-06-13;Energy;56.79
2024-06-13;BASIC MATERIALS;27.78
2024-06-13;CONSUMER CYCLICAL;56.19
2024-06-13;consumer defensive;66.67
2024-06-13;Communication Services;28.82
2024-06-13;  Real Estate ;71.84
2024-06-13;TECHNOLOGY;56.13
2024-06-13;Industrials;62.58
2024-06-13;healthcare;67.06
2024-06-13;Crypto;55.83
2024-06-14;FINANCIAL SERVICES;80.5
2024-06-14;Utilities;40.44
2024-06-14;Energy;68.41
2024-06-14;Basic Materials;45.65
2024-06-14;consumer cyclical;39.26
2024-06-14;CONSUMER DEFENSIVE;63.29
2024-06-14;Communication Services;45.86
2024-06-14;Real Estate;56.17
2024-06-14;  Technology ;37.14
2024-06-14;INDUSTRIALS;9.78
2024-06-14;Healthcare;63.5
2024-06-14;Crypto;66.47
2024-06-17;Financial Services;66.17
2024-06-17;Utilities;43.4
2024-06-17;Energy;58.37
2024-06-17;Basic Materials;15.96
2024-06-17;CONSUMER CYCLICAL;34.98
2024-06-17;  Consumer Defensive ;38.92
2024-06-17;  Communication Services ;40.1
2024-06-17;  Real Estate ;46.37
2024-06-17;technology;53.21
2024-06-17;INDUSTRIALS;53.78
2024-06-17;healthcare;26.0
2024-06-17;Crypto;64.52
2024-06-18;Financial Services;41.82
2024-06-18;  Utilities ;44.58
2024-06-18;Energy;78.57
2024-06-18;BASIC MATERIALS;41.56
2024-06-18;  Consumer Cyclical ;60.25
2024-06-18;Consumer Defensive;42.45
2024-06-18;COMMUNICATION SERVICES;66.32
2024-06-18;Real Estate;51.28
2024-06-18;  Technology ;69.5
2024-06-18;INDUSTRIALS;53.76
2024-06-18;HEALTHCARE;45.71
2024-06-18;  Crypto ;53.08
2024-06-19;Financial Services;60.88
2024-06-19;UTILITIES;58.68
2024-06-19;Energy;36.72
2024-06-19;Basic Materials;62.9
2024-06-19;CONSUMER CYCLICAL;65.21
2024-06-19;CONSUMER DEFENSIVE;42.14
2024-06-19;communication services;28.03
2024-06-19;real estate;71.36
2024-06-19;Technology;51.03
2024-06-19;INDUSTRIALS;62.63
2024-06-19;healthcare;33.61
2024-06-19;Crypto;60.03
2024-06-20;Financial Services;60.39
2024-06-20;Utilities;54.38
2024-06-20;ENERGY;32.89
2024-06-20;BASIC MATERIALS;55.61
2024-06-20;consumer cyclical;41.24
2024-06-20;Consumer Defensive;51.27
2024-06-20;Communication Services;48.68
2024-06-20;Real Estate;20.77
2024-06-20;TECHNOLOGY;56.33
2024-06-20;  Industrials ;58.15
2024-06-20;Healthcare;47.31
2024-06-20;Crypto;50.67
2024-06-21;financial services;64.25
2024-06-21;utilities;55.66
2024-06-21;energy;50.32
2024-06-21;BASIC MATERIALS;50.43
2024-06-21;Consumer Cyclical;68.32
2024-06-21;CONSUMER DEFENSIVE;51.29
2024-06-21;COMMUNICATION SERVICES;71.42
2024-06-21;REAL ESTATE;59.13
2024-06-21;Technology;64.59
2024-06-21;industrials;40.35
2024-06-21;healthcare;85.67
2024-06-21;  Crypto ;39.57
2024-06-24;FINANCIAL SERVICES;57.13
2024-06-24;Utilities;55.08
2024-06-24;energy;42.92
2024-06-24;BASIC MATERIALS;54.58
2024-06-24;Consumer Cyclical;47.34
2024-06-24;consumer defensive;41.19
2024-06-24;Communication Services;56.07
2024-06-24;real estate;41.37
2024-06-24;technology;46.29
2024-06-24;INDUSTRIALS;50.76
2024-06-24;Healthcare;38.49
2024-06-24;Crypto;57.44
2024-06-25;Financial Services;64.04
2024-06-25;Utilities;61.01
2024-06-25;energy;52.89
2024-06-25;  Basic Materials ;54.32
2024-06-25;Consumer Cyclical;38.32
2024-06-25;CONSUMER DEFENSIVE;58.82
2024-06-25;COMMUNICATION SERVICES;32.55
2024-06-25;real estate;57.52
2024-06-25;Technology;55.11
2024-06-25;INDUSTRIALS;35.14
2024-06-25;Healthcare;54.55
2024-06-25;CRYPTO;61.21
2024-06-26;  Financial Services ;51.94
2024-06-26;Utilities;54.99
2024-06-26;Energy;54.11
2024-06-26;basic materials;36.81
2024-06-26;Consumer Cyclical;41.32
2024-06-26;consumer defensive;61.4
2024-06-26;Communication Services;55.08
2024-06-26;REAL ESTATE;36.73
2024-06-26;TECHNOLOGY;59.7
2024-06-26;INDUSTRIALS;31.45
2024-06-26;healthcare;49.26
2024-06-26;  Crypto ;31.86
2024-06-27;FINANCIAL SERVICES;45.13
2024-06-27;UTILITIES;32.49
2024-06-27;energy;61.77
2024-06-27;BASIC MATERIALS;56.36
2024-06-27;Consumer Cyclical;17.12
2024-06-27;CONSUMER DEFENSIVE;50.49
2024-06-27;COMMUNICATION SERVICES;44.32
2024-06-27;Real Estate;70.98
2024-06-27;technology;54.67
2024-06-27;  Industrials ;55.82
2024-06-27;Healthcare;44.53
2024-06-27;CRYPTO;52.79
2024-06-28;financial services;35.74
2024-06-28;UTILITIES;41.76
2024-06-28;Energy;62.49
2024-06-28;BASIC MATERIALS;33.97
2024-06-28;  Consumer Cyclical ;34.85
2024-06-28;Consumer Defensive;43.63
2024-06-28;Communication Services;55.83
2024-06-28;REAL ESTATE;28.62
2024-06-28;  Technology ;45.65
2024-06-28;Industrials;42.13
2024-06-28;healthcare;22.92
2024-06-28;Crypto;57.17
2024-07-01;financial services;50.15
2024-07-01;UTILITIES;49.36
2024-07-01;ENERGY;35.07
2024-07-01;Basic Materials;52.46
2024-07-01;CONSUMER CYCLICAL;58.29
2024-07-01;Consumer Defensive;57.94
2024-07-01;communication services;44.28
2024-07-01;Real Estate;41.24
2024-07-01;technology;28.11
2024-07-01;  Industrials ;42.57
2024-07-01;HEALTHCARE;29.06
2024-07-01;crypto;48.5
2024-07-02;Financial Services;60.26
2024-07-02;  Utilities ;52.35
2024-07-02;Energy;58.71
2024-07-02;basic materials;49.18
2024-07-02;Consumer Cyclical;26.54
2024-07-02;CONSUMER DEFENSIVE;45.55
2024-07-02;COMMUNICATION SERVICES;37.8
2024-07-02;REAL ESTATE;49.56
2024-07-02;Technology;51.71
2024-07-02;INDUSTRIALS;36.2
2024-07-02;Healthcare;78.94
2024-07-02;Crypto;69.07
2024-07-03;Financial Services;38.31
2024-07-03;UTILITIES;49.41
2024-07-03;Energy;64.48
2024-07-03;BASIC MATERIALS;65.27
2024-07-03;Consumer Cyclical;16.95
2024-07-03;consumer defensive;49.56
2024-07-03;Communication Services;33.35
2024-07-03;Real Estate;55.13
2024-07-03;TECHNOLOGY;59.8
2024-07-03;Industrials;45.99
2024-07-03;Healthcare;42.55
2024-07-03;Crypto;44.41
2024-07-04;  Financial Services ;54.74
2024-07-04;  Utilities ;66.22
2024-07-04;energy;67.38
2024-07-04;basic materials;33.9
2024-07-04;Consumer Cyclical;31.05
2024-07-04;Consumer Defensive;47.51
2024-07-04;Communication Services;58.14
2024-07-04;Real Estate;32.1
2024-07-04;technology;68.23
2024-07-04;industrials;62.9
2024-07-04;Healthcare;53.33
2024-07-04;Crypto;39.49
2024-07-05;FINANCIAL SERVICES;69.71
2024-07-05;UTILITIES;60.34
2024-07-05;Energy;36.86
2024-07-05;basic materials;70.05
2024-07-05;  Consumer Cyclical ;42.67
2024-07-05;consumer defensive;24.2
2024-07-05;communication services;50.02
2024-07-05;  Real Estate ;56.52
2024-07-05;TECHNOLOGY;37.22
2024-07-05;INDUSTRIALS;67.37
2024-07-05;Healthcare;31.34
2024-07-05;Crypto;67.59
2024-07-08;FINANCIAL SERVICES;47.73
2024-07-08;Utilities;56.72
2024-07-08;Energy;44.01
2024-07-08;Basic Materials;21.79
2024-07-08;Consumer Cyclical;48.45
2024-07-08;consumer defensive;52.35
2024-07-08;  Communication Services ;66.54
2024-07-08;  Real Estate ;47.25
2024-07-08;  Technology ;51.75
2024-07-08;industrials;63.13
2024-07-08;Healthcare;36.12
2024-07-08;  Crypto ;60.36
2024-07-09;FINANCIAL SERVICES;36.04
2024-07-09;UTILITIES;34.18
2024-07-09;Energy;53.33
2024-07-09;Basic Materials;39.14
2024-07-09;CONSUMER CYCLICAL;52.22
2024-07-09;consumer defensive;46.73
2024-07-09;Communication Services;52.07
2024-07-09;Real Estate;39.59
2024-07-09;TECHNOLOGY;43.57
2024-07-09;Industrials;69.82
2024-07-09;  Healthcare ;57.07
2024-07-09;crypto;49.78
2024-07-10;financial services;53.8
2024-07-10;Utilities;38.28
2024-07-10;energy;41.14
2024-07-10;Basic Materials;44.09
2024-07-10;Consumer Cyclical;26.21
2024-07-10;CONSUMER DEFENSIVE;52.27
2024-07-10;COMMUNICATION SERVICES;61.67
2024-07-10;  Real Estate ;60.35
2024-07-10;  Technology ;40.02
2024-07-10;  Industrials ;41.69
2024-07-10;HEALTHCARE;51.53
2024-07-10;Crypto;52.99
2024-07-11;Financial Services;52.98
2024-07-11;UTILITIES;51.98
2024-07-11;energy;50.19
2024-07-11;Basic Materials;39.06
2024-07-11;Consumer Cyclical;42.73
2024-07-11;Consumer Defensive;68.05
2024-07-11;communication services;50.74
2024-07-11;real estate;30.36
2024-07-11;Technology;47.72
2024-07-11;industrials;70.66
2024-07-11;HEALTHCARE;49.42
2024-07-11;  Crypto ;50.53
2024-07-12;FINANCIAL SERVICES;45.97
2024-07-12;utilities;45.51
2024-07-12;energy;47.03
2024-07-12;BASIC MATERIALS;40.71
2024-07-12;Consumer Cyclical;67.89
2024-07-12;Consumer Defensive;40.18
2024-07-12;Communication Services;36.14
2024-07-12;Real Estate;69.15
2024-07-12;Technology;49.5
2024-07-12;Industrials;64.71
2024-07-12;Healthcare;54.94
2024-07-12;Crypto;50.49
2024-07-15;Financial Services;39.03
2024-07-15;UTILITIES;74.47
2024-07-15;energy;32.45
2024-07-15;Basic Materials;57.17
2024-07-15;  Consumer Cyclical ;53.22
2024-07-15;Consumer Defensive;73.04
2024-07-15;COMMUNICATION SERVICES;50.61
2024-07-15;Real Estate;25.77
2024-07-15;TECHNOLOGY;71.81
2024-07-15;  Industrials ;47.36
2024-07-15;healthcare;59.51
2024-07-15;CRYPTO;25.34
2024-07-16;  Financial Services ;46.98
2024-07-16;Utilities;40.86
2024-07-16;Energy;28.94
2024-07-16;basic materials;48.5
2024-07-16;CONSUMER CYCLICAL;48.29
2024-07-16;consumer defensive;30.98
2024-07-16;COMMUNICATION SERVICES;52.07
2024-07-16;real estate;45.54
2024-07-16;technology;40.75
2024-07-16;INDUSTRIALS;30.07
2024-07-16;healthcare;24.05
2024-07-16;CRYPTO;67.83
2024-07-17;Financial Services;39.99
2024-07-17;Utilities;31.65
2024-07-17;ENERGY;43.85
2024-07-17;BASIC MATERIALS;51.0
2024-07-17;CONSUMER CYCLICAL;53.81
2024-07-17;CONSUMER DEFENSIVE;42.33
2024-07-17;Communication Services;62.78
2024-07-17;real estate;59.41
2024-07-17;Technology;65.54
2024-07-17;industrials;31.07
2024-07-17;healthcare;52.18
2024-07-17;Crypto;28.48
2024-07-18;Financial Services;62.04
2024-07-18;UTILITIES;39.75
2024-07-18;energy;49.41
2024-07-18;basic materials;54.84
2024-07-18;consumer cyclical;42.95
2024-07-18;Consumer Defensive;57.65
2024-07-18;Communication Services;39.08
2024-07-18;REAL ESTATE;38.57
2024-07-18;TECHNOLOGY;19.91
2024-07-18;Industrials;53.48
2024-07-18;Healthcare;34.15
2024-07-18;CRYPTO;52.78
2024-07-19;Financial Services;55.52
2024-07-19;Utilities;48.41
2024-07-19;Energy;41.51
2024-07-19;  Basic Materials ;44.95
2024-07-19;Consumer Cyclical;42.79
2024-07-19;Consumer Defensive;66.13
2024-07-19;COMMUNICATION SERVICES;58.82
2024-07-19;REAL ESTATE;58.77
2024-07-19;technology;52.1
2024-07-19;INDUSTRIALS;32.75
2024-07-19;Healthcare;54.54
2024-07-19;CRYPTO;52.42
2024-07-22;financial services;52.12
2024-07-22;utilities;39.33
2024-07-22;Energy;30.91
2024-07-22;Basic Materials;45.49
2024-07-22;consumer cyclical;54.63
2024-07-22;CONSUMER DEFENSIVE;52.39
2024-07-22;COMMUNICATION SERVICES;35.01
2024-07-22;Real Estate;37.72
2024-07-22;  Technology ;45.66
2024-07-22;Industrials;48.7
2024-07-22;Healthcare;51.44
2024-07-22;crypto;45.4
2024-07-23;Financial Services;52.74
2024-07-23;UTILITIES;34.52
2024-07-23;ENERGY;48.54
2024-07-23;BASIC MATERIALS;63.07
2024-07-23;Consumer Cyclical;32.29
2024-07-23;Consumer Defensive;76.72
2024-07-23;  Communication Services ;53.41
2024-07-23;real estate;45.69
2024-07-23;TECHNOLOGY;63.09
2024-07-23;  Industrials ;79.81
2024-07-23;  Healthcare ;50.62
2024-07-23;crypto;36.16
2024-07-24;Financial Services;35.8
2024-07-24;utilities;55.91
2024-07-24;ENERGY;40.93
2024-07-24;Basic Materials;36.86
2024-07-24;  Consumer Cyclical ;56.85
2024-07-24;CONSUMER DEFENSIVE;37.69
2024-07-24;communication services;44.53
2024-07-24;REAL ESTATE;57.45
2024-07-24;TECHNOLOGY;55.71
2024-07-24;INDUSTRIALS;63.5
2024-07-24;  Healthcare ;42.26
2024-07-24;crypto;45.7
2024-07-25;  Financial Services ;48.24
2024-07-25;Utilities;58.25
2024-07-25;Energy;44.84
2024-07-25;Basic Materials;82.69
2024-07-25;Consumer Cyclical;34.46
2024-07-25;  Consumer Defensive ;42.77
2024-07-25;COMMUNICATION SERVICES;34.87
2024-07-25;Real Estate;67.98
2024-07-25;  Technology ;28.34
2024-07-25;industrials;40.39
2024-07-25;  Healthcare ;49.52
2024-07-25;crypto;43.22
2024-07-26;Financial Services;47.82
2024-07-26;  Utilities ;57.24
2024-07-26;Energy;55.37
2024-07-26;BASIC MATERIALS;35.32
2024-07-26;CONSUMER CYCLICAL;67.03
2024-07-26;Consumer Defensive;53.69
2024-07-26;communication services;58.86
2024-07-26;REAL ESTATE;65.64
2024-07-26;technology;48.22
2024-07-26;Industrials;43.73
2024-07-26;  Healthcare ;46.69
2024-07-26;CRYPTO;29.41
2024-07-29;  Financial Services ;60.43
2024-07-29;UTILITIES;43.84
2024-07-29;  Energy ;75.53
2024-07-29;Basic Materials;45.22
2024-07-29;CONSUMER CYCLICAL;54.81
2024-07-29;CONSUMER DEFENSIVE;66.41
2024-07-29;communication services;42.41
2024-07-29;  Real Estate ;72.71
2024-07-29;Technology;61.38
2024-07-29;industrials;71.67
2024-07-29;Healthcare;56.78
2024-07-29;CRYPTO;88.33
2024-07-30;Financial Services;67.08
2024-07-30;  Utilities ;53.92
2024-07-30;Energy;38.73
2024-07-30;  Basic Materials ;57.88
2024-07-30;CONSUMER CYCLICAL;41.24
2024-07-30;Consumer Defensive;30.86
2024-07-30;communication services;39.52
2024-07-30;Real Estate;56.48
2024-07-30;technology;35.88
2024-07-30;industrials;50.86
2024-07-30;Healthcare;41.76
2024-07-30;Crypto;63.45
2024-07-31;FINANCIAL SERVICES;34.54
2024-07-31;Utilities;45.37
2024-07-31;Energy;58.81
2024-07-31;basic materials;44.51
2024-07-31;Consumer Cyclical;33.78
2024-07-31;Consumer Defensive;48.73
2024-07-31;COMMUNICATION SERVICES;57.01
2024-07-31;REAL ESTATE;62.76
2024-07-31;  Technology ;33.51
2024-07-31;Industrials;48.05
2024-07-31;HEALTHCARE;64.73
2024-07-31;Crypto;49.57
2024-08-01;Financial Services;27.19
2024-08-01;  Utilities ;47.9
2024-08-01;energy;56.35
2024-08-01;BASIC MATERIALS;41.21
2024-08-01;  Consumer Cyclical ;37.73
2024-08-01;Consumer Defensive;55.6
2024-08-01;Communication Services;45.91
2024-08-01;  Real Estate ;52.8
2024-08-01;technology;62.37
2024-08-01;Industrials;51.56
2024-08-01;Healthcare;61.59
2024-08-01;CRYPTO;49.8
2024-08-02;FINANCIAL SERVICES;26.73
2024-08-02;UTILITIES;60.79
2024-08-02;Energy;38.89
2024-08-02;Basic Materials;46.21
2024-08-02;consumer cyclical;59.65
2024-08-02;Consumer Defensive;50.02
2024-08-02;Communication Services;36.13
2024-08-02;  Real Estate ;67.38
2024-08-02;  Technology ;36.54
2024-08-02;Industrials;57.48
2024-08-02;Healthcare;42.93
2024-08-02;crypto;65.0
2024-08-05;FINANCIAL SERVICES;38.34
2024-08-05;Utilities;65.08
2024-08-05;  Energy ;48.68
2024-08-05;basic materials;51.39
2024-08-05;CONSUMER CYCLICAL;41.44
2024-08-05;Consumer Defensive;45.38
2024-08-05;  Communication Services ;24.78
2024-08-05;real estate;44.87
2024-08-05;  Technology ;30.41
2024-08-05;industrials;34.55
2024-08-05;Healthcare;42.99
2024-08-05;Crypto;61.81
2024-08-06;  Financial Services ;68.68
2024-08-06;Utilities;47.89
2024-08-06;  Energy ;30.08
2024-08-06;basic materials;57.36
2024-08-06;consumer cyclical;40.45
2024-08-06;CONSUMER DEFENSIVE;40.64
2024-08-06;COMMUNICATION SERVICES;46.37
2024-08-06;Real Estate;19.04
2024-08-06;  Technology ;46.59
2024-08-06;industrials;11.42
2024-08-06;  Healthcare ;55.72
2024-08-06;crypto;54.7
2024-08-07;Financial Services;57.08
2024-08-07;Utilities;29.63
2024-08-07;Energy;46.48
2024-08-07;Basic Materials;59.0
2024-08-07;consumer cyclical;63.28
2024-08-07;consumer defensive;55.43
2024-08-07;COMMUNICATION SERVICES;25.39
2024-08-07;Real Estate;50.9
2024-08-07;Technology;36.29
2024-08-07;INDUSTRIALS;46.09
2024-08-07;  Healthcare ;43.0
2024-08-07;crypto;50.35
2024-08-08;Financial Services;50.81
2024-08-08;UTILITIES;45.22
2024-08-08;energy;60.67
2024-08-08;  Basic Materials ;49.43
2024-08-08;consumer cyclical;60.99
2024-08-08;Consumer Defensive;57.58
2024-08-08;Communication Services;62.05
2024-08-08;Real Estate;56.83
2024-08-08;technology;34.95
2024-08-08;  Industrials ;58.99
2024-08-08;healthcare;41.91
2024-08-08;Crypto;27.48
2024-08-09;FINANCIAL SERVICES;46.43
2024-08-09;  Utilities ;45.46
2024-08-09;  Energy ;45.01
2024-08-09;BASIC MATERIALS;57.92
2024-08-09;CONSUMER CYCLICAL;44.47
2024-08-09;consumer defensive;42.09
2024-08-09;Communication Services;49.1
2024-08-09;Real Estate;34.88
2024-08-09;Technology;33.99
2024-08-09;INDUSTRIALS;58.55
2024-08-09;healthcare;36.12
2024-08-09;CRYPTO;53.78
2024-08-12;Financial Services;38.65
2024-08-12;Utilities;51.88
2024-08-12;ENERGY;56.26
2024-08-12;Basic Materials;71.06
2024-08-12;Consumer Cyclical;62.26
2024-08-12;consumer defensive;53.47
2024-08-12;Communication Services;72.86
2024-08-12;  Real Estate ;40.75
2024-08-12;technology;58.14
2024-08-12;Industrials;44.12
2024-08-12;Healthcare;53.59
2024-08-12;CRYPTO;46.17
2024-08-13;financial services;66.51
2024-08-13;utilities;73.47
2024-08-13;ENERGY;57.14
2024-08-13;basic materials;28.86
2024-08-13;consumer cyclical;41.99
2024-08-13;  Consumer Defensive ;59.51
2024-08-13;Communication Services;73.2
2024-08-13;Real Estate;44.16
2024-08-13;Technology;50.19
2024-08-13;Industrials;53.51
2024-08-13;healthcare;36.84
2024-08-13;Crypto;41.5
2024-08-14;Financial Services;60.76
2024-08-14;Utilities;37.96
2024-08-14;Energy;65.49
2024-08-14;BASIC MATERIALS;42.07
2024-08-14;Consumer Cyclical;33.09
2024-08-14;Consumer Defensive;56.31
2024-08-14;COMMUNICATION SERVICES;68.88
2024-08-14;REAL ESTATE;73.54
2024-08-14;Technology;63.97
2024-08-14;industrials;57.53
2024-08-14;Healthcare;42.13
2024-08-14;  Crypto ;65.17
2024-08-15;Financial Services;60.07
2024-08-15;Utilities;39.92
2024-08-15;Energy;31.51
2024-08-15;basic materials;44.97
2024-08-15;consumer cyclical;57.99
2024-08-15;  Consumer Defensive ;35.38
2024-08-15;Communication Services;44.12
2024-08-15;Real Estate;53.33
2024-08-15;Technology;67.25
2024-08-15;INDUSTRIALS;38.42
2024-08-15;Healthcare;36.79
2024-08-15;Crypto;78.49
2024-08-16;Financial Services;68.71
2024-08-16;  Utilities ;54.73
2024-08-16;Energy;48.82
2024-08-16;Basic Materials;49.07
2024-08-16;CONSUMER CYCLICAL;43.87
2024-08-16;CONSUMER DEFENSIVE;27.83
2024-08-16;Communication Services;60.62
2024-08-16;  Real Estate ;44.53
2024-08-16;TECHNOLOGY;59.83
2024-08-16;Industrials;49.71
2024-08-16;healthcare;34.47
2024-08-16;Crypto;54.28
2024-08-19;  Financial Services ;44.15
2024-08-19;UTILITIES;54.54
2024-08-19;Energy;73.08
2024-08-19;  Basic Materials ;69.21
2024-08-19;consumer cyclical;58.0
2024-08-19;CONSUMER DEFENSIVE;48.85
2024-08-19;  Communication Services ;63.47
2024-08-19;real estate;52.44
2024-08-19;Technology;39.92
2024-08-19;INDUSTRIALS;56.4
2024-08-19;  Healthcare ;69.64
2024-08-19;Crypto;33.56
2024-08-20;  Financial Services ;27.87
2024-08-20;Utilities;59.39
2024-08-20;Energy;50.47
2024-08-20;Basic Materials;52.08
2024-08-20;CONSUMER CYCLICAL;55.84
2024-08-20;Consumer Defensive;35.54
2024-08-20;COMMUNICATION SERVICES;65.43
2024-08-20;Real Estate;50.78
2024-08-20;TECHNOLOGY;62.17
2024-08-20;INDUSTRIALS;56.59
2024-08-20;  Healthcare ;54.02
2024-08-20;crypto;33.12
2024-08-21;Financial Services;48.34
2024-08-21;utilities;42.1
2024-08-21;energy;56.27
2024-08-21;BASIC MATERIALS;38.59
2024-08-21;Consumer Cyclical;44.83
2024-08-21;consumer defensive;54.42
2024-08-21;  Communication Services ;45.32
2024-08-21;REAL ESTATE;42.68
2024-08-21;Technology;61.77
2024-08-21;Industrials;34.25
2024-08-21;  Healthcare ;47.67
2024-08-21;CRYPTO;25.5
2024-08-22;Financial Services;50.11
2024-08-22;Utilities;55.86
2024-08-22;ENERGY;67.75
2024-08-22;Basic Materials;64.35
2024-08-22;Consumer Cyclical;50.43
2024-08-22;Consumer Defensive;68.66
2024-08-22;communication services;39.89
2024-08-22;REAL ESTATE;73.04
2024-08-22;TECHNOLOGY;58.19
2024-08-22;INDUSTRIALS;51.56
2024-08-22;Healthcare;66.1
2024-08-22;Crypto;39.27
2024-08-23;Financial Services;45.45
2024-08-23;  Utilities ;70.23
2024-08-23;Energy;48.05
2024-08-23;BASIC MATERIALS;41.25
2024-08-23;CONSUMER CYCLICAL;45.73
2024-08-23;CONSUMER DEFENSIVE;64.3
2024-08-23;  Communication Services ;65.27
2024-08-23;Real Estate;58.0
2024-08-23;  Technology ;52.56
2024-08-23;industrials;42.62
2024-08-23;healthcare;52.3
2024-08-23;Crypto;42.3
2024-08-26;FINANCIAL SERVICES;43.21
2024-08-26;Utilities;55.0
2024-08-26;ENERGY;40.44
2024-08-26;  Basic Materials ;47.05
2024-08-26;Consumer Cyclical;38.62
2024-08-26;CONSUMER DEFENSIVE;52.19
2024-08-26;Communication Services;69.38
2024-08-26;REAL ESTATE;33.58
2024-08-26;technology;49.63
2024-08-26;industrials;43.59
2024-08-26;Healthcare;35.03
2024-08-26;Crypto;49.87
2024-08-27;Financial Services;46.38
2024-08-27;Utilities;51.6
2024-08-27;ENERGY;33.17
2024-08-27;Basic Materials;62.22
2024-08-27;consumer cyclical;50.34
2024-08-27;CONSUMER DEFENSIVE;35.55
2024-08-27;COMMUNICATION SERVICES;47.84
2024-08-27;real estate;61.13
2024-08-27;Technology;46.65
2024-08-27;  Industrials ;54.07
2024-08-27;Healthcare;56.61
2024-08-27;crypto;38.51
2024-08-28;financial services;48.21
2024-08-28;UTILITIES;43.07
2024-08-28;energy;49.58
2024-08-28;basic materials;59.28
2024-08-28;Consumer Cyclical;62.65
2024-08-28;  Consumer Defensive ;28.91
2024-08-28;communication services;56.94
2024-08-28;real estate;32.52
2024-08-28;technology;34.25
2024-08-28;  Industrials ;57.89
2024-08-28;Healthcare;44.92
2024-08-28;Crypto;33.19
2024-08-29;Financial Services;65.59
2024-08-29;Utilities;61.56
2024-08-29;Energy;47.95
2024-08-29;Basic Materials;66.98
2024-08-29;consumer cyclical;81.12
2024-08-29;Consumer Defensive;59.86
2024-08-29;communication services;56.05
2024-08-29;Real Estate;58.76
2024-08-29;technology;46.8
2024-08-29;INDUSTRIALS;48.02
2024-08-29;HEALTHCARE;51.85
2024-08-29;Crypto;65.09
2024-08-30;Financial Services;47.22
2024-08-30;utilities;48.57
2024-08-30;Energy;13.59
2024-08-30;Basic Materials;51.02
2024-08-30;  Consumer Cyclical ;52.83
2024-08-30;  Consumer Defensive ;47.91
2024-08-30;COMMUNICATION SERVICES;29.55
2024-08-30;Real Estate;61.49
2024-08-30;Technology;62.09
2024-08-30;Industrials;48.09
2024-08-30;  Healthcare ;57.25
2024-08-30;crypto;45.6
2024-09-02;financial services;55.57
2024-09-02;utilities;76.16
2024-09-02;ENERGY;65.81
2024-09-02;  Basic Materials ;51.44
2024-09-02;CONSUMER CYCLICAL;55.96
2024-09-02;CONSUMER DEFENSIVE;39.65
2024-09-02;  Communication Services ;42.14
2024-09-02;REAL ESTATE;56.28
2024-09-02;TECHNOLOGY;75.65
2024-09-02;  Industrials ;42.16
2024-09-02;Healthcare;17.7
2024-09-02;crypto;42.12
2024-09-03;Financial Services;59.35
2024-09-03;Utilities;48.33
2024-09-03;  Energy ;36.9
2024-09-03;Basic Materials;67.22
2024-09-03;Consumer Cyclical;51.86
2024-09-03;consumer defensive;41.1
2024-09-03;Communication Services;73.74
2024-09-03;Real Estate;46.24
2024-09-03;TECHNOLOGY;55.48
2024-09-03;industrials;49.9
2024-09-03;HEALTHCARE;57.45
2024-09-03;CRYPTO;69.75
2024-09-04;Financial Services;41.26
2024-09-04;utilities;66.43
2024-09-04;  Energy ;55.34
2024-09-04;basic materials;45.21
2024-09-04;consumer cyclical;35.93
2024-09-04;  Consumer Defensive ;39.82
2024-09-04;communication services;39.19
2024-09-04;REAL ESTATE;42.0
2024-09-04;  Technology ;44.86
2024-09-04;industrials;53.69
2024-09-04;  Healthcare ;61.94
2024-09-04;crypto;66.98
2024-09-05;financial services;61.78
2024-09-05;utilities;54.04
2024-09-05;ENERGY;60.03
2024-09-05;Basic Materials;72.99
2024-09-05;consumer cyclical;65.3
2024-09-05;CONSUMER DEFENSIVE;57.76
2024-09-05;COMMUNICATION SERVICES;56.04
2024-09-05;REAL ESTATE;47.15
2024-09-05;TECHNOLOGY;59.07
2024-09-05;INDUSTRIALS;46.93
2024-09-05;Healthcare;42.57
2024-09-05;Crypto;74.59
2024-09-06;Financial Services;61.76
2024-09-06;  Utilities ;42.39
2024-09-06;ENERGY;30.29
2024-09-06;Basic Materials;49.82
2024-09-06;Consumer Cyclical;40.4
2024-09-06;CONSUMER DEFENSIVE;75.22
2024-09-06;communication services;41.87
2024-09-06;REAL ESTATE;23.63
2024-09-06;Technology;38.91
2024-09-06;INDUSTRIALS;52.15
2024-09-06;healthcare;48.53
2024-09-06;CRYPTO;40.47
2024-09-09;FINANCIAL SERVICES;30.73
2024-09-09;utilities;47.78
2024-09-09;ENERGY;48.53
2024-09-09;  Basic Materials ;41.66
2024-09-09;CONSUMER CYCLICAL;32.09
2024-09-09;Consumer Defensive;23.92
2024-09-09;Communication Services;49.01
2024-09-09;Real Estate;73.73
2024-09-09;TECHNOLOGY;60.91
2024-09-09;Industrials;49.24
2024-09-09;Healthcare;33.76
2024-09-09;  Crypto ;57.75
2024-09-10;Financial Services;27.03
2024-09-10;Utilities;62.12
2024-09-10;  Energy ;46.96
2024-09-10;BASIC MATERIALS;57.68
2024-09-10;Consumer Cyclical;99.89
2024-09-10;consumer defensive;32.51
2024-09-10;communication services;42.06
2024-09-10;real estate;52.01
2024-09-10;Technology;40.37
2024-09-10;Industrials;43.2
2024-09-10;Healthcare;60.35
2024-09-10;Crypto;44.22
2024-09-11;FINANCIAL SERVICES;46.71
2024-09-11;Utilities;47.44
2024-09-11;  Energy ;40.62
2024-09-11;Basic Materials;50.34
2024-09-11;Consumer Cyclical;39.73
2024-09-11;Consumer Defensive;36.17
2024-09-11;  Communication Services ;34.65
2024-09-11;  Real Estate ;63.03
2024-09-11;TECHNOLOGY;60.91
2024-09-11;  Industrials ;50.66
2024-09-11;  Healthcare ;20.35
2024-09-11;crypto;41.76
2024-09-12;Financial Services;46.23
2024-09-12;Utilities;27.76
2024-09-12;  Energy ;75.3
2024-09-12;basic materials;44.37
2024-09-12;consumer cyclical;61.66
2024-09-12;Consumer Defensive;30.47
2024-09-12;communication services;73.65
2024-09-12;Real Estate;65.74
2024-09-12;TECHNOLOGY;54.4
2024-09-12;INDUSTRIALS;25.33
2024-09-12;  Healthcare ;71.26
2024-09-12;crypto;42.96
2024-09-13;  Financial Services ;47.58
2024-09-13;UTILITIES;30.82
2024-09-13;  Energy ;69.55
2024-09-13;  Basic Materials ;55.46
2024-09-13;CONSUMER CYCLICAL;46.84
2024-09-13;consumer defensive;41.27
2024-09-13;Communication Services;45.52
2024-09-13;real estate;59.54
2024-09-13;technology;49.62
2024-09-13;INDUSTRIALS;45.32
2024-09-13;  Healthcare ;76.14
2024-09-13;Crypto;50.25
2024-09-16;Financial Services;62.96
2024-09-16;UTILITIES;58.28
2024-09-16;energy;49.18
2024-09-16;Basic Materials;57.16
2024-09-16;CONSUMER CYCLICAL;45.04
2024-09-16;CONSUMER DEFENSIVE;46.5
2024-09-16;COMMUNICATION SERVICES;46.4
2024-09-16;REAL ESTATE;31.77
2024-09-16;Technology;70.48
2024-09-16;industrials;51.52
2024-09-16;healthcare;49.03
2024-09-16;Crypto;25.33
2024-09-17;financial services;37.23
2024-09-17;  Utilities ;43.16
2024-09-17;Energy;64.63
2024-09-17;Basic Materials;59.32
2024-09-17;CONSUMER CYCLICAL;42.92
2024-09-17;consumer defensive;73.17
2024-09-17;Communication Services;50.7
2024-09-17;Real Estate;58.72
2024-09-17;Technology;27.79
2024-09-17;industrials;43.48
2024-09-17;Healthcare;53.84
2024-09-17;Crypto;32.48
2024-09-18;Financial Services;24.76
2024-09-18;Utilities;58.25
2024-09-18;Energy;59.08
2024-09-18;BASIC MATERIALS;65.04
2024-09-18;Consumer Cyclical;52.21
2024-09-18;Consumer Defensive;36.95
2024-09-18;Communication Services;79.35
2024-09-18;Real Estate;55.49
2024-09-18;  Technology ;37.86
2024-09-18;industrials;47.4
2024-09-18;HEALTHCARE;49.01
2024-09-18;Crypto;56.02
2024-09-19;financial services;38.8
2024-09-19;Utilities;42.7
2024-09-19;Energy;68.35
2024-09-19;basic materials;59.57
2024-09-19;Consumer Cyclical;48.86
2024-09-19;CONSUMER DEFENSIVE;39.31
2024-09-19;communication services;37.67
2024-09-19;Real Estate;58.86
2024-09-19;Technology;32.94
2024-09-19;Industrials;37.94
2024-09-19;  Healthcare ;32.6
2024-09-19;  Crypto ;50.16
2024-09-20;Financial Services;49.56
2024-09-20;UTILITIES;40.19
2024-09-20;energy;56.38
2024-09-20;  Basic Materials ;95.4
2024-09-20;Consumer Cyclical;56.09
2024-09-20;CONSUMER DEFENSIVE;54.42
2024-09-20;Communication Services;42.17
2024-09-20;REAL ESTATE;39.79
2024-09-20;Technology;49.21
2024-09-20;Industrials;60.86
2024-09-20;HEALTHCARE;61.58
2024-09-20;crypto;48.54
2024-09-23;Financial Services;48.9
2024-09-23;Utilities;55.23
2024-09-23;Energy;19.96
2024-09-23;basic materials;49.89
2024-09-23;consumer cyclical;41.11
2024-09-23;CONSUMER DEFENSIVE;32.66
2024-09-23;Communication Services;54.43
2024-09-23;real estate;70.45
2024-09-23;Technology;48.8
2024-09-23;Industrials;56.13
2024-09-23;Healthcare;32.98
2024-09-23;  Crypto ;52.88
2024-09-24;  Financial Services ;55.53
2024-09-24;utilities;58.4
2024-09-24;ENERGY;36.84
2024-09-24;Basic Materials;60.04
2024-09-24;CONSUMER CYCLICAL;38.47
2024-09-24;Consumer Defensive;51.59
2024-09-24;communication services;76.23
2024-09-24;Real Estate;48.6
2024-09-24;  Technology ;52.4
2024-09-24;INDUSTRIALS;65.99
2024-09-24;  Healthcare ;57.74
2024-09-24;  Crypto ;22.89
2024-09-25;financial services;38.13
2024-09-25;UTILITIES;57.3
2024-09-25;Energy;70.19
2024-09-25;BASIC MATERIALS;80.16
2024-09-25;Consumer Cyclical;67.7
2024-09-25;CONSUMER DEFENSIVE;70.43
2024-09-25;COMMUNICATION SERVICES;58.46
2024-09-25;REAL ESTATE;51.15
2024-09-25;TECHNOLOGY;47.38
2024-09-25;Industrials;59.28
2024-09-25;Healthcare;66.28
2024-09-25;crypto;63.65
2024-09-26;financial services;60.19
2024-09-26;UTILITIES;54.76
2024-09-26;  Energy ;58.8
2024-09-26;Basic Materials;42.28
2024-09-26;Consumer Cyclical;74.75
2024-09-26;consumer defensive;45.06
2024-09-26;Communication Services;45.47
2024-09-26;Real Estate;50.86
2024-09-26;Technology;41.18
2024-09-26;Industrials;36.46
2024-09-26;Healthcare;46.99
2024-09-26;Crypto;54.1
2024-09-27;financial services;20.85
2024-09-27;Utilities;25.16
2024-09-27;ENERGY;62.19
2024-09-27;  Basic Materials ;84.17
2024-09-27;Consumer Cyclical;59.36
2024-09-27;consumer defensive;30.37
2024-09-27;COMMUNICATION SERVICES;41.06
2024-09-27;Real Estate;69.83
2024-09-27;Technology;59.0
2024-09-27;industrials;61.1
2024-09-27;Healthcare;60.59
2024-09-27;crypto;43.95
2024-09-30;Financial Services;55.66
2024-09-30;  Utilities ;73.77
2024-09-30;Energy;50.35
2024-09-30;Basic Materials;51.52
2024-09-30;CONSUMER CYCLICAL;46.36
2024-09-30;  Consumer Defensive ;55.24
2024-09-30;Communication Services;69.35
2024-09-30;real estate;52.1
2024-09-30;  Technology ;45.47
2024-09-30;INDUSTRIALS;56.42
2024-09-30;  Healthcare ;60.61
2024-09-30;Crypto;49.38
2024-10-01;Financial Services;40.62
2024-10-01;Utilities;44.13
2024-10-01;energy;36.3
2024-10-01;  Basic Materials ;44.08
2024-10-01;consumer cyclical;52.83
2024-10-01;  Consumer Defensive ;36.02
2024-10-01;Communication Services;30.23
2024-10-01;Real Estate;48.49
2024-10-01;  Technology ;18.42
2024-10-01;INDUSTRIALS;59.82
2024-10-01;  Healthcare ;27.57
2024-10-01;Crypto;39.71
2024-10-02;  Financial Services ;34.32
2024-10-02;Utilities;36.8
2024-10-02;Energy;28.32
2024-10-02;basic materials;32.14
2024-10-02;Consumer Cyclical;56.73
2024-10-02;CONSUMER DEFENSIVE;34.61
2024-10-02;COMMUNICATION SERVICES;52.84
2024-10-02;  Real Estate ;51.69
2024-10-02;technology;33.93
2024-10-02;Industrials;42.33
2024-10-02;  Healthcare ;49.82
2024-10-02;crypto;48.99
2024-10-03;FINANCIAL SERVICES;60.61
2024-10-03;UTILITIES;40.6
2024-10-03;  Energy ;48.06
2024-10-03;  Basic Materials ;39.48
2024-10-03;consumer cyclical;56.72
2024-10-03;Consumer Defensive;43.41
2024-10-03;communication services;42.83
2024-10-03;  Real Estate ;43.19
2024-10-03;Technology;66.59
2024-10-03;Industrials;71.74
2024-10-03;Healthcare;42.79
2024-10-03;CRYPTO;40.06
2024-10-04;Financial Services;43.22
2024-10-04;Utilities;39.59
2024-10-04;ENERGY;24.53
2024-10-04;Basic Materials;57.35
2024-10-04;Consumer Cyclical;42.57
2024-10-04;CONSUMER DEFENSIVE;49.98
2024-10-04;Communication Services;55.43
2024-10-04;Real Estate;67.72
2024-10-04;Technology;46.09
2024-10-04;industrials;54.03
2024-10-04;Healthcare;46.55
2024-10-04;crypto;57.15
2024-10-07;financial services;62.32
2024-10-07;UTILITIES;51.09
2024-10-07;energy;71.49
2024-10-07;basic materials;58.61
2024-10-07;CONSUMER CYCLICAL;43.32
2024-10-07;Consumer Defensive;39.54
2024-10-07;  Communication Services ;54.71
2024-10-07;Real Estate;42.73
2024-10-07;technology;57.09
2024-10-07;industrials;61.19
2024-10-07;  Healthcare ;59.55
2024-10-07;  Crypto ;49.54
2024-10-08;FINANCIAL SERVICES;44.48
2024-10-08;  Utilities ;39.98
2024-10-08;ENERGY;58.32
2024-10-08;BASIC MATERIALS;53.11
2024-10-08;Consumer Cyclical;72.25
2024-10-08;Consumer Defensive;50.62
2024-10-08;communication services;54.21
2024-10-08;  Real Estate ;46.91
2024-10-08;Technology;64.38
2024-10-08;Industrials;66.16
2024-10-08;HEALTHCARE;61.16
2024-10-08;  Crypto ;63.43
2024-10-09;Financial Services;22.71
2024-10-09;UTILITIES;45.2
2024-10-09;energy;66.54
2024-10-09;basic materials;28.69
2024-10-09;consumer cyclical;55.8
2024-10-09;  Consumer Defensive ;56.77
2024-10-09;Communication Services;57.51
2024-10-09;REAL ESTATE;48.66
2024-10-09;TECHNOLOGY;67.15
2024-10-09;industrials;34.39
2024-10-09;HEALTHCARE;42.17
2024-10-09;crypto;41.22
2024-10-10;Financial Services;41.91
2024-10-10;UTILITIES;49.25
2024-10-10;energy;62.13
2024-10-10;Basic Materials;42.46
2024-10-10;  Consumer Cyclical ;50.12
2024-10-10;CONSUMER DEFENSIVE;66.08
2024-10-10;  Communication Services ;40.26
2024-10-10;real estate;62.25
2024-10-10;Technology;45.19
2024-10-10;Industrials;58.0
2024-10-10;Healthcare;54.7
2024-10-10;CRYPTO;53.69
2024-10-11;Financial Services;64.82
2024-10-11;UTILITIES;40.84
2024-10-11;Energy;64.02
2024-10-11;basic materials;43.59
2024-10-11;CONSUMER CYCLICAL;42.22
2024-10-11;CONSUMER DEFENSIVE;57.39
2024-10-11;Communication Services;47.46
2024-10-11;Real Estate;63.02
2024-10-11;Technology;34.5
2024-10-11;industrials;33.23
2024-10-11;Healthcare;53.76
2024-10-11;  Crypto ;59.89
2024-10-14;  Financial Services ;44.8
2024-10-14;Utilities;52.83
2024-10-14;ENERGY;76.94
2024-10-14;Basic Materials;37.13
2024-10-14;Consumer Cyclical;49.88
2024-10-14;CONSUMER DEFENSIVE;50.98
2024-10-14;Communication Services;34.24
2024-10-14;Real Estate;74.76
2024-10-14;Technology;38.94
2024-10-14;Industrials;34.49
2024-10-14;healthcare;38.83
2024-10-14;CRYPTO;62.81
2024-10-15;FINANCIAL SERVICES;61.31
2024-10-15;utilities;52.95
2024-10-15;Energy;51.82
2024-10-15;Basic Materials;70.36
2024-10-15;CONSUMER CYCLICAL;82.34
2024-10-15;Consumer Defensive;52.52
2024-10-15;Communication Services;51.63
2024-10-15;Real Estate;58.91
2024-10-15;TECHNOLOGY;48.89
2024-10-15;  Industrials ;77.49
2024-10-15;  Healthcare ;40.96
2024-10-15;CRYPTO;67.11
2024-10-16;Financial Services;56.59
2024-10-16;  Utilities ;40.48
2024-10-16;energy;37.23
2024-10-16;Basic Materials;35.14
2024-10-16;  Consumer Cyclical ;69.1
2024-10-16;Consumer Defensive;32.34
2024-10-16;Communication Services;53.24
2024-10-16;  Real Estate ;50.83
2024-10-16;TECHNOLOGY;44.32
2024-10-16;industrials;64.37
2024-10-16;Healthcare;52.37
2024-10-16;Crypto;65.38
2024-10-17;financial services;61.58
2024-10-17;UTILITIES;31.74
2024-10-17;ENERGY;50.88
2024-10-17;Basic Materials;63.7
2024-10-17;  Consumer Cyclical ;77.27
2024-10-17;Consumer Defensive;49.04
2024-10-17;communication services;71.69
2024-10-17;Real Estate;79.67
2024-10-17;TECHNOLOGY;56.12
2024-10-17;Industrials;39.65
2024-10-17;healthcare;74.13
2024-10-17;CRYPTO;34.02
2024-10-18;Financial Services;48.9
2024-10-18;UTILITIES;45.55
2024-10-18;  Energy ;32.97
2024-10-18;basic materials;61.08
2024-10-18;CONSUMER CYCLICAL;43.53
2024-10-18;  Consumer Defensive ;72.23
2024-10-18;COMMUNICATION SERVICES;63.59
2024-10-18;Real Estate;66.48
2024-10-18;Technology;46.71
2024-10-18;industrials;23.97
2024-10-18;Healthcare;49.83
2024-10-18;  Crypto ;66.61
2024-10-21;FINANCIAL SERVICES;39.74
2024-10-21;Utilities;45.17
2024-10-21;energy;30.04
2024-10-21;Basic Materials;32.9
2024-10-21;consumer cyclical;35.42
2024-10-21;Consumer Defensive;54.12
2024-10-21;COMMUNICATION SERVICES;39.8
2024-10-21;Real Estate;64.79
2024-10-21;Technology;38.17
2024-10-21;industrials;28.47
2024-10-21;Healthcare;43.14
2024-10-21;  Crypto ;36.67
2024-10-22;financial services;39.94
2024-10-22;utilities;68.84
2024-10-22;Energy;61.8
2024-10-22;BASIC MATERIALS;45.23
2024-10-22;  Consumer Cyclical ;37.0
2024-10-22;CONSUMER DEFENSIVE;37.45
2024-10-22;Communication Services;38.63
2024-10-22;REAL ESTATE;37.6
2024-10-22;Technology;53.86
2024-10-22;INDUSTRIALS;43.02
2024-10-22;Healthcare;30.41
2024-10-22;  Crypto ;58.42
2024-10-23;  Financial Services ;71.29
2024-10-23;Utilities;54.26
2024-10-23;Energy;66.05
2024-10-23;BASIC MATERIALS;36.11
2024-10-23;Consumer Cyclical;59.51
2024-10-23;  Consumer Defensive ;44.0
2024-10-23;COMMUNICATION SERVICES;57.11
2024-10-23;Real Estate;53.67
2024-10-23;  Technology ;58.78
2024-10-23;Industrials;60.36
2024-10-23;HEALTHCARE;54.12
2024-10-23;CRYPTO;63.21
2024-10-24;Financial Services;49.52
2024-10-24;UTILITIES;51.03
2024-10-24;  Energy ;60.55
2024-10-24;basic materials;53.11
2024-10-24;consumer cyclical;45.89
2024-10-24;CONSUMER DEFENSIVE;66.78
2024-10-24;Communication Services;42.89
2024-10-24;Real Estate;32.1
2024-10-24;Technology;48.8
2024-10-24;Industrials;33.21
2024-10-24;Healthcare;42.95
2024-10-24;CRYPTO;49.62
2024-10-25;Financial Services;47.48
2024-10-25;utilities;64.46
2024-10-25;  Energy ;25.07
2024-10-25;  Basic Materials ;42.3
2024-10-25;  Consumer Cyclical ;37.03
2024-10-25;Consumer Defensive;58.27
2024-10-25;  Communication Services ;56.28
2024-10-25;REAL ESTATE;38.42
2024-10-25;Technology;35.46
2024-10-25;INDUSTRIALS;42.62
2024-10-25;  Healthcare ;57.72
2024-10-25;crypto;51.28
2024-10-28;Financial Services;46.26
2024-10-28;utilities;42.08
2024-10-28;  Energy ;54.58
2024-10-28;basic materials;56.42
2024-10-28;Consumer Cyclical;36.97
2024-10-28;Consumer Defensive;39.71
2024-10-28;  Communication Services ;51.07
2024-10-28;  Real Estate ;40.02
2024-10-28;TECHNOLOGY;32.54
2024-10-28;INDUSTRIALS;43.94
2024-10-28;HEALTHCARE;71.43
2024-10-28;  Crypto ;78.06
2024-10-29;financial services;35.83
2024-10-29;utilities;55.22
2024-10-29;Energy;27.46
2024-10-29;BASIC MATERIALS;62.54
2024-10-29;CONSUMER CYCLICAL;57.96
2024-10-29;CONSUMER DEFENSIVE;48.6
2024-10-29;Communication Services;44.58
2024-10-29;Real Estate;63.82
2024-10-29;TECHNOLOGY;48.33
2024-10-29;industrials;57.92
2024-10-29;Healthcare;48.84
2024-10-29;  Crypto ;56.95
2024-10-30;Financial Services;56.87
2024-10-30;Utilities;48.87
2024-10-30;Energy;54.48
2024-10-30;Basic Materials;53.5
2024-10-30;CONSUMER CYCLICAL;40.43
2024-10-30;Consumer Defensive;50.42
2024-10-30;COMMUNICATION SERVICES;49.69
2024-10-30;Real Estate;52.29
2024-10-30;Technology;58.45
2024-10-30;industrials;56.58
2024-10-30;HEALTHCARE;39.9
2024-10-30;Crypto;76.84
2024-10-31;FINANCIAL SERVICES;54.05
2024-10-31;Utilities;57.35
2024-10-31;ENERGY;39.93
2024-10-31;Basic Materials;56.66
2024-10-31;CONSUMER CYCLICAL;57.96
2024-10-31;Consumer Defensive;98.01
2024-10-31;COMMUNICATION SERVICES;40.94
2024-10-31;real estate;61.71
2024-10-31;Technology;62.27
2024-10-31;  Industrials ;59.12
2024-10-31;  Healthcare ;72.26
2024-10-31;Crypto;36.54
2024-11-01;Financial Services;36.14
2024-11-01;Utilities;20.07
2024-11-01;energy;47.9
2024-11-01;Basic Materials;41.42
2024-11-01;CONSUMER CYCLICAL;52.72
2024-11-01;  Consumer Defensive ;44.87
2024-11-01;COMMUNICATION SERVICES;62.22
2024-11-01;REAL ESTATE;46.53
2024-11-01;TECHNOLOGY;45.36
2024-11-01;Industrials;44.55
2024-11-01;HEALTHCARE;54.96
2024-11-01;CRYPTO;31.27
2024-11-04;FINANCIAL SERVICES;33.74
2024-11-04;Utilities;35.31
2024-11-04;Energy;46.1
2024-11-04;basic materials;51.43
2024-11-04;CONSUMER CYCLICAL;35.66
2024-11-04;CONSUMER DEFENSIVE;60.05
2024-11-04;communication services;69.65
2024-11-04;  Real Estate ;48.31
2024-11-04;Technology;46.04
2024-11-04;INDUSTRIALS;59.55
2024-11-04;HEALTHCARE;78.15
2024-11-04;CRYPTO;51.83
2024-11-05;FINANCIAL SERVICES;63.86
2024-11-05;  Utilities ;38.94
2024-11-05;ENERGY;56.32
2024-11-05;BASIC MATERIALS;50.48
2024-11-05;CONSUMER CYCLICAL;63.77
2024-11-05;consumer defensive;46.21
2024-11-05;COMMUNICATION SERVICES;59.84
2024-11-05;Real Estate;52.22
2024-11-05;Technology;60.16
2024-11-05;industrials;41.85
2024-11-05;Healthcare;34.17
2024-11-05;Crypto;18.87
2024-11-06;financial services;56.45
2024-11-06;Utilities;51.47
2024-11-06;  Energy ;39.06
2024-11-06;basic materials;48.36
2024-11-06;consumer cyclical;57.85
2024-11-06;consumer defensive;59.13
2024-11-06;COMMUNICATION SERVICES;55.21
2024-11-06;real estate;33.41
2024-11-06;technology;43.88
2024-11-06;industrials;53.04
2024-11-06;HEALTHCARE;61.09
2024-11-06;Crypto;48.72
2024-11-07;Financial Services;40.32
2024-11-07;  Utilities ;18.64
2024-11-07;energy;45.81
2024-11-07;Basic Materials;83.97
2024-11-07;Consumer Cyclical;56.32
2024-11-07;consumer defensive;40.86
2024-11-07;COMMUNICATION SERVICES;47.47
2024-11-07;real estate;41.61
2024-11-07;technology;47.45
2024-11-07;INDUSTRIALS;30.17
2024-11-07;Healthcare;65.57
2024-11-07;  Crypto ;63.77
2024-11-08;Financial Services;40.97
2024-11-08;UTILITIES;35.5
2024-11-08;  Energy ;26.87
2024-11-08;BASIC MATERIALS;72.88
2024-11-08;  Consumer Cyclical ;48.17
2024-11-08;CONSUMER DEFENSIVE;65.37
2024-11-08;Communication Services;52.09
2024-11-08;  Real Estate ;41.91
2024-11-08;TECHNOLOGY;66.65
2024-11-08;industrials;50.5
2024-11-08;  Healthcare ;43.01
2024-11-08;Crypto;51.8
2024-11-11;Financial Services;67.25
2024-11-11;UTILITIES;57.78
2024-11-11;ENERGY;50.41
2024-11-11;Basic Materials;32.51
2024-11-11;Consumer Cyclical;38.77
2024-11-11;  Consumer Defensive ;30.18
2024-11-11;COMMUNICATION SERVICES;48.16
2024-11-11;  Real Estate ;53.58
2024-11-11;Technology;48.58
2024-11-11;Industrials;65.81
2024-11-11;HEALTHCARE;56.97
2024-11-11;crypto;49.19
2024-11-12;  Financial Services ;52.33
2024-11-12;Utilities;67.02
2024-11-12;Energy;68.92
2024-11-12;BASIC MATERIALS;44.12
2024-11-12;consumer cyclical;50.67
2024-11-12;consumer defensive;43.02
2024-11-12;  Communication Services ;46.86
2024-11-12;Real Estate;22.88
2024-11-12;Technology;35.23
2024-11-12;industrials;55.42
2024-11-12;  Healthcare ;41.8
2024-11-12;  Crypto ;62.86
2024-11-13;FINANCIAL SERVICES;60.58
2024-11-13;Utilities;54.09
2024-11-13;  Energy ;65.15
2024-11-13;basic materials;35.85
2024-11-13;Consumer Cyclical;40.07
2024-11-13;Consumer Defensive;43.91
2024-11-13;  Communication Services ;39.53
2024-11-13;REAL ESTATE;11.39
2024-11-13;Technology;50.27
2024-11-13;INDUSTRIALS;62.36
2024-11-13;  Healthcare ;40.68
2024-11-13;Crypto;25.24
2024-11-14;  Financial Services ;44.57
2024-11-14;Utilities;51.61
2024-11-14;ENERGY;47.87
2024-11-14;  Basic Materials ;57.93
2024-11-14;CONSUMER CYCLICAL;27.95
2024-11-14;Consumer Defensive;46.64
2024-11-14;Communication Services;47.95
2024-11-14;REAL ESTATE;55.76
2024-11-14;Technology;48.37
2024-11-14;  Industrials ;30.92
2024-11-14;healthcare;46.85
2024-11-14;Crypto;23.56
2024-11-15;FINANCIAL SERVICES;70.75
2024-11-15;  Utilities ;65.23
2024-11-15;ENERGY;59.3
2024-11-15;basic materials;37.35
2024-11-15;Consumer Cyclical;35.55
2024-11-15;  Consumer Defensive ;57.2
2024-11-15;communication services;67.02
2024-11-15;REAL ESTATE;61.0
2024-11-15;Technology;38.9
2024-11-15;Industrials;46.45
2024-11-15;HEALTHCARE;77.77
2024-11-15;Crypto;52.62
2024-11-18;Financial Services;65.04
2024-11-18;UTILITIES;76.58
2024-11-18;ENERGY;63.63
2024-11-18;BASIC MATERIALS;93.56
2024-11-18;CONSUMER CYCLICAL;46.92
2024-11-18;Consumer Defensive;43.02
2024-11-18;Communication Services;47.41
2024-11-18;  Real Estate ;57.38
2024-11-18;TECHNOLOGY;86.46
2024-11-18;Industrials;75.97
2024-11-18;Healthcare;54.16
2024-11-18;Crypto;53.46
2024-11-19;Financial Services;51.11
2024-11-19;UTILITIES;49.36
2024-11-19;Energy;65.69
2024-11-19;Basic Materials;42.32
2024-11-19;CONSUMER CYCLICAL;51.6
2024-11-19;Consumer Defensive;54.37
2024-11-19;  Communication Services ;44.8
2024-11-19;Real Estate;50.21
2024-11-19;Technology;44.67
2024-11-19;industrials;59.18
2024-11-19;HEALTHCARE;32.03
2024-11-19;crypto;54.23
2024-11-20;  Financial Services ;23.67
2024-11-20;UTILITIES;36.49
2024-11-20;energy;37.12
2024-11-20;Basic Materials;52.15
2024-11-20;Consumer Cyclical;49.01
2024-11-20;Consumer Defensive;30.51
2024-11-20;communication services;66.54
2024-11-20;Real Estate;54.79
2024-11-20;technology;66.99
2024-11-20;  Industrials ;67.72
2024-11-20;  Healthcare ;55.94
2024-11-20;Crypto;61.34
2024-11-21;Financial Services;35.37
2024-11-21;Utilities;28.32
2024-11-21;ENERGY;47.36
2024-11-21;Basic Materials;65.35
2024-11-21;CONSUMER CYCLICAL;50.27
2024-11-21;Consumer Defensive;46.67
2024-11-21;communication services;68.31
2024-11-21;Real Estate;34.91
2024-11-21;TECHNOLOGY;62.37
2024-11-21;Industrials;30.18
2024-11-21;healthcare;57.21
2024-11-21;crypto;47.97
2024-11-22;Financial Services;56.42
2024-11-22;Utilities;36.04
2024-11-22;Energy;45.73
2024-11-22;Basic Materials;49.59
2024-11-22;  Consumer Cyclical ;43.7
2024-11-22;  Consumer Defensive ;58.25
2024-11-22;Communication Services;23.31
2024-11-22;REAL ESTATE;36.8
2024-11-22;Technology;51.6
2024-11-22;Industrials;44.96
2024-11-22;Healthcare;33.1
2024-11-22;CRYPTO;49.49
2024-11-25;  Financial Services ;44.12
2024-11-25;utilities;59.38
2024-11-25;ENERGY;49.14
2024-11-25;Basic Materials;50.72
2024-11-25;consumer cyclical;68.72
2024-11-25;  Consumer Defensive ;66.3
2024-11-25;Communication Services;32.26
2024-11-25;REAL ESTATE;85.12
2024-11-25;TECHNOLOGY;58.91
2024-11-25;Industrials;52.63
2024-11-25;healthcare;51.82
2024-11-25;CRYPTO;51.4
2024-11-26;financial services;39.75
2024-11-26;Utilities;69.76
2024-11-26;ENERGY;55.84
2024-11-26;  Basic Materials ;63.71
2024-11-26;  Consumer Cyclical ;40.76
2024-11-26;consumer defensive;53.67
2024-11-26;  Communication Services ;49.15
2024-11-26;Real Estate;36.1
2024-11-26;technology;36.8
2024-11-26;Industrials;55.94
2024-11-26;Healthcare;57.9
2024-11-26;Crypto;43.25
2024-11-27;Financial Services;27.21
2024-11-27;  Utilities ;42.01
2024-11-27;Energy;59.74
2024-11-27;basic materials;64.74
2024-11-27;  Consumer Cyclical ;29.68
2024-11-27;consumer defensive;49.83
2024-11-27;Communication Services;61.66
2024-11-27;Real Estate;55.88
2024-11-27;Technology;43.89
2024-11-27;Industrials;47.0
2024-11-27;healthcare;36.41
2024-11-27;Crypto;51.93
2024-11-28;financial services;30.15
2024-11-28;Utilities;57.64
2024-11-28;  Energy ;41.16
2024-11-28;  Basic Materials ;70.18
2024-11-28;  Consumer Cyclical ;49.91
2024-11-28;  Consumer Defensive ;56.27
2024-11-28;communication services;43.78
2024-11-28;Real Estate;42.61
2024-11-28;TECHNOLOGY;44.01
2024-11-28;industrials;36.57
2024-11-28;  Healthcare ;50.99
2024-11-28;Crypto;31.78
2024-11-29;Financial Services;50.02
2024-11-29;UTILITIES;69.96
2024-11-29;Energy;66.0
2024-11-29;Basic Materials;66.15
2024-11-29;CONSUMER CYCLICAL;67.18
2024-11-29;  Consumer Defensive ;44.72
2024-11-29;communication services;44.95
2024-11-29;real estate;66.79
2024-11-29;technology;69.09
2024-11-29;Industrials;59.12
2024-11-29;  Healthcare ;17.95
2024-11-29;CRYPTO;9.86
2024-12-02;Financial Services;30.0
2024-12-02;Utilities;52.37
2024-12-02;Energy;46.13
2024-12-02;Basic Materials;56.49
2024-12-02;Consumer Cyclical;46.1
2024-12-02;consumer defensive;35.64
2024-12-02;COMMUNICATION SERVICES;41.74
2024-12-02;  Real Estate ;43.13
2024-12-02;Technology;40.78
2024-12-02;  Industrials ;43.11
2024-12-02;HEALTHCARE;60.01
2024-12-02;  Crypto ;34.99
2024-12-03;financial services;53.88
2024-12-03;UTILITIES;59.1
2024-12-03;Energy;38.8
2024-12-03;basic materials;29.75
2024-12-03;consumer cyclical;76.07
2024-12-03;  Consumer Defensive ;54.17
2024-12-03;Communication Services;47.78
2024-12-03;real estate;37.7
2024-12-03;Technology;60.18
2024-12-03;  Industrials ;56.72
2024-12-03;HEALTHCARE;35.08
2024-12-03;  Crypto ;57.09
2024-12-04;financial services;59.11
2024-12-04;Utilities;72.63
2024-12-04;Energy;49.35
2024-12-04;BASIC MATERIALS;21.26
2024-12-04;Consumer Cyclical;61.24
2024-12-04;  Consumer Defensive ;22.29
2024-12-04;COMMUNICATION SERVICES;51.98
2024-12-04;  Real Estate ;42.78
2024-12-04;Technology;37.45
2024-12-04;INDUSTRIALS;71.06
2024-12-04;HEALTHCARE;48.18
2024-12-04;CRYPTO;54.96
2024-12-05;  Financial Services ;53.3
2024-12-05;Utilities;65.93
2024-12-05;Energy;53.91
2024-12-05;BASIC MATERIALS;40.71
2024-12-05;  Consumer Cyclical ;46.68
2024-12-05;Consumer Defensive;54.27
2024-12-05;Communication Services;52.55
2024-12-05;REAL ESTATE;50.83
2024-12-05;Technology;54.64
2024-12-05;Industrials;35.22
2024-12-05;Healthcare;59.36
2024-12-05;Crypto;37.15
2024-12-06;financial services;67.5
2024-12-06;  Utilities ;35.54
2024-12-06;  Energy ;50.57
2024-12-06;  Basic Materials ;41.84
2024-12-06;Consumer Cyclical;37.94
2024-12-06;CONSUMER DEFENSIVE;26.62
2024-12-06;Communication Services;34.17
2024-12-06;REAL ESTATE;27.35
2024-12-06;TECHNOLOGY;50.27
2024-12-06;Industrials;57.84
2024-12-06;Healthcare;32.42
2024-12-06;Crypto;56.86
2024-12-09;Financial Services;62.29
2024-12-09;UTILITIES;34.84
2024-12-09;ENERGY;44.35
2024-12-09;BASIC MATERIALS;58.26
2024-12-09;consumer cyclical;46.92
2024-12-09;CONSUMER DEFENSIVE;37.95
2024-12-09;Communication Services;79.41
2024-12-09;Real Estate;63.76
2024-12-09;TECHNOLOGY;26.69
2024-12-09;industrials;55.22
2024-12-09;Healthcare;54.41
2024-12-09;crypto;64.79
2024-12-10;Financial Services;48.06
2024-12-10;  Utilities ;31.38
2024-12-10;  Energy ;57.65
2024-12-10;BASIC MATERIALS;50.6
2024-12-10;consumer cyclical;41.73
2024-12-10;CONSUMER DEFENSIVE;58.65
2024-12-10;communication services;42.37
2024-12-10;Real Estate;65.51
2024-12-10;Technology;53.39
2024-12-10;Industrials;54.28
2024-12-10;Healthcare;56.48
2024-12-10;Crypto;65.86
2024-12-11;FINANCIAL SERVICES;25.03
2024-12-11;Utilities;53.05
2024-12-11;Energy;57.24
2024-12-11;basic materials;20.41
2024-12-11;Consumer Cyclical;51.05
2024-12-11;CONSUMER DEFENSIVE;52.03
2024-12-11;  Communication Services ;53.96
2024-12-11;REAL ESTATE;46.68
2024-12-11;TECHNOLOGY;56.17
2024-12-11;  Industrials ;51.41
2024-12-11;healthcare;46.65
2024-12-11;  Crypto ;41.21
2024-12-12;financial services;35.71
2024-12-12;  Utilities ;66.3
2024-12-12;Energy;68.57
2024-12-12;  Basic Materials ;52.03
2024-12-12;CONSUMER CYCLICAL;52.66
2024-12-12;consumer defensive;49.48
2024-12-12;Communication Services;63.66
2024-12-12;REAL ESTATE;65.4
2024-12-12;TECHNOLOGY;49.68
2024-12-12;Industrials;53.25
2024-12-12;Healthcare;61.82
2024-12-12;  Crypto ;33.89
2024-12-13;  Financial Services ;62.48
2024-12-13;Utilities;31.04
2024-12-13;  Energy ;27.72
2024-12-13;Basic Materials;38.97
2024-12-13;  Consumer Cyclical ;46.36
2024-12-13;CONSUMER DEFENSIVE;51.28
2024-12-13;Communication Services;49.58
2024-12-13;REAL ESTATE;54.95
2024-12-13;Technology;58.27
2024-12-13;industrials;42.9
2024-12-13;Healthcare;42.9
2024-12-13;crypto;45.67
2024-12-16;FINANCIAL SERVICES;50.67
2024-12-16;UTILITIES;55.45
2024-12-16;energy;24.63
2024-12-16;Basic Materials;31.8
2024-12-16;consumer cyclical;61.59
2024-12-16;consumer defensive;13.41
2024-12-16;Communication Services;24.44
2024-12-16;REAL ESTATE;40.3
2024-12-16;Technology;37.76
2024-12-16;industrials;67.54
2024-12-16;healthcare;52.36
2024-12-16;  Crypto ;44.46
2024-12-17;financial services;60.81
2024-12-17;  Utilities ;44.31
2024-12-17;Energy;26.34
2024-12-17;basic materials;52.97
2024-12-17;Consumer Cyclical;58.43
2024-12-17;Consumer Defensive;23.15
2024-12-17;  Communication Services ;56.92
2024-12-17;real estate;36.83
2024-12-17;Technology;55.36
2024-12-17;INDUSTRIALS;49.9
2024-12-17;healthcare;54.98
2024-12-17;crypto;60.18
2024-12-18;FINANCIAL SERVICES;26.14
2024-12-18;  Utilities ;69.5
2024-12-18;energy;38.29
2024-12-18;Basic Materials;33.96
2024-12-18;Consumer Cyclical;42.45
2024-12-18;consumer defensive;17.59
2024-12-18;Communication Services;12.75
2024-12-18;Real Estate;30.4
2024-12-18;technology;41.2
2024-12-18;Industrials;44.45
2024-12-18;Healthcare;27.8
2024-12-18;CRYPTO;60.97
2024-12-19;Financial Services;64.07
2024-12-19;  Utilities ;57.25
2024-12-19;ENERGY;42.46
2024-12-19;Basic Materials;49.01
2024-12-19;CONSUMER CYCLICAL;62.6
2024-12-19;consumer defensive;43.45
2024-12-19;COMMUNICATION SERVICES;48.28
2024-12-19;Real Estate;26.14
2024-12-19;Technology;55.61
2024-12-19;Industrials;40.85
2024-12-19;healthcare;71.65
2024-12-19;Crypto;55.1
2024-12-20;  Financial Services ;52.95
2024-12-20;Utilities;33.29
2024-12-20;ENERGY;52.05
2024-12-20;basic materials;47.22
2024-12-20;consumer cyclical;50.86
2024-12-20;CONSUMER DEFENSIVE;58.98
2024-12-20;COMMUNICATION SERVICES;60.41
2024-12-20;Real Estate;60.19
2024-12-20;Technology;18.11
2024-12-20;Industrials;25.87
2024-12-20;Healthcare;24.56
2024-12-20;  Crypto ;73.99
2024-12-23;financial services;55.52
2024-12-23;UTILITIES;51.1
2024-12-23;Energy;50.35
2024-12-23;Basic Materials;30.92
2024-12-23;Consumer Cyclical;44.27
2024-12-23;  Consumer Defensive ;53.04
2024-12-23;COMMUNICATION SERVICES;36.86
2024-12-23;REAL ESTATE;73.27
2024-12-23;TECHNOLOGY;49.49
2024-12-23;INDUSTRIALS;51.18
2024-12-23;Healthcare;53.84
2024-12-23;Crypto;49.26
2024-12-24;  Financial Services ;51.75
2024-12-24;  Utilities ;66.53
2024-12-24;Energy;58.38
2024-12-24;  Basic Materials ;38.01
2024-12-24;Consumer Cyclical;55.07
2024-12-24;Consumer Defensive;56.95
2024-12-24;  Communication Services ;33.32
2024-12-24;Real Estate;50.98
2024-12-24;Technology;45.97
2024-12-24;INDUSTRIALS;49.77
2024-12-24;Healthcare;69.09
2024-12-24;Crypto;61.18
2024-12-27;  Financial Services ;37.0
2024-12-27;Utilities;48.58
2024-12-27;Energy;46.15
2024-12-27;BASIC MATERIALS;39.45
2024-12-27;CONSUMER CYCLICAL;50.05
2024-12-27;CONSUMER DEFENSIVE;79.26
2024-12-27;  Communication Services ;56.38
2024-12-27;Real Estate;48.75
2024-12-27;TECHNOLOGY;53.36
2024-12-27;Industrials;54.85
2024-12-27;Healthcare;36.93
2024-12-27;Crypto;97.27
2024-12-30;Financial Services;51.47
2024-12-30;  Utilities ;57.64
2024-12-30;Energy;37.33
2024-12-30;BASIC MATERIALS;34.31
2024-12-30;consumer cyclical;69.26
2024-12-30;Consumer Defensive;47.51
2024-12-30;communication services;47.44
2024-12-30;REAL ESTATE;62.98
2024-12-30;  Technology ;46.89
2024-12-30;Industrials;43.22
2024-12-30;HEALTHCARE;26.89
2024-12-30;Crypto;65.59
2024-12-31;  Financial Services ;53.88
2024-12-31;utilities;50.03
2024-12-31;ENERGY;62.81
2024-12-31;basic materials;54.25
2024-12-31;Consumer Cyclical;50.27
2024-12-31;Consumer Defensive;73.5
2024-12-31;Communication Services;36.84
2024-12-31;  Real Estate ;34.85
2024-12-31;TECHNOLOGY;58.47
2024-12-31;  Industrials ;64.63
2024-12-31;Healthcare;38.26
2024-12-31;crypto;46.26
2025-01-02;financial services;60.39
2025-01-02;  Utilities ;44.64
2025-01-02;  Energy ;52.04
2025-01-02;  Basic Materials ;57.81
2025-01-02;  Consumer Cyclical ;64.01
2025-01-02;Consumer Defensive;42.65
2025-01-02;Communication Services;57.66
2025-01-02;  Real Estate ;50.95
2025-01-02;Technology;66.92
2025-01-02;  Industrials ;38.54
2025-01-02;  Healthcare ;65.44
2025-01-02;  Crypto ;94.49
2025-01-03;FINANCIAL SERVICES;45.53
2025-01-03;UTILITIES;52.95
2025-01-03;ENERGY;67.8
2025-01-03;basic materials;52.19
2025-01-03;Consumer Cyclical;74.51
2025-01-03;Consumer Defensive;61.61
2025-01-03;Communication Services;61.13
2025-01-03;REAL ESTATE;49.52
2025-01-03;  Technology ;56.5
2025-01-03;industrials;53.18
2025-01-03;  Healthcare ;71.58
2025-01-03;crypto;47.49
2025-01-06;Financial Services;26.1
2025-01-06;utilities;34.48
2025-01-06;Energy;53.77
2025-01-06;  Basic Materials ;48.02
2025-01-06;Consumer Cyclical;39.57
2025-01-06;  Consumer Defensive ;50.72
2025-01-06;communication services;42.57
2025-01-06;REAL ESTATE;55.88
2025-01-06;  Technology ;64.6
2025-01-06;Industrials;61.35
2025-01-06;Healthcare;64.98
2025-01-06;CRYPTO;64.33
2025-01-07;  Financial Services ;59.79
2025-01-07;  Utilities ;48.36
2025-01-07;Energy;60.24
2025-01-07;BASIC MATERIALS;43.6
2025-01-07;  Consumer Cyclical ;60.36
2025-01-07;consumer defensive;64.08
2025-01-07;communication services;63.35
2025-01-07;real estate;58.03
2025-01-07;TECHNOLOGY;76.27
2025-01-07;Industrials;41.17
2025-01-07;Healthcare;36.48
2025-01-07;CRYPTO;39.0
2025-01-08;financial services;28.34
2025-01-08;utilities;54.2
2025-01-08;  Energy ;21.79
2025-01-08;BASIC MATERIALS;75.63
2025-01-08;CONSUMER CYCLICAL;44.91
2025-01-08;CONSUMER DEFENSIVE;37.7
2025-01-08;communication services;41.33
2025-01-08;  Real Estate ;37.23
2025-01-08;TECHNOLOGY;34.46
2025-01-08;industrials;48.37
2025-01-08;HEALTHCARE;76.34
2025-01-08;crypto;42.57
2025-01-09;Financial Services;48.43
2025-01-09;Utilities;68.81
2025-01-09;ENERGY;52.61
2025-01-09;Basic Materials;60.2
2025-01-09;Consumer Cyclical;51.6
2025-01-09;Consumer Defensive;45.51
2025-01-09;Communication Services;57.36
2025-01-09;Real Estate;36.62
2025-01-09;Technology;53.99
2025-01-09;INDUSTRIALS;34.6
2025-01-09;Healthcare;46.77
2025-01-09;crypto;90.64
2025-01-10;financial services;53.94
2025-01-10;UTILITIES;49.13
2025-01-10;ENERGY;36.96
2025-01-10;Basic Materials;41.53
2025-01-10;Consumer Cyclical;36.79
2025-01-10;CONSUMER DEFENSIVE;50.55
2025-01-10;Communication Services;30.5
2025-01-10;REAL ESTATE;64.16
2025-01-10;  Technology ;60.06
2025-01-10;Industrials;57.13
2025-01-10;Healthcare;17.54
2025-01-10;Crypto;37.53
2025-01-13;financial services;28.66
2025-01-13;  Utilities ;48.94
2025-01-13;ENERGY;30.08
2025-01-13;Basic Materials;59.8
2025-01-13;CONSUMER CYCLICAL;29.52
2025-01-13;CONSUMER DEFENSIVE;33.13
2025-01-13;Communication Services;54.1
2025-01-13;Real Estate;38.49
2025-01-13;Technology;37.01
2025-01-13;  Industrials ;59.53
2025-01-13;  Healthcare ;53.56
2025-01-13;crypto;40.45
2025-01-14;  Financial Services ;47.46
2025-01-14;utilities;49.29
2025-01-14;Energy;43.19
2025-01-14;BASIC MATERIALS;51.97
2025-01-14;Consumer Cyclical;56.87
2025-01-14;consumer defensive;51.69
2025-01-14;Communication Services;62.37
2025-01-14;Real Estate;32.96
2025-01-14;Technology;29.36
2025-01-14;industrials;75.38
2025-01-14;Healthcare;25.1
2025-01-14;Crypto;73.0
2025-01-15;FINANCIAL SERVICES;50.77
2025-01-15;UTILITIES;54.24
2025-01-15;Energy;29.38
2025-01-15;  Basic Materials ;51.07
2025-01-15;consumer cyclical;42.99
2025-01-15;CONSUMER DEFENSIVE;35.92
2025-01-15;COMMUNICATION SERVICES;43.56
2025-01-15;REAL ESTATE;44.85
2025-01-15;Technology;34.66
2025-01-15;Industrials;46.29
2025-01-15;HEALTHCARE;30.63
2025-01-15;crypto;71.28
2025-01-16;financial services;31.02
2025-01-16;UTILITIES;44.59
2025-01-16;  Energy ;50.49
2025-01-16;Basic Materials;55.9
2025-01-16;consumer cyclical;83.57
2025-01-16;Consumer Defensive;55.98
2025-01-16;COMMUNICATION SERVICES;58.17
2025-01-16;Real Estate;78.28
2025-01-16;TECHNOLOGY;75.1
2025-01-16;industrials;38.99
2025-01-16;Healthcare;71.35
2025-01-16;CRYPTO;52.67
2025-01-17;Financial Services;46.86
2025-01-17;Utilities;57.93
2025-01-17;energy;28.68
2025-01-17;Basic Materials;49.25
2025-01-17;Consumer Cyclical;39.49
2025-01-17;Consumer Defensive;46.29
2025-01-17;Communication Services;56.9
2025-01-17;REAL ESTATE;43.61
2025-01-17;  Technology ;59.73
2025-01-17;industrials;60.16
2025-01-17;Healthcare;36.54
2025-01-17;Crypto;42.34
2025-01-20;Financial Services;48.55
2025-01-20;UTILITIES;65.84
2025-01-20;  Energy ;38.32
2025-01-20;  Basic Materials ;34.24
2025-01-20;  Consumer Cyclical ;78.8
2025-01-20;Consumer Defensive;31.6
2025-01-20;  Communication Services ;54.41
2025-01-20;REAL ESTATE;46.05
2025-01-20;technology;64.85
2025-01-20;Industrials;39.34
2025-01-20;HEALTHCARE;23.94
2025-01-20;Crypto;53.62
2025-01-21;financial services;48.7
2025-01-21;  Utilities ;64.87
2025-01-21;Energy;47.32
2025-01-21;BASIC MATERIALS;58.13
2025-01-21;CONSUMER CYCLICAL;48.49
2025-01-21;consumer defensive;45.09
2025-01-21;COMMUNICATION SERVICES;26.6
2025-01-21;Real Estate;59.14
2025-01-21;  Technology ;39.87
2025-01-21;  Industrials ;71.59
2025-01-21;healthcare;50.73
2025-01-21;  Crypto ;46.03
2025-01-22;Financial Services;52.55
2025-01-22;  Utilities ;73.52
2025-01-22;  Energy ;38.29
2025-01-22;BASIC MATERIALS;47.93
2025-01-22;consumer cyclical;50.74
2025-01-22;Consumer Defensive;43.04
2025-01-22;  Communication Services ;49.89
2025-01-22;REAL ESTATE;44.87
2025-01-22;technology;43.68
2025-01-22;INDUSTRIALS;36.7
2025-01-22;HEALTHCARE;70.6
2025-01-22;crypto;42.54
2025-01-23;Financial Services;36.57
2025-01-23;Utilities;44.24
2025-01-23;Energy;28.85
2025-01-23;BASIC MATERIALS;9.38
2025-01-23;  Consumer Cyclical ;53.37
2025-01-23;Consumer Defensive;61.28
2025-01-23;  Communication Services ;51.79
2025-01-23;real estate;43.76
2025-01-23;technology;66.9
2025-01-23;industrials;78.38
2025-01-23;  Healthcare ;28.75
2025-01-23;CRYPTO;38.68
2025-01-24;  Financial Services ;60.44
2025-01-24;  Utilities ;52.1
2025-01-24;energy;37.33
2025-01-24;BASIC MATERIALS;72.63
2025-01-24;Consumer Cyclical;39.93
2025-01-24;Consumer Defensive;51.26
2025-01-24;  Communication Services ;42.1
2025-01-24;Real Estate;56.52
2025-01-24;  Technology ;57.37
2025-01-24;Industrials;47.76
2025-01-24;Healthcare;63.36
2025-01-24;crypto;45.6
2025-01-27;FINANCIAL SERVICES;63.78
2025-01-27;  Utilities ;37.21
2025-01-27;ENERGY;47.47
2025-01-27;Basic Materials;59.53
2025-01-27;Consumer Cyclical;75.5
2025-01-27;  Consumer Defensive ;54.26
2025-01-27;COMMUNICATION SERVICES;56.14
2025-01-27;Real Estate;45.55
2025-01-27;Technology;54.62
2025-01-27;INDUSTRIALS;70.03
2025-01-27;HEALTHCARE;32.83
2025-01-27;CRYPTO;59.97
2025-01-28;  Financial Services ;59.16
2025-01-28;UTILITIES;37.33
2025-01-28;  Energy ;53.13
2025-01-28;basic materials;55.15
2025-01-28;CONSUMER CYCLICAL;59.82
2025-01-28;Consumer Defensive;51.97
2025-01-28;Communication Services;51.37
2025-01-28;REAL ESTATE;53.94
2025-01-28;Technology;60.42
2025-01-28;Industrials;54.99
2025-01-28;healthcare;45.4
2025-01-28;crypto;64.54
2025-01-29;  Financial Services ;60.24
2025-01-29;Utilities;63.07
2025-01-29;  Energy ;44.58
2025-01-29;BASIC MATERIALS;55.3
2025-01-29;Consumer Cyclical;60.35
2025-01-29;Consumer Defensive;32.85
2025-01-29;Communication Services;56.1
2025-01-29;Real Estate;45.44
2025-01-29;technology;61.36
2025-01-29;  Industrials ;51.96
2025-01-29;Healthcare;42.1
2025-01-29;CRYPTO;65.59
2025-01-30;financial services;46.13
2025-01-30;utilities;33.76
2025-01-30;Energy;61.52
2025-01-30;basic materials;47.49
2025-01-30;Consumer Cyclical;54.73
2025-01-30;Consumer Defensive;41.09
2025-01-30;communication services;48.02
2025-01-30;REAL ESTATE;34.91
2025-01-30;TECHNOLOGY;64.74
2025-01-30;INDUSTRIALS;45.43
2025-01-30;Healthcare;45.42
2025-01-30;Crypto;53.7
2025-01-31;Financial Services;40.8
2025-01-31;utilities;55.87
2025-01-31;ENERGY;47.88
2025-01-31;  Basic Materials ;26.63
2025-01-31;CONSUMER CYCLICAL;33.24
2025-01-31;CONSUMER DEFENSIVE;58.36
2025-01-31;  Communication Services ;57.45
2025-01-31;Real Estate;58.79
2025-01-31;TECHNOLOGY;56.47
2025-01-31;Industrials;71.3
2025-01-31;Healthcare;40.49
2025-01-31;Crypto;65.72
2025-02-03;Financial Services;66.12
2025-02-03;Utilities;40.43
2025-02-03;energy;46.14
2025-02-03;  Basic Materials ;58.29
2025-02-03;consumer cyclical;50.73
2025-02-03;consumer defensive;45.92
2025-02-03;COMMUNICATION SERVICES;24.11
2025-02-03;Real Estate;55.73
2025-02-03;Technology;54.45
2025-02-03;INDUSTRIALS;54.23
2025-02-03;healthcare;50.79
2025-02-03;Crypto;70.36
2025-02-04;financial services;76.14
2025-02-04;utilities;61.35
2025-02-04;ENERGY;58.86
2025-02-04;basic materials;44.73
2025-02-04;CONSUMER CYCLICAL;24.26
2025-02-04;consumer defensive;41.69
2025-02-04;  Communication Services ;59.32
2025-02-04;REAL ESTATE;46.73
2025-02-04;Technology;25.18
2025-02-04;industrials;55.37
2025-02-04;healthcare;39.61
2025-02-04;CRYPTO;37.71
2025-02-05;  Financial Services ;46.02
2025-02-05;Utilities;62.9
2025-02-05;energy;60.23
2025-02-05;  Basic Materials ;53.94
2025-02-05;Consumer Cyclical;56.22
2025-02-05;Consumer Defensive;30.77
2025-02-05;Communication Services;39.99
2025-02-05;real estate;40.16
2025-02-05;Technology;47.62
2025-02-05;  Industrials ;61.61
2025-02-05;Healthcare;56.07
2025-02-05;crypto;31.4
2025-02-06;Financial Services;74.44
2025-02-06;Utilities;51.97
2025-02-06;Energy;74.74
2025-02-06;basic materials;38.73
2025-02-06;consumer cyclical;41.79
2025-02-06;consumer defensive;47.96
2025-02-06;  Communication Services ;78.36
2025-02-06;real estate;56.56
2025-02-06;Technology;33.09
2025-02-06;Industrials;54.91
2025-02-06;HEALTHCARE;49.47
2025-02-06;  Crypto ;61.18
2025-02-07;financial services;56.27
2025-02-07;Utilities;49.71
2025-02-07;ENERGY;61.32
2025-02-07;Basic Materials;80.84
2025-02-07;Consumer Cyclical;60.79
2025-02-07;Consumer Defensive;38.35
2025-02-07;  Communication Services ;46.58
2025-02-07;real estate;30.63
2025-02-07;technology;55.34
2025-02-07;Industrials;36.59
2025-02-07;HEALTHCARE;82.15
2025-02-07;Crypto;61.0
2025-02-10;Financial Services;69.79
2025-02-10;UTILITIES;65.16
2025-02-10;energy;36.7
2025-02-10;Basic Materials;53.86
2025-02-10;Consumer Cyclical;42.03
2025-02-10;consumer defensive;24.97
2025-02-10;COMMUNICATION SERVICES;45.01
2025-02-10;REAL ESTATE;26.38
2025-02-10;technology;49.72
2025-02-10;INDUSTRIALS;74.83
2025-02-10;Healthcare;21.22
2025-02-10;Crypto;38.91
2025-02-11;Financial Services;62.84
2025-02-11;Utilities;55.0
2025-02-11;Energy;43.45
2025-02-11;  Basic Materials ;53.17
2025-02-11;Consumer Cyclical;58.56
2025-02-11;Consumer Defensive;64.21
2025-02-11;Communication Services;48.15
2025-02-11;real estate;57.48
2025-02-11;Technology;75.49
2025-02-11;  Industrials ;60.74
2025-02-11;Healthcare;36.96
2025-02-11;CRYPTO;66.6
2025-02-12;Financial Services;54.28
2025-02-12;  Utilities ;35.23
2025-02-12;Energy;26.82
2025-02-12;Basic Materials;56.68
2025-02-12;Consumer Cyclical;58.4
2025-02-12;Consumer Defensive;48.13
2025-02-12;  Communication Services ;51.0
2025-02-12;Real Estate;56.66
2025-02-12;  Technology ;43.94
2025-02-12;Industrials;32.27
2025-02-12;Healthcare;48.16
2025-02-12;Crypto;62.9
2025-02-13;  Financial Services ;53.84
2025-02-13;utilities;47.05
2025-02-13;Energy;56.4
2025-02-13;Basic Materials;42.69
2025-02-13;consumer cyclical;61.34
2025-02-13;Consumer Defensive;41.51
2025-02-13;COMMUNICATION SERVICES;41.47
2025-02-13;Real Estate;33.32
2025-02-13;Technology;44.11
2025-02-13;INDUSTRIALS;50.34
2025-02-13;HEALTHCARE;61.03
2025-02-13;  Crypto ;20.95
2025-02-14;Financial Services;47.88
2025-02-14;utilities;31.46
2025-02-14;Energy;25.22
2025-02-14;  Basic Materials ;80.24
2025-02-14;CONSUMER CYCLICAL;51.42
2025-02-14;Consumer Defensive;47.6
2025-02-14;COMMUNICATION SERVICES;41.11
2025-02-14;real estate;64.55
2025-02-14;TECHNOLOGY;50.26
2025-02-14;industrials;51.62
2025-02-14;HEALTHCARE;73.23
2025-02-14;  Crypto ;51.54
2025-02-17;  Financial Services ;56.29
2025-02-17;UTILITIES;41.83
2025-02-17;Energy;48.52
2025-02-17;Basic Materials;59.94
2025-02-17;Consumer Cyclical;39.07
2025-02-17;CONSUMER DEFENSIVE;41.65
2025-02-17;Communication Services;35.37
2025-02-17;real estate;50.61
2025-02-17;Technology;52.54
2025-02-17;industrials;52.12
2025-02-17;HEALTHCARE;45.36
2025-02-17;crypto;50.24
2025-02-18;Financial Services;31.85
2025-02-18;Utilities;45.64
2025-02-18;Energy;42.79
2025-02-18;Basic Materials;48.01
2025-02-18;consumer cyclical;42.18
2025-02-18;Consumer Defensive;55.64
2025-02-18;Communication Services;50.75
2025-02-18;  Real Estate ;30.62
2025-02-18;Technology;52.4
2025-02-18;Industrials;63.73
2025-02-18;HEALTHCARE;65.06
2025-02-18;CRYPTO;45.33
2025-02-19;Financial Services;50.14
2025-02-19;  Utilities ;40.52
2025-02-19;Energy;56.52
2025-02-19;basic materials;38.92
2025-02-19;  Consumer Cyclical ;64.61
2025-02-19;Consumer Defensive;53.12
2025-02-19;COMMUNICATION SERVICES;8.4
2025-02-19;REAL ESTATE;47.57
2025-02-19;technology;71.39
2025-02-19;industrials;56.24
2025-02-19;  Healthcare ;33.92
2025-02-19;Crypto;45.87
2025-02-20;Financial Services;40.23
2025-02-20;Utilities;63.72
2025-02-20;ENERGY;56.38
2025-02-20;  Basic Materials ;33.06
2025-02-20;CONSUMER CYCLICAL;56.97
2025-02-20;Consumer Defensive;28.7
2025-02-20;Communication Services;43.82
2025-02-20;Real Estate;46.18
2025-02-20;technology;43.87
2025-02-20;INDUSTRIALS;36.38
2025-02-20;healthcare;23.17
2025-02-20;  Crypto ;38.06
2025-02-21;Financial Services;53.21
2025-02-21;UTILITIES;59.29
2025-02-21;energy;44.42
2025-02-21;BASIC MATERIALS;35.4
2025-02-21;consumer cyclical;74.44
2025-02-21;Consumer Defensive;54.74
2025-02-21;Communication Services;62.59
2025-02-21;Real Estate;58.18
2025-02-21;TECHNOLOGY;41.57
2025-02-21;Industrials;29.24
2025-02-21;healthcare;59.74
2025-02-21;crypto;35.47
2025-02-24;FINANCIAL SERVICES;46.04
2025-02-24;utilities;53.44
2025-02-24;ENERGY;58.07
2025-02-24;BASIC MATERIALS;62.56
2025-02-24;consumer cyclical;42.98
2025-02-24;Consumer Defensive;40.38
2025-02-24;  Communication Services ;63.74
2025-02-24;  Real Estate ;64.94
2025-02-24;Technology;72.97
2025-02-24;INDUSTRIALS;60.2
2025-02-24;healthcare;64.18
2025-02-24;crypto;48.76
2025-02-25;FINANCIAL SERVICES;57.94
2025-02-25;Utilities;52.13
2025-02-25;Energy;46.96
2025-02-25;  Basic Materials ;62.58
2025-02-25;Consumer Cyclical;60.91
2025-02-25;CONSUMER DEFENSIVE;77.64
2025-02-25;COMMUNICATION SERVICES;33.7
2025-02-25;Real Estate;50.05
2025-02-25;  Technology ;65.87
2025-02-25;industrials;59.05
2025-02-25;  Healthcare ;67.81
2025-02-25;Crypto;53.06
2025-02-26;financial services;53.35
2025-02-26;utilities;62.79
2025-02-26;energy;47.87
2025-02-26;basic materials;51.0
2025-02-26;CONSUMER CYCLICAL;49.4
2025-02-26;Consumer Defensive;45.67
2025-02-26;COMMUNICATION SERVICES;76.28
2025-02-26;Real Estate;51.43
2025-02-26;Technology;50.19
2025-02-26;INDUSTRIALS;43.31
2025-02-26;HEALTHCARE;61.88
2025-02-26;CRYPTO;44.7
2025-02-27;financial services;68.74
2025-02-27;utilities;29.84
2025-02-27;Energy;61.81
2025-02-27;Basic Materials;69.58
2025-02-27;Consumer Cyclical;40.09
2025-02-27;Consumer Defensive;70.4
2025-02-27;COMMUNICATION SERVICES;60.94
2025-02-27;REAL ESTATE;50.1
2025-02-27;  Technology ;54.38
2025-02-27;Industrials;66.66
2025-02-27;HEALTHCARE;54.36
2025-02-27;CRYPTO;63.84
2025-02-28;Financial Services;65.98
2025-02-28;  Utilities ;54.16
2025-02-28;ENERGY;65.8
2025-02-28;basic materials;32.79
2025-02-28;Consumer Cyclical;47.64
2025-02-28;Consumer Defensive;20.56
2025-02-28;Communication Services;45.89
2025-02-28;Real Estate;52.01
2025-02-28;Technology;51.4
2025-02-28;  Industrials ;78.06
2025-02-28;HEALTHCARE;89.23
2025-02-28;CRYPTO;32.05
2025-03-03;Financial Services;71.47
2025-03-03;UTILITIES;62.05
2025-03-03;Energy;62.16
2025-03-03;basic materials;60.86
2025-03-03;CONSUMER CYCLICAL;57.51
2025-03-03;Consumer Defensive;11.53
2025-03-03;COMMUNICATION SERVICES;23.2
2025-03-03;Real Estate;47.86
2025-03-03;TECHNOLOGY;71.97
2025-03-03;industrials;55.59
2025-03-03;HEALTHCARE;48.46
2025-03-03;  Crypto ;80.81
2025-03-04;FINANCIAL SERVICES;43.64
2025-03-04;UTILITIES;44.92
2025-03-04;ENERGY;50.7
2025-03-04;Basic Materials;61.28
2025-03-04;CONSUMER CYCLICAL;29.35
2025-03-04;Consumer Defensive;44.71
2025-03-04;Communication Services;56.55
2025-03-04;Real Estate;37.24
2025-03-04;TECHNOLOGY;58.05
2025-03-04;Industrials;48.22
2025-03-04;HEALTHCARE;60.42
2025-03-04;  Crypto ;37.38
2025-03-05;financial services;41.99
2025-03-05;Utilities;46.99
2025-03-05;energy;42.44
2025-03-05;Basic Materials;33.73
2025-03-05;  Consumer Cyclical ;55.22
2025-03-05;Consumer Defensive;51.68
2025-03-05;Communication Services;56.87
2025-03-05;Real Estate;56.51
2025-03-05;Technology;67.11
2025-03-05;  Industrials ;47.63
2025-03-05;HEALTHCARE;47.81
2025-03-05;Crypto;46.02
2025-03-06;Financial Services;70.17
2025-03-06;Utilities;29.01
2025-03-06;energy;59.59
2025-03-06;basic materials;81.19
2025-03-06;consumer cyclical;55.01
2025-03-06;  Consumer Defensive ;44.17
2025-03-06;COMMUNICATION SERVICES;33.5
2025-03-06;Real Estate;34.8
2025-03-06;TECHNOLOGY;56.35
2025-03-06;Industrials;55.47
2025-03-06;healthcare;56.35
2025-03-06;Crypto;51.79
2025-03-07;FINANCIAL SERVICES;45.39
2025-03-07;UTILITIES;56.97
2025-03-07;energy;72.67
2025-03-07;basic materials;64.08
2025-03-07;Consumer Cyclical;62.79
2025-03-07;consumer defensive;42.19
2025-03-07;communication services;47.13
2025-03-07;  Real Estate ;22.44
2025-03-07;Technology;68.54
2025-03-07;INDUSTRIALS;53.41
2025-03-07;HEALTHCARE;54.04
2025-03-07;Crypto;38.72
2025-03-10;Financial Services;47.95
2025-03-10;UTILITIES;57.44
2025-03-10;ENERGY;55.63
2025-03-10;BASIC MATERIALS;32.57
2025-03-10;Consumer Cyclical;38.83
2025-03-10;Consumer Defensive;27.33
2025-03-10;Communication Services;37.67
2025-03-10;real estate;20.66
2025-03-10;technology;42.06
2025-03-10;Industrials;65.3
2025-03-10;healthcare;20.65
2025-03-10;Crypto;40.24
2025-03-11;Financial Services;37.27
2025-03-11;UTILITIES;64.6
2025-03-11;Energy;43.65
2025-03-11;Basic Materials;28.08
2025-03-11;Consumer Cyclical;27.37
2025-03-11;Consumer Defensive;40.78
2025-03-11;COMMUNICATION SERVICES;55.99
2025-03-11;REAL ESTATE;38.2
2025-03-11;Technology;44.61
2025-03-11;industrials;30.77
2025-03-11;healthcare;40.82
2025-03-11;  Crypto ;50.65
2025-03-12;Financial Services;55.26
2025-03-12;utilities;39.15
2025-03-12;Energy;32.1
2025-03-12;Basic Materials;59.29
2025-03-12;consumer cyclical;50.49
2025-03-12;consumer defensive;47.51
2025-03-12;COMMUNICATION SERVICES;44.45
2025-03-12;real estate;47.73
2025-03-12;TECHNOLOGY;29.3
2025-03-12;Industrials;29.19
2025-03-12;  Healthcare ;38.47
2025-03-12;CRYPTO;40.7
2025-03-13;Financial Services;44.72
2025-03-13;utilities;46.61
2025-03-13;  Energy ;61.08
2025-03-13;Basic Materials;33.69
2025-03-13;consumer cyclical;40.17
2025-03-13;Consumer Defensive;31.31
2025-03-13;communication services;42.56
2025-03-13;  Real Estate ;47.37
2025-03-13;  Technology ;52.33
2025-03-13;INDUSTRIALS;37.86
2025-03-13;Healthcare;47.35
2025-03-13;crypto;43.48
2025-03-14;FINANCIAL SERVICES;35.03
2025-03-14;UTILITIES;48.02
2025-03-14;Energy;45.93
2025-03-14;  Basic Materials ;50.17
2025-03-14;  Consumer Cyclical ;37.14
2025-03-14;  Consumer Defensive ;25.91
2025-03-14;  Communication Services ;51.92
2025-03-14;real estate;60.06
2025-03-14;Technology;39.48
2025-03-14;INDUSTRIALS;46.99
2025-03-14;HEALTHCARE;40.27
2025-03-14;Crypto;32.69
2025-03-17;FINANCIAL SERVICES;58.63
2025-03-17;utilities;35.18
2025-03-17;Energy;51.5
2025-03-17;Basic Materials;65.58
2025-03-17;Consumer Cyclical;31.05
2025-03-17;Consumer Defensive;69.26
2025-03-17;COMMUNICATION SERVICES;51.46
2025-03-17;REAL ESTATE;57.97
2025-03-17;Technology;63.95
2025-03-17;  Industrials ;41.3
2025-03-17;  Healthcare ;40.13
2025-03-17;CRYPTO;47.86
2025-03-18;Financial Services;68.31
2025-03-18;UTILITIES;33.35
2025-03-18;Energy;63.65
2025-03-18;Basic Materials;55.78
2025-03-18;CONSUMER CYCLICAL;63.19
2025-03-18;consumer defensive;55.57
2025-03-18;COMMUNICATION SERVICES;57.71
2025-03-18;Real Estate;54.98
2025-03-18;Technology;78.19
2025-03-18;  Industrials ;27.59
2025-03-18;Healthcare;55.88
2025-03-18;CRYPTO;53.99
2025-03-19;FINANCIAL SERVICES;58.87
2025-03-19;UTILITIES;47.57
2025-03-19;ENERGY;75.57
2025-03-19;Basic Materials;57.77
2025-03-19;CONSUMER CYCLICAL;70.46
2025-03-19;Consumer Defensive;59.96
2025-03-19;COMMUNICATION SERVICES;49.36
2025-03-19;REAL ESTATE;49.47
2025-03-19;technology;52.36
2025-03-19;industrials;76.41
2025-03-19;healthcare;41.38
2025-03-19;  Crypto ;37.42
2025-03-20;Financial Services;59.12
2025-03-20;Utilities;67.0
2025-03-20;ENERGY;46.24
2025-03-20;basic materials;48.83
2025-03-20;  Consumer Cyclical ;69.01
2025-03-20;  Consumer Defensive ;64.66
2025-03-20;COMMUNICATION SERVICES;51.85
2025-03-20;  Real Estate ;72.56
2025-03-20;TECHNOLOGY;64.42
2025-03-20;Industrials;65.67
2025-03-20;Healthcare;32.01
2025-03-20;Crypto;25.51
2025-03-21;Financial Services;36.0
2025-03-21;Utilities;68.89
2025-03-21;Energy;31.21
2025-03-21;basic materials;44.83
2025-03-21;CONSUMER CYCLICAL;34.53
2025-03-21;Consumer Defensive;58.75
2025-03-21;Communication Services;56.1
2025-03-21;Real Estate;40.35
2025-03-21;technology;41.96
2025-03-21;industrials;56.23
2025-03-21;HEALTHCARE;47.63
2025-03-21;Crypto;24.22
2025-03-24;Financial Services;60.99
2025-03-24;utilities;54.45
2025-03-24;ENERGY;33.47
2025-03-24;BASIC MATERIALS;37.01
2025-03-24;Consumer Cyclical;37.63
2025-03-24;CONSUMER DEFENSIVE;31.64
2025-03-24;  Communication Services ;46.97
2025-03-24;  Real Estate ;29.0
2025-03-24;  Technology ;44.6
2025-03-24;  Industrials ;36.18
2025-03-24;  Healthcare ;21.96
2025-03-24;CRYPTO;56.57
2025-03-25;Financial Services;49.72
2025-03-25;  Utilities ;13.67
2025-03-25;  Energy ;42.42
2025-03-25;Basic Materials;56.04
2025-03-25;Consumer Cyclical;49.14
2025-03-25;Consumer Defensive;41.39
2025-03-25;Communication Services;30.54
2025-03-25;Real Estate;49.22
2025-03-25;  Technology ;37.4
2025-03-25;Industrials;64.05
2025-03-25;HEALTHCARE;63.49
2025-03-25;CRYPTO;49.11
2025-03-26;financial services;62.75
2025-03-26;utilities;59.12
2025-03-26;Energy;68.06
2025-03-26;basic materials;39.11
2025-03-26;consumer cyclical;37.88
2025-03-26;CONSUMER DEFENSIVE;46.66
2025-03-26;Communication Services;67.51
2025-03-26;real estate;68.0
2025-03-26;technology;54.17
2025-03-26;Industrials;57.53
2025-03-26;healthcare;23.17
2025-03-26;crypto;16.47
2025-03-27;Financial Services;67.67
2025-03-27;Utilities;20.29
2025-03-27;energy;71.69
2025-03-27;basic materials;51.24
2025-03-27;consumer cyclical;24.35
2025-03-27;CONSUMER DEFENSIVE;47.68
2025-03-27;COMMUNICATION SERVICES;57.28
2025-03-27;Real Estate;44.94
2025-03-27;Technology;67.37
2025-03-27;Industrials;54.1
2025-03-27;HEALTHCARE;37.31
2025-03-27;crypto;38.18
2025-03-28;Financial Services;44.39
2025-03-28;UTILITIES;64.19
2025-03-28;ENERGY;62.94
2025-03-28;basic materials;44.2
2025-03-28;Consumer Cyclical;44.28
2025-03-28;consumer defensive;62.08
2025-03-28;COMMUNICATION SERVICES;61.04
2025-03-28;REAL ESTATE;50.21
2025-03-28;TECHNOLOGY;55.88
2025-03-28;Industrials;57.15
2025-03-28;Healthcare;43.88
2025-03-28;Crypto;60.88
2025-03-31;Financial Services;40.94
2025-03-31;Utilities;40.87
2025-03-31;energy;55.81
2025-03-31;Basic Materials;33.53
2025-03-31;Consumer Cyclical;26.15
2025-03-31;Consumer Defensive;52.52
2025-03-31;COMMUNICATION SERVICES;57.68
2025-03-31;real estate;34.58
2025-03-31;technology;40.29
2025-03-31;INDUSTRIALS;39.17
2025-03-31;HEALTHCARE;63.18
2025-03-31;  Crypto ;72.53
2025-04-01;financial services;56.12
2025-04-01;  Utilities ;37.51
2025-04-01;Energy;35.14
2025-04-01;Basic Materials;39.66
2025-04-01;  Consumer Cyclical ;28.7
2025-04-01;Consumer Defensive;28.25
2025-04-01;communication services;66.5
2025-04-01;REAL ESTATE;53.33
2025-04-01;Technology;27.66
2025-04-01;  Industrials ;45.75
2025-04-01;HEALTHCARE;42.92
2025-04-01;CRYPTO;39.31
2025-04-02;  Financial Services ;46.9
2025-04-02;utilities;34.99
2025-04-02;energy;52.21
2025-04-02;basic materials;84.22
2025-04-02;consumer cyclical;68.39
2025-04-02;CONSUMER DEFENSIVE;53.26
2025-04-02;Communication Services;68.37
2025-04-02;Real Estate;61.05
2025-04-02;technology;61.29
2025-04-02;  Industrials ;62.23
2025-04-02;Healthcare;70.74
2025-04-02;Crypto;71.96
2025-04-03;FINANCIAL SERVICES;54.25
2025-04-03;utilities;48.04
2025-04-03;  Energy ;63.62
2025-04-03;Basic Materials;43.97
2025-04-03;Consumer Cyclical;65.96
2025-04-03;CONSUMER DEFENSIVE;56.64
2025-04-03;Communication Services;32.11
2025-04-03;REAL ESTATE;45.61
2025-04-03;  Technology ;46.28
2025-04-03;INDUSTRIALS;41.46
2025-04-03;healthcare;39.96
2025-04-03;CRYPTO;42.05
2025-04-04;Financial Services;12.15
2025-04-04;utilities;39.69
2025-04-04;Energy;41.25
2025-04-04;Basic Materials;6.37
2025-04-04;consumer cyclical;48.61
2025-04-04;Consumer Defensive;34.21
2025-04-04;Communication Services;34.59
2025-04-04;REAL ESTATE;45.48
2025-04-04;  Technology ;52.51
2025-04-04;industrials;51.1
2025-04-04;healthcare;34.84
2025-04-04;crypto;60.33
2025-04-07;FINANCIAL SERVICES;10.81
2025-04-07;utilities;30.6
2025-04-07;energy;36.45
2025-04-07;BASIC MATERIALS;32.54
2025-04-07;Consumer Cyclical;29.76
2025-04-07;Consumer Defensive;55.05
2025-04-07;Communication Services;42.08
2025-04-07;REAL ESTATE;37.96
2025-04-07;Technology;1.01
2025-04-07;INDUSTRIALS;24.93
2025-04-07;HEALTHCARE;32.22
2025-04-07;CRYPTO;63.15
2025-04-08;FINANCIAL SERVICES;21.37
2025-04-08;UTILITIES;29.92
2025-04-08;Energy;22.48
2025-04-08;BASIC MATERIALS;36.54
2025-04-08;Consumer Cyclical;24.47
2025-04-08;consumer defensive;43.17
2025-04-08;COMMUNICATION SERVICES;49.44
2025-04-08;real estate;40.91
2025-04-08;Technology;29.96
2025-04-08;Industrials;37.85
2025-04-08;HEALTHCARE;51.51
2025-04-08;Crypto;50.07
2025-04-09;Financial Services;50.6
2025-04-09;Utilities;65.2
2025-04-09;energy;41.12
2025-04-09;Basic Materials;53.72
2025-04-09;  Consumer Cyclical ;80.72
2025-04-09;Consumer Defensive;44.3
2025-04-09;communication services;36.9
2025-04-09;Real Estate;45.46
2025-04-09;technology;68.98
2025-04-09;industrials;61.87
2025-04-09;HEALTHCARE;54.91
2025-04-09;  Crypto ;51.68
2025-04-10;FINANCIAL SERVICES;27.4
2025-04-10;  Utilities ;48.59
2025-04-10;energy;39.6
2025-04-10;Basic Materials;38.59
2025-04-10;Consumer Cyclical;10.92
2025-04-10;consumer defensive;52.84
2025-04-10;  Communication Services ;27.97
2025-04-10;REAL ESTATE;25.68
2025-04-10;Technology;40.53
2025-04-10;industrials;25.99
2025-04-10;Healthcare;11.14
2025-04-10;crypto;23.76
2025-04-11;financial services;66.78
2025-04-11;UTILITIES;50.46
2025-04-11;energy;78.11
2025-04-11;basic materials;56.82
2025-04-11;Consumer Cyclical;62.55
2025-04-11;consumer defensive;63.2
2025-04-11;Communication Services;48.43
2025-04-11;Real Estate;61.01
2025-04-11;technology;59.1
2025-04-11;Industrials;63.15
2025-04-11;Healthcare;48.7
2025-04-11;CRYPTO;39.41
2025-04-14;Financial Services;49.56
2025-04-14;  Utilities ;81.06
2025-04-14;Energy;21.15
2025-04-14;Basic Materials;40.79
2025-04-14;CONSUMER CYCLICAL;46.57
2025-04-14;  Consumer Defensive ;56.47
2025-04-14;Communication Services;42.89
2025-04-14;  Real Estate ;24.49
2025-04-14;Technology;54.79
2025-04-14;Industrials;43.11
2025-04-14;  Healthcare ;67.52
2025-04-14;Crypto;49.36
2025-04-15;FINANCIAL SERVICES;55.88
2025-04-15;UTILITIES;39.54
2025-04-15;energy;68.49
2025-04-15;basic materials;58.0
2025-04-15;  Consumer Cyclical ;38.52
2025-04-15;CONSUMER DEFENSIVE;42.76
2025-04-15;Communication Services;61.88
2025-04-15;REAL ESTATE;75.11
2025-04-15;TECHNOLOGY;72.25
2025-04-15;Industrials;56.74
2025-04-15;Healthcare;79.75
2025-04-15;CRYPTO;34.69
2025-04-16;financial services;33.19
2025-04-16;UTILITIES;46.86
2025-04-16;ENERGY;58.23
2025-04-16;Basic Materials;47.12
2025-04-16;CONSUMER CYCLICAL;85.27
2025-04-16;  Consumer Defensive ;36.81
2025-04-16;communication services;48.29
2025-04-16;Real Estate;41.03
2025-04-16;  Technology ;59.76
2025-04-16;  Industrials ;60.43
2025-04-16;Healthcare;51.26
2025-04-16;crypto;53.76
2025-04-17;Financial Services;42.21
2025-04-17;UTILITIES;57.27
2025-04-17;Energy;57.21
2025-04-17;Basic Materials;39.77
2025-04-17;Consumer Cyclical;53.88
2025-04-17;CONSUMER DEFENSIVE;57.28
2025-04-17;Communication Services;66.58
2025-04-17;real estate;31.8
2025-04-17;TECHNOLOGY;64.8
2025-04-17;  Industrials ;50.44
2025-04-17;Healthcare;47.13
2025-04-17;Crypto;71.04
2025-04-22;FINANCIAL SERVICES;56.24
2025-04-22;  Utilities ;41.79
2025-04-22;energy;60.77
2025-04-22;Basic Materials;56.63
2025-04-22;Consumer Cyclical;53.92
2025-04-22;Consumer Defensive;53.02
2025-04-22;Communication Services;60.71
2025-04-22;Real Estate;61.59
2025-04-22;Technology;38.99
2025-04-22;Industrials;62.29
2025-04-22;Healthcare;51.56
2025-04-22;Crypto;51.59
2025-04-23;Financial Services;38.72
2025-04-23;utilities;62.95
2025-04-23;Energy;48.25
2025-04-23;BASIC MATERIALS;60.88
2025-04-23;consumer cyclical;34.71
2025-04-23;  Consumer Defensive ;70.3
2025-04-23;communication services;48.41
2025-04-23;Real Estate;63.74
2025-04-23;Technology;27.51
2025-04-23;Industrials;57.22
2025-04-23;Healthcare;53.67
2025-04-23;  Crypto ;12.55
2025-04-24;Financial Services;53.66
2025-04-24;utilities;55.46
2025-04-24;Energy;56.77
2025-04-24;BASIC MATERIALS;66.37
2025-04-24;Consumer Cyclical;60.58
2025-04-24;CONSUMER DEFENSIVE;54.36
2025-04-24;COMMUNICATION SERVICES;44.36
2025-04-24;REAL ESTATE;46.82
2025-04-24;Technology;74.65
2025-04-24;INDUSTRIALS;76.03
2025-04-24;HEALTHCARE;39.06
2025-04-24;CRYPTO;41.36
2025-04-25;FINANCIAL SERVICES;64.69
2025-04-25;utilities;69.94
2025-04-25;Energy;56.85
2025-04-25;basic materials;51.62
2025-04-25;CONSUMER CYCLICAL;38.36
2025-04-25;consumer defensive;46.12
2025-04-25;COMMUNICATION SERVICES;32.99
2025-04-25;REAL ESTATE;60.32
2025-04-25;Technology;47.09
2025-04-25;INDUSTRIALS;55.0
2025-04-25;  Healthcare ;74.4
2025-04-25;Crypto;63.22
2025-04-28;Financial Services;45.85
2025-04-28;UTILITIES;51.31
2025-04-28;ENERGY;39.15
2025-04-28;BASIC MATERIALS;49.16
2025-04-28;  Consumer Cyclical ;49.72
2025-04-28;Consumer Defensive;38.22
2025-04-28;communication services;23.62
2025-04-28;  Real Estate ;65.18
2025-04-28;Technology;41.7
2025-04-28;Industrials;44.53
2025-04-28;HEALTHCARE;61.62
2025-04-28;  Crypto ;68.5
2025-04-29;Financial Services;47.9
2025-04-29;Utilities;63.98
2025-04-29;Energy;31.53
2025-04-29;BASIC MATERIALS;40.49
2025-04-29;Consumer Cyclical;51.31
2025-04-29;CONSUMER DEFENSIVE;53.2
2025-04-29;  Communication Services ;70.87
2025-04-29;real estate;73.95
2025-04-29;TECHNOLOGY;63.21
2025-04-29;industrials;60.5
2025-04-29;  Healthcare ;37.54
2025-04-29;Crypto;27.29
2025-04-30;Financial Services;53.86
2025-04-30;Utilities;69.66
2025-04-30;  Energy ;45.33
2025-04-30;Basic Materials;58.77
2025-04-30;CONSUMER CYCLICAL;43.4
2025-04-30;  Consumer Defensive ;52.92
2025-04-30;Communication Services;68.43
2025-04-30;REAL ESTATE;60.19
2025-04-30;Technology;46.22
2025-04-30;  Industrials ;67.88
2025-04-30;  Healthcare ;57.2
2025-04-30;crypto;50.55
2025-05-02;FINANCIAL SERVICES;38.62
2025-05-02;utilities;37.13
2025-05-02;energy;34.78
2025-05-02;Basic Materials;37.17
2025-05-02;Consumer Cyclical;74.36
2025-05-02;  Consumer Defensive ;55.85
2025-05-02;Communication Services;31.84
2025-05-02;REAL ESTATE;50.46
2025-05-02;technology;53.05
2025-05-02;INDUSTRIALS;47.6
2025-05-02;HEALTHCARE;58.78
2025-05-02;crypto;44.94
2025-05-05;financial services;90.64
2025-05-05;utilities;42.12
2025-05-05;  Energy ;33.9
2025-05-05;basic materials;87.08
2025-05-05;consumer cyclical;46.5
2025-05-05;CONSUMER DEFENSIVE;54.34
2025-05-05;Communication Services;71.65
2025-05-05;REAL ESTATE;44.2
2025-05-05;  Technology ;37.07
2025-05-05;industrials;51.04
2025-05-05;healthcare;57.29
2025-05-05;CRYPTO;37.68
2025-05-06;  Financial Services ;33.92
2025-05-06;Utilities;30.81
2025-05-06;energy;62.91
2025-05-06;Basic Materials;39.93
2025-05-06;consumer cyclical;46.95
2025-05-06;Consumer Defensive;45.5
2025-05-06;Communication Services;66.29
2025-05-06;  Real Estate ;72.05
2025-05-06;TECHNOLOGY;48.55
2025-05-06;industrials;52.0
2025-05-06;Healthcare;51.72
2025-05-06;Crypto;65.59
2025-05-07;Financial Services;80.15
2025-05-07;Utilities;53.86
2025-05-07;ENERGY;53.15
2025-05-07;BASIC MATERIALS;68.24
2025-05-07;Consumer Cyclical;55.93
2025-05-07;  Consumer Defensive ;26.67
2025-05-07;Communication Services;63.52
2025-05-07;REAL ESTATE;43.77
2025-05-07;Technology;37.02
2025-05-07;Industrials;45.33
2025-05-07;healthcare;61.19
2025-05-07;Crypto;51.72
2025-05-08;Financial Services;41.11
2025-05-08;Utilities;58.86
2025-05-08;energy;22.47
2025-05-08;basic materials;68.64
2025-05-08;consumer cyclical;23.0
2025-05-08;Consumer Defensive;44.08
2025-05-08;  Communication Services ;52.69
2025-05-08;REAL ESTATE;27.29
2025-05-08;TECHNOLOGY;42.28
2025-05-08;INDUSTRIALS;41.79
2025-05-08;Healthcare;59.63
2025-05-08;Crypto;39.55
2025-05-09;FINANCIAL SERVICES;73.11
2025-05-09;UTILITIES;39.14
2025-05-09;Energy;28.05
2025-05-09;basic materials;27.74
2025-05-09;Consumer Cyclical;35.44
2025-05-09;CONSUMER DEFENSIVE;46.62
2025-05-09;COMMUNICATION SERVICES;62.72
2025-05-09;Real Estate;60.37
2025-05-09;  Technology ;47.62
2025-05-09;INDUSTRIALS;57.06
2025-05-09;healthcare;73.04
2025-05-09;Crypto;56.62
2025-05-12;Financial Services;52.28
2025-05-12;UTILITIES;68.76
2025-05-12;energy;50.99
2025-05-12;BASIC MATERIALS;37.1
2025-05-12;CONSUMER CYCLICAL;36.21
2025-05-12;Consumer Defensive;48.24
2025-05-12;COMMUNICATION SERVICES;45.83
2025-05-12;REAL ESTATE;44.71
2025-05-12;Technology;80.17
2025-05-12;INDUSTRIALS;53.67
2025-05-12;healthcare;56.99
2025-05-12;crypto;62.09
2025-05-13;  Financial Services ;46.24
2025-05-13;UTILITIES;61.94
2025-05-13;Energy;65.37
2025-05-13;BASIC MATERIALS;75.51
2025-05-13;Consumer Cyclical;62.93
2025-05-13;CONSUMER DEFENSIVE;70.79
2025-05-13;COMMUNICATION SERVICES;32.17
2025-05-13;  Real Estate ;53.32
2025-05-13;Technology;60.63
2025-05-13;Industrials;39.9
2025-05-13;Healthcare;59.95
2025-05-13;CRYPTO;61.03
2025-05-14;  Financial Services ;87.71
2025-05-14;UTILITIES;56.03
2025-05-14;Energy;69.87
2025-05-14;Basic Materials;64.95
2025-05-14;Consumer Cyclical;55.58
2025-05-14;CONSUMER DEFENSIVE;49.57
2025-05-14;communication services;55.52
2025-05-14;Real Estate;52.68
2025-05-14;TECHNOLOGY;55.65
2025-05-14;  Industrials ;39.96
2025-05-14;  Healthcare ;60.16
2025-05-14;crypto;43.16
2025-05-15;  Financial Services ;78.67
2025-05-15;Utilities;49.06
2025-05-15;Energy;40.24
2025-05-15;Basic Materials;48.06
2025-05-15;CONSUMER CYCLICAL;40.73
2025-05-15;Consumer Defensive;44.36
2025-05-15;communication services;40.97
2025-05-15;  Real Estate ;71.7
2025-05-15;  Technology ;45.07
2025-05-15;Industrials;48.18
2025-05-15;healthcare;26.56
2025-05-15;crypto;53.33
2025-05-16;FINANCIAL SERVICES;40.23
2025-05-16;UTILITIES;73.4
2025-05-16;energy;23.58
2025-05-16;basic materials;25.52
2025-05-16;consumer cyclical;64.25
2025-05-16;consumer defensive;54.37
2025-05-16;communication services;47.55
2025-05-16;Real Estate;62.71
2025-05-16;TECHNOLOGY;66.82
2025-05-16;Industrials;62.69
2025-05-16;Healthcare;48.06
2025-05-16;crypto;10.23
2025-05-19;  Financial Services ;57.82
2025-05-19;utilities;62.71
2025-05-19;ENERGY;57.21
2025-05-19;  Basic Materials ;41.28
2025-05-19;consumer cyclical;49.55
2025-05-19;  Consumer Defensive ;22.64
2025-05-19;communication services;63.64
2025-05-19;REAL ESTATE;62.98
2025-05-19;Technology;71.74
2025-05-19;INDUSTRIALS;39.55
2025-05-19;Healthcare;60.94
2025-05-19;Crypto;65.26
2025-05-20;financial services;55.03
2025-05-20;utilities;60.28
2025-05-20;energy;57.39
2025-05-20;  Basic Materials ;54.87
2025-05-20;Consumer Cyclical;68.33
2025-05-20;consumer defensive;38.23
2025-05-20;COMMUNICATION SERVICES;62.33
2025-05-20;REAL ESTATE;52.27
2025-05-20;Technology;51.44
2025-05-20;Industrials;67.76
2025-05-20;healthcare;52.8
2025-05-20;Crypto;40.08
2025-05-21;Financial Services;63.69
2025-05-21;  Utilities ;70.55
2025-05-21;ENERGY;49.77
2025-05-21;basic materials;34.4
2025-05-21;Consumer Cyclical;67.89
2025-05-21;Consumer Defensive;51.37
2025-05-21;Communication Services;50.4
2025-05-21;  Real Estate ;33.19
2025-05-21;technology;62.02
2025-05-21;Industrials;38.96
2025-05-21;HEALTHCARE;77.23
2025-05-21;crypto;53.34
2025-05-22;  Financial Services ;67.44
2025-05-22;Utilities;8.26
2025-05-22;Energy;28.91
2025-05-22;Basic Materials;21.28
2025-05-22;consumer cyclical;37.66
2025-05-22;  Consumer Defensive ;49.5
2025-05-22;COMMUNICATION SERVICES;67.51
2025-05-22;Real Estate;35.52
2025-05-22;Technology;84.2
2025-05-22;Industrials;22.4
2025-05-22;Healthcare;42.99
2025-05-22;Crypto;69.44
2025-05-23;Financial Services;51.74
2025-05-23;Utilities;39.22
2025-05-23;  Energy ;44.26
2025-05-23;basic materials;40.94
2025-05-23;Consumer Cyclical;56.96
2025-05-23;Consumer Defensive;41.52
2025-05-23;Communication Services;39.28
2025-05-23;Real Estate;43.06
2025-05-23;Technology;58.23
2025-05-23;INDUSTRIALS;53.16
2025-05-23;Healthcare;43.08
2025-05-23;CRYPTO;45.93
2025-05-26;Financial Services;35.54
2025-05-26;UTILITIES;70.81
2025-05-26;  Energy ;52.01
2025-05-26;BASIC MATERIALS;55.84
2025-05-26;Consumer Cyclical;55.27
2025-05-26;consumer defensive;15.57
2025-05-26;communication services;61.31
2025-05-26;REAL ESTATE;72.83
2025-05-26;Technology;64.12
2025-05-26;INDUSTRIALS;57.84
2025-05-26;healthcare;59.32
2025-05-26;crypto;51.1
2025-05-27;FINANCIAL SERVICES;60.05
2025-05-27;  Utilities ;52.91
2025-05-27;ENERGY;55.95
2025-05-27;Basic Materials;38.92
2025-05-27;  Consumer Cyclical ;35.97
2025-05-27;CONSUMER DEFENSIVE;59.83
2025-05-27;COMMUNICATION SERVICES;46.71
2025-05-27;  Real Estate ;43.42
2025-05-27;TECHNOLOGY;71.59
2025-05-27;INDUSTRIALS;44.95
2025-05-27;Healthcare;61.13
2025-05-27;Crypto;68.32
2025-05-28;Financial Services;36.74
2025-05-28;UTILITIES;42.83
2025-05-28;Energy;46.67
2025-05-28;Basic Materials;40.26
2025-05-28;consumer cyclical;45.23
2025-05-28;CONSUMER DEFENSIVE;50.45
2025-05-28;COMMUNICATION SERVICES;53.35
2025-05-28;  Real Estate ;71.01
2025-05-28;Technology;58.7
2025-05-28;Industrials;46.95
2025-05-28;healthcare;48.35
2025-05-28;crypto;46.63
2025-05-29;financial services;48.84
2025-05-29;Utilities;60.24
2025-05-29;Energy;42.84
2025-05-29;Basic Materials;48.23
2025-05-29;CONSUMER CYCLICAL;46.95
2025-05-29;CONSUMER DEFENSIVE;56.68
2025-05-29;  Communication Services ;64.07
2025-05-29;Real Estate;34.03
2025-05-29;Technology;28.3
2025-05-29;INDUSTRIALS;29.9
2025-05-29;Healthcare;55.2
2025-05-29;Crypto;31.52
2025-05-30;FINANCIAL SERVICES;57.56
2025-05-30;UTILITIES;33.65
2025-05-30;Energy;44.36
2025-05-30;BASIC MATERIALS;51.72
2025-05-30;  Consumer Cyclical ;45.97
2025-05-30;  Consumer Defensive ;53.96
2025-05-30;Communication Services;68.83
2025-05-30;REAL ESTATE;40.73
2025-05-30;  Technology ;61.11
2025-05-30;industrials;50.96
2025-05-30;Healthcare;44.95
2025-05-30;crypto;39.26
2025-06-02;Financial Services;48.38
2025-06-02;Utilities;57.18
2025-06-02;ENERGY;57.72
2025-06-02;Basic Materials;56.2
2025-06-02;consumer cyclical;56.42
2025-06-02;CONSUMER DEFENSIVE;42.55
2025-06-02;communication services;60.2
2025-06-02;Real Estate;31.39
2025-06-02;TECHNOLOGY;39.38
2025-06-02;INDUSTRIALS;45.27
2025-06-02;healthcare;61.05
2025-06-02;crypto;43.3
2025-06-03;Financial Services;60.92
2025-06-03;utilities;42.42
2025-06-03;energy;54.4
2025-06-03;BASIC MATERIALS;59.54
2025-06-03;Consumer Cyclical;39.94
2025-06-03;Consumer Defensive;54.14
2025-06-03;COMMUNICATION SERVICES;52.17
2025-06-03;  Real Estate ;32.51
2025-06-03;Technology;63.0
2025-06-03;Industrials;72.89
2025-06-03;HEALTHCARE;58.14
2025-06-03;Crypto;41.37
2025-06-04;FINANCIAL SERVICES;41.5
2025-06-04;  Utilities ;53.11
2025-06-04;ENERGY;45.66
2025-06-04;  Basic Materials ;53.17
2025-06-04;Consumer Cyclical;38.97
2025-06-04;Consumer Defensive;36.31
2025-06-04;COMMUNICATION SERVICES;44.57
2025-06-04;Real Estate;59.6
2025-06-04;  Technology ;49.1
2025-06-04;industrials;61.39
2025-06-04;HEALTHCARE;51.82
2025-06-04;CRYPTO;60.29
2025-06-05;Financial Services;64.32
2025-06-05;Utilities;54.53
2025-06-05;Energy;35.91
2025-06-05;  Basic Materials ;56.26
2025-06-05;CONSUMER CYCLICAL;49.97
2025-06-05;consumer defensive;61.45
2025-06-05;Communication Services;45.77
2025-06-05;Real Estate;71.92
2025-06-05;  Technology ;53.43
2025-06-05;  Industrials ;55.96
2025-06-05;Healthcare;64.64
2025-06-05;Crypto;39.55
2025-06-06;FINANCIAL SERVICES;54.56
2025-06-06;  Utilities ;12.72
2025-06-06;Energy;58.18
2025-06-06;basic materials;62.3
2025-06-06;Consumer Cyclical;71.34
2025-06-06;Consumer Defensive;50.85
2025-06-06;communication services;70.36
2025-06-06;Real Estate;29.62
2025-06-06;TECHNOLOGY;72.87
2025-06-06;Industrials;67.17
2025-06-06;HEALTHCARE;47.56
2025-06-06;Crypto;46.01
2025-06-09;financial services;46.95
2025-06-09;Utilities;44.37
2025-06-09;  Energy ;57.86
2025-06-09;  Basic Materials ;32.71
2025-06-09;consumer cyclical;47.09
2025-06-09;consumer defensive;54.27
2025-06-09;Communication Services;47.14
2025-06-09;  Real Estate ;51.77
2025-06-09;Technology;32.78
2025-06-09;Industrials;60.32
2025-06-09;  Healthcare ;60.31
2025-06-09;Crypto;72.01
2025-06-10;Financial Services;38.64
2025-06-10;Utilities;45.98
2025-06-10;Energy;72.32
2025-06-10;Basic Materials;58.59
2025-06-10;Consumer Cyclical;52.92
2025-06-10;Consumer Defensive;44.91
2025-06-10;Communication Services;71.83
2025-06-10;REAL ESTATE;43.78
2025-06-10;Technology;42.26
2025-06-10;Industrials;46.8
2025-06-10;Healthcare;58.19
2025-06-10;CRYPTO;27.45
2025-06-11;Financial Services;52.29
2025-06-11;UTILITIES;60.79
2025-06-11;  Energy ;53.94
2025-06-11;BASIC MATERIALS;62.37
2025-06-11;consumer cyclical;51.53
2025-06-11;CONSUMER DEFENSIVE;56.35
2025-06-11;Communication Services;43.24
2025-06-11;REAL ESTATE;24.75
2025-06-11;Technology;40.72
2025-06-11;  Industrials ;47.23
2025-06-11;HEALTHCARE;49.05
2025-06-11;Crypto;60.4
2025-06-12;Financial Services;48.2
2025-06-12;utilities;63.09
2025-06-12;  Energy ;62.0
2025-06-12;Basic Materials;30.13
2025-06-12;Consumer Cyclical;56.24
2025-06-12;Consumer Defensive;45.05
2025-06-12;communication services;40.89
2025-06-12;Real Estate;39.28
2025-06-12;Technology;56.98
2025-06-12;Industrials;35.98
2025-06-12;HEALTHCARE;35.48
2025-06-12;Crypto;45.91
2025-06-13;financial services;56.25
2025-06-13;Utilities;47.42
2025-06-13;  Energy ;43.48
2025-06-13;  Basic Materials ;67.55
2025-06-13;consumer cyclical;48.45
2025-06-13;consumer defensive;59.08
2025-06-13;Communication Services;49.94
2025-06-13;Real Estate;51.82
2025-06-13;technology;64.54
2025-06-13;Industrials;58.46
2025-06-13;  Healthcare ;61.09
2025-06-13;crypto;45.98
2025-06-16;FINANCIAL SERVICES;38.08
2025-06-16;Utilities;57.4
2025-06-16;Energy;42.36
2025-06-16;basic materials;49.37
2025-06-16;Consumer Cyclical;19.33
2025-06-16;consumer defensive;38.52
2025-06-16;Communication Services;55.13
2025-06-16;REAL ESTATE;63.71
2025-06-16;Technology;69.9
2025-06-16;Industrials;26.03
2025-06-16;  Healthcare ;19.11
2025-06-16;  Crypto ;38.81
2025-06-17;FINANCIAL SERVICES;51.06
2025-06-17;UTILITIES;74.24
2025-06-17;Energy;61.64
2025-06-17;BASIC MATERIALS;49.52
2025-06-17;CONSUMER CYCLICAL;55.2
2025-06-17;  Consumer Defensive ;51.97
2025-06-17;Communication Services;48.86
2025-06-17;REAL ESTATE;53.74
2025-06-17;TECHNOLOGY;49.38
2025-06-17;  Industrials ;47.12
2025-06-17;Healthcare;34.29
2025-06-17;Crypto;41.62
2025-06-18;financial services;43.77
2025-06-18;utilities;65.15
2025-06-18;  Energy ;47.32
2025-06-18;Basic Materials;39.82
2025-06-18;CONSUMER CYCLICAL;47.63
2025-06-18;Consumer Defensive;49.35
2025-06-18;Communication Services;44.1
2025-06-18;  Real Estate ;61.29
2025-06-18;technology;41.3
2025-06-18;industrials;31.15
2025-06-18;HEALTHCARE;46.97
2025-06-18;crypto;71.65
2025-06-19;  Financial Services ;36.35
2025-06-19;UTILITIES;62.34
2025-06-19;ENERGY;30.99
2025-06-19;BASIC MATERIALS;74.17
2025-06-19;CONSUMER CYCLICAL;64.89
2025-06-19;  Consumer Defensive ;44.36
2025-06-19;communication services;35.34
2025-06-19;real estate;21.61
2025-06-19;  Technology ;54.64
2025-06-19;Industrials;47.68
2025-06-19;Healthcare;38.44
2025-06-19;CRYPTO;53.99
2025-06-20;Financial Services;29.8
2025-06-20;Utilities;52.06
2025-06-20;Energy;50.65
2025-06-20;BASIC MATERIALS;53.64
2025-06-20;Consumer Cyclical;43.29
2025-06-20;consumer defensive;38.84
2025-06-20;COMMUNICATION SERVICES;68.58
2025-06-20;REAL ESTATE;44.79
2025-06-20;technology;49.66
2025-06-20;industrials;32.02
2025-06-20;Healthcare;57.11
2025-06-20;crypto;44.85
2025-06-23;FINANCIAL SERVICES;54.9
2025-06-23;UTILITIES;58.91
2025-06-23;energy;63.86
2025-06-23;Basic Materials;39.22
2025-06-23;Consumer Cyclical;55.58
2025-06-23;CONSUMER DEFENSIVE;42.5
2025-06-23;Communication Services;30.43
2025-06-23;REAL ESTATE;49.23
2025-06-23;Technology;33.8
2025-06-23;Industrials;41.71
2025-06-23;Healthcare;51.83
2025-06-23;Crypto;39.51
2025-06-24;Financial Services;46.95
2025-06-24;  Utilities ;75.12
2025-06-24;Energy;66.27
2025-06-24;Basic Materials;48.64
2025-06-24;  Consumer Cyclical ;35.42
2025-06-24;consumer defensive;42.62
2025-06-24;communication services;56.96
2025-06-24;  Real Estate ;33.73
2025-06-24;technology;29.14
2025-06-24;Industrials;53.25
2025-06-24;Healthcare;49.24
2025-06-24;CRYPTO;44.66
2025-06-25;FINANCIAL SERVICES;78.81
2025-06-25;  Utilities ;55.52
2025-06-25;ENERGY;52.21
2025-06-25;  Basic Materials ;59.54
2025-06-25;consumer cyclical;63.69
2025-06-25;consumer defensive;66.66
2025-06-25;COMMUNICATION SERVICES;45.34
2025-06-25;Real Estate;47.27
2025-06-25;Technology;64.79
2025-06-25;INDUSTRIALS;38.79
2025-06-25;healthcare;52.06
2025-06-25;crypto;39.1
2025-06-26;FINANCIAL SERVICES;26.35
2025-06-26;UTILITIES;41.78
2025-06-26;  Energy ;72.4
2025-06-26;BASIC MATERIALS;47.09
2025-06-26;Consumer Cyclical;57.52
2025-06-26;Consumer Defensive;34.72
2025-06-26;  Communication Services ;45.77
2025-06-26;REAL ESTATE;24.33
2025-06-26;  Technology ;39.46
2025-06-26;Industrials;66.48
2025-06-26;  Healthcare ;48.54
2025-06-26;  Crypto ;46.7
2025-06-27;  Financial Services ;56.38
2025-06-27;UTILITIES;54.29
2025-06-27;energy;57.33
2025-06-27;basic materials;83.07
2025-06-27;Consumer Cyclical;36.08
2025-06-27;CONSUMER DEFENSIVE;69.97
2025-06-27;communication services;68.47
2025-06-27;real estate;66.88
2025-06-27;Technology;74.62
2025-06-27;industrials;67.5
2025-06-27;  Healthcare ;59.81
2025-06-27;crypto;50.25
2025-06-30;  Financial Services ;69.79
2025-06-30;Utilities;26.61
2025-06-30;  Energy ;43.95
2025-06-30;  Basic Materials ;59.79
2025-06-30;Consumer Cyclical;76.22
2025-06-30;CONSUMER DEFENSIVE;47.48
2025-06-30;communication services;64.24
2025-06-30;Real Estate;45.36
2025-06-30;Technology;59.17
2025-06-30;INDUSTRIALS;55.7
2025-06-30;healthcare;70.38
2025-06-30;Crypto;57.34
2025-07-01;  Financial Services ;57.03
2025-07-01;Utilities;31.99
2025-07-01;  Energy ;57.53
2025-07-01;BASIC MATERIALS;60.79
2025-07-01;Consumer Cyclical;47.07
2025-07-01;consumer defensive;35.65
2025-07-01;Communication Services;59.62
2025-07-01;real estate;38.05
2025-07-01;technology;96.92
2025-07-01;INDUSTRIALS;54.36
2025-07-01;healthcare;50.67
2025-07-01;CRYPTO;52.86
2025-07-02;  Financial Services ;54.42
2025-07-02;Utilities;65.91
2025-07-02;  Energy ;44.84
2025-07-02;Basic Materials;38.43
2025-07-02;consumer cyclical;55.1
2025-07-02;Consumer Defensive;50.13
2025-07-02;Communication Services;66.92
2025-07-02;  Real Estate ;64.5
2025-07-02;  Technology ;53.75
2025-07-02;Industrials;40.81
2025-07-02;Healthcare;64.67
2025-07-02;CRYPTO;68.87
2025-07-03;FINANCIAL SERVICES;64.48
2025-07-03;Utilities;56.05
2025-07-03;energy;61.08
2025-07-03;Basic Materials;73.12
2025-07-03;Consumer Cyclical;45.22
2025-07-03;CONSUMER DEFENSIVE;42.42
2025-07-03;COMMUNICATION SERVICES;47.1
2025-07-03;  Real Estate ;71.81
2025-07-03;Technology;50.26
2025-07-03;Industrials;45.66
2025-07-03;  Healthcare ;32.8
2025-07-03;CRYPTO;44.54
2025-07-04;FINANCIAL SERVICES;61.28
2025-07-04;Utilities;58.06
2025-07-04;  Energy ;28.19
2025-07-04;basic materials;38.5
2025-07-04;consumer cyclical;63.13
2025-07-04;Consumer Defensive;57.31
2025-07-04;Communication Services;48.7
2025-07-04;REAL ESTATE;50.69
2025-07-04;TECHNOLOGY;51.23
2025-07-04;Industrials;42.19
2025-07-04;Healthcare;56.13
2025-07-04;CRYPTO;46.82
2025-07-07;  Financial Services ;60.81
2025-07-07;Utilities;54.6
2025-07-07;Energy;48.49
2025-07-07;  Basic Materials ;49.35
2025-07-07;Consumer Cyclical;43.07
2025-07-07;  Consumer Defensive ;56.52
2025-07-07;COMMUNICATION SERVICES;55.03
2025-07-07;Real Estate;42.86
2025-07-07;technology;61.64
2025-07-07;Industrials;55.95
2025-07-07;healthcare;47.17
2025-07-07;Crypto;32.51
2025-07-08;  Financial Services ;61.14
2025-07-08;utilities;45.69
2025-07-08;ENERGY;52.29
2025-07-08;basic materials;41.12
2025-07-08;Consumer Cyclical;66.42
2025-07-08;CONSUMER DEFENSIVE;51.62
2025-07-08;communication services;34.68
2025-07-08;Real Estate;39.81
2025-07-08;TECHNOLOGY;47.46
2025-07-08;  Industrials ;49.67
2025-07-08;HEALTHCARE;46.7
2025-07-08;crypto;56.61
2025-07-09;  Financial Services ;40.12
2025-07-09;UTILITIES;27.02
2025-07-09;Energy;56.57
2025-07-09;Basic Materials;53.19
2025-07-09;CONSUMER CYCLICAL;66.79
2025-07-09;Consumer Defensive;51.97
2025-07-09;COMMUNICATION SERVICES;46.59
2025-07-09;real estate;32.91
2025-07-09;Technology;35.12
2025-07-09;Industrials;48.4
2025-07-09;Healthcare;42.19
2025-07-09;  Crypto ;58.39
2025-07-10;Financial Services;68.89
2025-07-10;UTILITIES;48.3
2025-07-10;Energy;61.24
2025-07-10;BASIC MATERIALS;35.95
2025-07-10;Consumer Cyclical;48.52
2025-07-10;CONSUMER DEFENSIVE;52.39
2025-07-10;  Communication Services ;46.44
2025-07-10;  Real Estate ;58.24
2025-07-10;TECHNOLOGY;58.25
2025-07-10;INDUSTRIALS;45.17
2025-07-10;Healthcare;86.29
2025-07-10;  Crypto ;79.83
2025-07-11;Financial Services;48.18
2025-07-11;Utilities;35.17
2025-07-11;ENERGY;64.57
2025-07-11;BASIC MATERIALS;34.52
2025-07-11;Consumer Cyclical;55.54
2025-07-11;CONSUMER DEFENSIVE;78.36
2025-07-11;Communication Services;33.92
2025-07-11;Real Estate;41.26
2025-07-11;Technology;47.96
2025-07-11;  Industrials ;68.08
2025-07-11;Healthcare;59.61
2025-07-11;Crypto;60.39
2025-07-14;Financial Services;25.8
2025-07-14;utilities;37.32
2025-07-14;Energy;57.94
2025-07-14;BASIC MATERIALS;57.92
2025-07-14;consumer cyclical;31.43
2025-07-14;Consumer Defensive;50.95
2025-07-14;Communication Services;45.24
2025-07-14;real estate;48.61
2025-07-14;Technology;23.77
2025-07-14;INDUSTRIALS;52.62
2025-07-14;Healthcare;37.07
2025-07-14;Crypto;71.8
2025-07-15;  Financial Services ;65.53
2025-07-15;Utilities;52.03
2025-07-15;Energy;60.12
2025-07-15;BASIC MATERIALS;49.92
2025-07-15;Consumer Cyclical;47.03
2025-07-15;Consumer Defensive;41.87
2025-07-15;COMMUNICATION SERVICES;45.91
2025-07-15;  Real Estate ;63.09
2025-07-15;TECHNOLOGY;54.4
2025-07-15;  Industrials ;57.23
2025-07-15;  Healthcare ;56.42
2025-07-15;crypto;55.34
2025-07-16;FINANCIAL SERVICES;55.18
2025-07-16;utilities;52.34
2025-07-16;Energy;30.95
2025-07-16;Basic Materials;51.59
2025-07-16;Consumer Cyclical;31.81
2025-07-16;CONSUMER DEFENSIVE;45.3
2025-07-16;Communication Services;50.64
2025-07-16;real estate;34.81
2025-07-16;Technology;43.25
2025-07-16;Industrials;48.56
2025-07-16;HEALTHCARE;34.83
2025-07-16;Crypto;53.26
2025-07-17;Financial Services;53.26
2025-07-17;Utilities;58.06
2025-07-17;energy;69.6
2025-07-17;basic materials;52.23
2025-07-17;Consumer Cyclical;34.0
2025-07-17;Consumer Defensive;70.27
2025-07-17;  Communication Services ;68.1
2025-07-17;Real Estate;46.24
2025-07-17;TECHNOLOGY;41.87
2025-07-17;industrials;70.14
2025-07-17;  Healthcare ;58.32
2025-07-17;CRYPTO;66.25
2025-07-18;Financial Services;55.43
2025-07-18;Utilities;46.51
2025-07-18;ENERGY;61.33
2025-07-18;Basic Materials;69.57
2025-07-18;  Consumer Cyclical ;21.45
2025-07-18;CONSUMER DEFENSIVE;40.37
2025-07-18;COMMUNICATION SERVICES;46.59
2025-07-18;Real Estate;47.73
2025-07-18;TECHNOLOGY;54.49
2025-07-18;Industrials;72.72
2025-07-18;healthcare;55.65
2025-07-18;Crypto;47.45
2025-07-21;FINANCIAL SERVICES;48.35
2025-07-21;  Utilities ;73.49
2025-07-21;ENERGY;67.57
2025-07-21;basic materials;57.54
2025-07-21;  Consumer Cyclical ;38.78
2025-07-21;CONSUMER DEFENSIVE;35.39
2025-07-21;COMMUNICATION SERVICES;64.51
2025-07-21;real estate;53.21
2025-07-21;Technology;57.62
2025-07-21;Industrials;54.72
2025-07-21;healthcare;54.28
2025-07-21;crypto;51.77
2025-07-22;Financial Services;32.45
2025-07-22;utilities;59.39
2025-07-22;energy;23.6
2025-07-22;basic materials;68.07
2025-07-22;  Consumer Cyclical ;66.63
2025-07-22;consumer defensive;57.39
2025-07-22;  Communication Services ;57.05
2025-07-22;real estate;48.88
2025-07-22;technology;53.8
2025-07-22;Industrials;53.58
2025-07-22;Healthcare;29.48
2025-07-22;CRYPTO;62.93
2025-07-23;Financial Services;60.83
2025-07-23;utilities;59.49
2025-07-23;  Energy ;76.89
2025-07-23;basic materials;69.78
2025-07-23;consumer cyclical;56.33
2025-07-23;Consumer Defensive;32.04
2025-07-23;COMMUNICATION SERVICES;51.56
2025-07-23;real estate;65.09
2025-07-23;  Technology ;46.23
2025-07-23;INDUSTRIALS;47.6
2025-07-23;Healthcare;16.58
2025-07-23;crypto;72.09
2025-07-24;Financial Services;46.83
2025-07-24;Utilities;39.62
2025-07-24;  Energy ;55.32
2025-07-24;BASIC MATERIALS;33.36
2025-07-24;  Consumer Cyclical ;63.83
2025-07-24;CONSUMER DEFENSIVE;45.01
2025-07-24;Communication Services;54.31
2025-07-24;REAL ESTATE;44.9
2025-07-24;  Technology ;47.47
2025-07-24;industrials;53.2
2025-07-24;healthcare;56.92
2025-07-24;Crypto;34.95
2025-07-25;financial services;49.61
2025-07-25;utilities;49.66
2025-07-25;ENERGY;50.6
2025-07-25;  Basic Materials ;29.23
2025-07-25;  Consumer Cyclical ;48.02
2025-07-25;Consumer Defensive;62.6
2025-07-25;communication services;45.74
2025-07-25;REAL ESTATE;62.93
2025-07-25;Technology;52.87
2025-07-25;Industrials;35.75
2025-07-25;healthcare;65.28
2025-07-25;crypto;63.96
2025-07-28;financial services;65.76
2025-07-28;Utilities;52.08
2025-07-28;ENERGY;72.93
2025-07-28;basic materials;41.91
2025-07-28;Consumer Cyclical;61.18
2025-07-28;CONSUMER DEFENSIVE;59.4
2025-07-28;communication services;61.91
2025-07-28;real estate;29.19
2025-07-28;technology;40.86
2025-07-28;Industrials;41.25
2025-07-28;  Healthcare ;36.67
2025-07-28;Crypto;43.51
2025-07-29;Financial Services;34.35
2025-07-29;Utilities;48.51
2025-07-29;Energy;40.02
2025-07-29;Basic Materials;39.79
2025-07-29;CONSUMER CYCLICAL;52.68
2025-07-29;  Consumer Defensive ;16.36
2025-07-29;Communication Services;46.75
2025-07-29;  Real Estate ;54.51
2025-07-29;  Technology ;45.35
2025-07-29;Industrials;64.22
2025-07-29;Healthcare;65.93
2025-07-29;crypto;31.3
2025-07-30;Financial Services;52.01
2025-07-30;Utilities;50.75
2025-07-30;energy;45.41
2025-07-30;BASIC MATERIALS;47.19
2025-07-30;Consumer Cyclical;49.94
2025-07-30;CONSUMER DEFENSIVE;57.06
2025-07-30;COMMUNICATION SERVICES;44.01
2025-07-30;Real Estate;61.82
2025-07-30;Technology;55.37
2025-07-30;Industrials;41.65
2025-07-30;healthcare;48.64
2025-07-30;Crypto;30.57
2025-07-31;financial services;39.6
2025-07-31;  Utilities ;73.88
2025-07-31;Energy;40.71
2025-07-31;BASIC MATERIALS;59.51
2025-07-31;  Consumer Cyclical ;46.4
2025-07-31;consumer defensive;46.55
2025-07-31;  Communication Services ;43.49
2025-07-31;Real Estate;59.11
2025-07-31;technology;56.68
2025-07-31;  Industrials ;54.4
2025-07-31;  Healthcare ;71.43
2025-07-31;crypto;50.66
2025-08-01;  Financial Services ;62.67
2025-08-01;  Utilities ;38.07
2025-08-01;  Energy ;31.33
2025-08-01;BASIC MATERIALS;50.03
2025-08-01;Consumer Cyclical;59.58
2025-08-01;CONSUMER DEFENSIVE;20.53
2025-08-01;  Communication Services ;43.0
2025-08-01;Real Estate;59.56
2025-08-01;Technology;47.06
2025-08-01;Industrials;58.04
2025-08-01;Healthcare;19.82
2025-08-01;crypto;28.69
2025-08-04;Financial Services;54.02
2025-08-04;  Utilities ;57.97
2025-08-04;Energy;49.58
2025-08-04;  Basic Materials ;38.19
2025-08-04;  Consumer Cyclical ;36.9
2025-08-04;consumer defensive;41.96
2025-08-04;communication services;44.24
2025-08-04;real estate;48.46
2025-08-04;TECHNOLOGY;53.38
2025-08-04;Industrials;27.55
2025-08-04;Healthcare;26.08
2025-08-04;Crypto;73.31
2025-08-05;FINANCIAL SERVICES;58.61
2025-08-05;Utilities;46.17
2025-08-05;Energy;50.78
2025-08-05;basic materials;44.89
2025-08-05;Consumer Cyclical;43.98
2025-08-05;Consumer Defensive;53.32
2025-08-05;communication services;62.82
2025-08-05;real estate;53.02
2025-08-05;TECHNOLOGY;40.53
2025-08-05;INDUSTRIALS;73.92
2025-08-05;HEALTHCARE;65.48
2025-08-05;  Crypto ;44.4
2025-08-06;financial services;52.03
2025-08-06;UTILITIES;38.47
2025-08-06;Energy;41.25
2025-08-06;BASIC MATERIALS;56.94
2025-08-06;CONSUMER CYCLICAL;27.78
2025-08-06;Consumer Defensive;48.79
2025-08-06;COMMUNICATION SERVICES;55.14
2025-08-06;REAL ESTATE;65.67
2025-08-06;TECHNOLOGY;42.55
2025-08-06;INDUSTRIALS;39.49
2025-08-06;Healthcare;65.63
2025-08-06;Crypto;36.27
2025-08-07;  Financial Services ;47.71
2025-08-07;Utilities;48.35
2025-08-07;  Energy ;56.82
2025-08-07;  Basic Materials ;43.1
2025-08-07;Consumer Cyclical;39.22
2025-08-07;Consumer Defensive;46.11
2025-08-07;COMMUNICATION SERVICES;57.25
2025-08-07;real estate;70.69
2025-08-07;technology;52.95
2025-08-07;industrials;45.75
2025-08-07;Healthcare;49.37
2025-08-07;crypto;38.12
2025-08-08;Financial Services;41.59
2025-08-08;UTILITIES;47.87
2025-08-08;energy;35.68
2025-08-08;Basic Materials;42.23
2025-08-08;consumer cyclical;60.65
2025-08-08;Consumer Defensive;42.19
2025-08-08;COMMUNICATION SERVICES;36.39
2025-08-08;real estate;29.15
2025-08-08;Technology;49.83
2025-08-08;  Industrials ;54.86
2025-08-08;Healthcare;44.12
2025-08-08;Crypto;54.44
2025-08-11;financial services;55.74
2025-08-11;  Utilities ;53.91
2025-08-11;energy;28.6
2025-08-11;BASIC MATERIALS;45.81
2025-08-11;Consumer Cyclical;31.19
2025-08-11;Consumer Defensive;63.66
2025-08-11;communication services;30.33
2025-08-11;  Real Estate ;56.06
2025-08-11;technology;53.93
2025-08-11;industrials;77.35
2025-08-11;Healthcare;65.82
2025-08-11;  Crypto ;67.13
2025-08-12;Financial Services;62.9
2025-08-12;UTILITIES;47.35
2025-08-12;Energy;53.37
2025-08-12;BASIC MATERIALS;39.54
2025-08-12;CONSUMER CYCLICAL;36.26
2025-08-12;Consumer Defensive;55.71
2025-08-12;communication services;65.25
2025-08-12;real estate;51.87
2025-08-12;TECHNOLOGY;35.19
2025-08-12;Industrials;36.43
2025-08-12;HEALTHCARE;40.04
2025-08-12;Crypto;22.95
2025-08-13;Financial Services;49.58
2025-08-13;Utilities;29.19
2025-08-13;ENERGY;50.47
2025-08-13;Basic Materials;59.94
2025-08-13;consumer cyclical;36.31
2025-08-13;Consumer Defensive;59.47
2025-08-13;communication services;25.37
2025-08-13;Real Estate;45.74
2025-08-13;technology;53.23
2025-08-13;INDUSTRIALS;36.08
2025-08-13;  Healthcare ;51.42
2025-08-13;CRYPTO;71.44
2025-08-14;financial services;48.01
2025-08-14;  Utilities ;42.9
2025-08-14;energy;37.59
2025-08-14;Basic Materials;36.01
2025-08-14;CONSUMER CYCLICAL;50.08
2025-08-14;CONSUMER DEFENSIVE;44.18
2025-08-14;Communication Services;42.19
2025-08-14;  Real Estate ;35.56
2025-08-14;Technology;38.74
2025-08-14;INDUSTRIALS;65.09
2025-08-14;healthcare;73.36
2025-08-14;Crypto;41.83
2025-08-15;FINANCIAL SERVICES;55.96
2025-08-15;utilities;51.51
2025-08-15;Energy;19.2
2025-08-15;BASIC MATERIALS;45.77
2025-08-15;consumer cyclical;38.63
2025-08-15;  Consumer Defensive ;32.7
2025-08-15;COMMUNICATION SERVICES;57.77
2025-08-15;  Real Estate ;52.44
2025-08-15;technology;58.59
2025-08-15;Industrials;73.23
2025-08-15;healthcare;48.37
2025-08-15;Crypto;56.65
2025-08-18;FINANCIAL SERVICES;25.33
2025-08-18;Utilities;42.55
2025-08-18;Energy;44.14
2025-08-18;BASIC MATERIALS;50.46
2025-08-18;CONSUMER CYCLICAL;38.75
2025-08-18;consumer defensive;44.29
2025-08-18;Communication Services;39.9
2025-08-18;real estate;43.73
2025-08-18;Technology;55.36
2025-08-18;Industrials;45.01
2025-08-18;healthcare;45.19
2025-08-18;Crypto;44.96
2025-08-19;  Financial Services ;52.1
2025-08-19;UTILITIES;75.72
2025-08-19;Energy;34.32
2025-08-19;  Basic Materials ;43.1
2025-08-19;  Consumer Cyclical ;67.07
2025-08-19;CONSUMER DEFENSIVE;70.09
2025-08-19;Communication Services;44.58
2025-08-19;real estate;65.46
2025-08-19;Technology;58.99
2025-08-19;industrials;51.16
2025-08-19;  Healthcare ;72.92
2025-08-19;Crypto;70.35
2025-08-20;Financial Services;51.84
2025-08-20;  Utilities ;62.45
2025-08-20;  Energy ;34.32
2025-08-20;Basic Materials;77.33
2025-08-20;Consumer Cyclical;49.89
2025-08-20;Consumer Defensive;59.21
2025-08-20;Communication Services;47.84
2025-08-20;real estate;38.66
2025-08-20;  Technology ;56.9
2025-08-20;industrials;59.37
2025-08-20;HEALTHCARE;26.54
2025-08-20;  Crypto ;34.05
2025-08-21;financial services;67.77
2025-08-21;Utilities;57.19
2025-08-21;  Energy ;59.8
2025-08-21;  Basic Materials ;54.53
2025-08-21;Consumer Cyclical;46.36
2025-08-21;CONSUMER DEFENSIVE;52.26
2025-08-21;communication services;52.86
2025-08-21;REAL ESTATE;39.3
2025-08-21;technology;36.45
2025-08-21;  Industrials ;61.71
2025-08-21;healthcare;47.07
2025-08-21;Crypto;50.92
2025-08-22;FINANCIAL SERVICES;58.43
2025-08-22;UTILITIES;48.14
2025-08-22;ENERGY;37.62
2025-08-22;basic materials;42.35
2025-08-22;Consumer Cyclical;37.6
2025-08-22;consumer defensive;36.47
2025-08-22;communication services;23.92
2025-08-22;Real Estate;26.38
2025-08-22;Technology;54.03
2025-08-22;Industrials;46.77
2025-08-22;healthcare;41.45
2025-08-22;CRYPTO;44.18
2025-08-25;FINANCIAL SERVICES;55.36
2025-08-25;utilities;24.44
2025-08-25;Energy;44.08
2025-08-25;Basic Materials;66.34
2025-08-25;Consumer Cyclical;58.95
2025-08-25;  Consumer Defensive ;46.11
2025-08-25;  Communication Services ;54.67
2025-08-25;Real Estate;57.41
2025-08-25;Technology;37.28
2025-08-25;Industrials;77.97
2025-08-25;Healthcare;47.7
2025-08-25;CRYPTO;69.28
2025-08-26;  Financial Services ;71.0
2025-08-26;utilities;37.38
2025-08-26;  Energy ;50.41
2025-08-26;Basic Materials;52.77
2025-08-26;  Consumer Cyclical ;54.83
2025-08-26;consumer defensive;58.92
2025-08-26;COMMUNICATION SERVICES;48.73
2025-08-26;real estate;58.45
2025-08-26;Technology;68.62
2025-08-26;INDUSTRIALS;38.43
2025-08-26;  Healthcare ;40.9
2025-08-26;crypto;58.65
2025-08-27;Financial Services;41.09
2025-08-27;utilities;44.55
2025-08-27;ENERGY;61.25
2025-08-27;Basic Materials;48.6
2025-08-27;Consumer Cyclical;52.24
2025-08-27;  Consumer Defensive ;19.49
2025-08-27;  Communication Services ;28.49
2025-08-27;  Real Estate ;55.87
2025-08-27;Technology;46.5
2025-08-27;Industrials;48.18
2025-08-27;Healthcare;26.31
2025-08-27;Crypto;64.59
2025-08-28;financial services;64.58
2025-08-28;UTILITIES;34.11
2025-08-28;  Energy ;53.32
2025-08-28;  Basic Materials ;22.1
2025-08-28;  Consumer Cyclical ;52.39
2025-08-28;Consumer Defensive;51.15
2025-08-28;communication services;46.0
2025-08-28;real estate;60.39
2025-08-28;Technology;67.6
2025-08-28;Industrials;41.33
2025-08-28;  Healthcare ;50.89
2025-08-28;crypto;40.44
2025-08-29;financial services;37.19
2025-08-29;Utilities;58.6
2025-08-29;Energy;57.63
2025-08-29;Basic Materials;65.66
2025-08-29;consumer cyclical;61.97
2025-08-29;  Consumer Defensive ;64.1
2025-08-29;COMMUNICATION SERVICES;41.53
2025-08-29;  Real Estate ;45.12
2025-08-29;TECHNOLOGY;61.25
2025-08-29;INDUSTRIALS;31.65
2025-08-29;healthcare;71.1
2025-08-29;Crypto;59.43
2025-09-01;financial services;38.05
2025-09-01;Utilities;51.53
2025-09-01;ENERGY;48.22
2025-09-01;BASIC MATERIALS;59.56
2025-09-01;Consumer Cyclical;40.29
2025-09-01;Consumer Defensive;25.47
2025-09-01;  Communication Services ;41.75
2025-09-01;real estate;47.92
2025-09-01;technology;37.36
2025-09-01;industrials;43.38
2025-09-01;healthcare;27.43
2025-09-01;Crypto;53.74
2025-09-02;FINANCIAL SERVICES;62.49
2025-09-02;  Utilities ;61.09
2025-09-02;ENERGY;73.69
2025-09-02;Basic Materials;75.22
2025-09-02;CONSUMER CYCLICAL;58.01
2025-09-02;Consumer Defensive;64.64
2025-09-02;Communication Services;40.41
2025-09-02;Real Estate;44.84
2025-09-02;technology;39.4
2025-09-02;Industrials;54.05
2025-09-02;  Healthcare ;65.84
2025-09-02;Crypto;35.4
2025-09-03;financial services;59.56
2025-09-03;UTILITIES;57.96
2025-09-03;Energy;52.88
2025-09-03;BASIC MATERIALS;38.09
2025-09-03;consumer cyclical;51.47
2025-09-03;Consumer Defensive;55.12
2025-09-03;Communication Services;64.05
2025-09-03;real estate;31.84
2025-09-03;Technology;47.53
2025-09-03;  Industrials ;45.63
2025-09-03;Healthcare;20.76
2025-09-03;crypto;52.45
2025-09-04;Financial Services;77.37
2025-09-04;Utilities;41.38
2025-09-04;Energy;61.88
2025-09-04;Basic Materials;44.64
2025-09-04;  Consumer Cyclical ;47.83
2025-09-04;  Consumer Defensive ;53.64
2025-09-04;Communication Services;52.22
2025-09-04;Real Estate;50.34
2025-09-04;  Technology ;48.57
2025-09-04;  Industrials ;43.65
2025-09-04;Healthcare;35.52
2025-09-04;Crypto;55.29
2025-09-05;Financial Services;65.1
2025-09-05;UTILITIES;46.59
2025-09-05;Energy;44.27
2025-09-05;Basic Materials;53.32
2025-09-05;CONSUMER CYCLICAL;29.88
2025-09-05;  Consumer Defensive ;47.25
2025-09-05;COMMUNICATION SERVICES;44.31
2025-09-05;Real Estate;59.35
2025-09-05;technology;51.51
2025-09-05;INDUSTRIALS;47.81
2025-09-05;HEALTHCARE;53.05
2025-09-05;CRYPTO;67.19
2025-09-08;  Financial Services ;37.53
2025-09-08;UTILITIES;51.83
2025-09-08;Energy;43.73
2025-09-08;BASIC MATERIALS;42.89
2025-09-08;Consumer Cyclical;42.16
2025-09-08;consumer defensive;47.55
2025-09-08;COMMUNICATION SERVICES;45.81
2025-09-08;Real Estate;69.46
2025-09-08;Technology;47.49
2025-09-08;Industrials;57.41
2025-09-08;healthcare;54.61
2025-09-08;Crypto;59.24
2025-09-09;Financial Services;45.35
2025-09-09;Utilities;36.54
2025-09-09;ENERGY;57.04
2025-09-09;Basic Materials;67.0
2025-09-09;Consumer Cyclical;59.29
2025-09-09;consumer defensive;33.14
2025-09-09;Communication Services;54.2
2025-09-09;Real Estate;46.28
2025-09-09;technology;51.8
2025-09-09;Industrials;39.87
2025-09-09;Healthcare;49.29
2025-09-09;Crypto;47.07
2025-09-10;Financial Services;69.23
2025-09-10;Utilities;36.08
2025-09-10;Energy;43.4
2025-09-10;Basic Materials;28.78
2025-09-10;  Consumer Cyclical ;36.82
2025-09-10;consumer defensive;44.71
2025-09-10;COMMUNICATION SERVICES;52.31
2025-09-10;Real Estate;56.15
2025-09-10;Technology;25.88
2025-09-10;Industrials;58.93
2025-09-10;healthcare;45.94
2025-09-10;CRYPTO;51.21
2025-09-11;financial services;48.22
2025-09-11;Utilities;61.87
2025-09-11;energy;53.71
2025-09-11;Basic Materials;28.5
2025-09-11;CONSUMER CYCLICAL;74.15
2025-09-11;  Consumer Defensive ;24.25
2025-09-11;Communication Services;35.76
2025-09-11;  Real Estate ;56.16
2025-09-11;Technology;45.71
2025-09-11;INDUSTRIALS;48.94
2025-09-11;  Healthcare ;35.79
2025-09-11;CRYPTO;74.02
2025-09-12;financial services;45.87
2025-09-12;utilities;55.42
2025-09-12;ENERGY;48.89
2025-09-12;Basic Materials;64.3
2025-09-12;CONSUMER CYCLICAL;28.23
2025-09-12;consumer defensive;52.96
2025-09-12;communication services;43.79
2025-09-12;real estate;57.17
2025-09-12;Technology;69.62
2025-09-12;Industrials;45.23
2025-09-12;  Healthcare ;57.97
2025-09-12;crypto;80.73
2025-09-15;Financial Services;53.59
2025-09-15;utilities;57.97
2025-09-15;ENERGY;57.36
2025-09-15;  Basic Materials ;40.86
2025-09-15;consumer cyclical;28.21
2025-09-15;  Consumer Defensive ;74.61
2025-09-15;Communication Services;60.6
2025-09-15;REAL ESTATE;46.27
2025-09-15;Technology;54.92
2025-09-15;industrials;65.0
2025-09-15;  Healthcare ;49.01
2025-09-15;Crypto;48.46
2025-09-16;financial services;29.31
2025-09-16;utilities;74.38
2025-09-16;ENERGY;59.9
2025-09-16;Basic Materials;49.5
2025-09-16;  Consumer Cyclical ;62.06
2025-09-16;consumer defensive;42.11
2025-09-16;communication services;28.87
2025-09-16;Real Estate;64.2
2025-09-16;TECHNOLOGY;69.33
2025-09-16;Industrials;28.33
2025-09-16;Healthcare;39.42
2025-09-16;Crypto;54.67
2025-09-17;Financial Services;46.56
2025-09-17;utilities;81.45
2025-09-17;energy;59.62
2025-09-17;basic materials;67.5
2025-09-17;CONSUMER CYCLICAL;72.53
2025-09-17;  Consumer Defensive ;35.65
2025-09-17;Communication Services;20.09
2025-09-17;real estate;48.33
2025-09-17;TECHNOLOGY;35.51
2025-09-17;INDUSTRIALS;50.13
2025-09-17;  Healthcare ;55.39
2025-09-17;CRYPTO;58.87
2025-09-18;  Financial Services ;56.1
2025-09-18;utilities;31.39
2025-09-18;Energy;41.42
2025-09-18;basic materials;15.09
2025-09-18;Consumer Cyclical;47.57
2025-09-18;consumer defensive;65.77
2025-09-18;Communication Services;28.32
2025-09-18;  Real Estate ;65.06
2025-09-18;TECHNOLOGY;50.59
2025-09-18;Industrials;44.2
2025-09-18;HEALTHCARE;55.7
2025-09-18;CRYPTO;33.52
2025-09-19;Financial Services;28.28
2025-09-19;utilities;83.4
2025-09-19;energy;52.48
2025-09-19;BASIC MATERIALS;73.28
2025-09-19;  Consumer Cyclical ;49.95
2025-09-19;Consumer Defensive;49.14
2025-09-19;Communication Services;53.77
2025-09-19;Real Estate;50.13
2025-09-19;TECHNOLOGY;52.54
2025-09-19;INDUSTRIALS;50.87
2025-09-19;healthcare;45.1
2025-09-19;crypto;29.03
2025-09-22;FINANCIAL SERVICES;48.29
2025-09-22;Utilities;50.94
2025-09-22;energy;48.62
2025-09-22;Basic Materials;41.13
2025-09-22;CONSUMER CYCLICAL;66.03
2025-09-22;Consumer Defensive;59.88
2025-09-22;Communication Services;63.66
2025-09-22;  Real Estate ;51.1
2025-09-22;technology;81.01
2025-09-22;Industrials;49.71
2025-09-22;Healthcare;33.25
2025-09-22;Crypto;60.68
2025-09-23;FINANCIAL SERVICES;41.53
2025-09-23;Utilities;37.76
2025-09-23;energy;50.83
2025-09-23;basic materials;49.18
2025-09-23;Consumer Cyclical;21.83
2025-09-23;Consumer Defensive;52.39
2025-09-23;communication services;30.23
2025-09-23;REAL ESTATE;51.48
2025-09-23;technology;59.36
2025-09-23;industrials;45.33
2025-09-23;Healthcare;72.02
2025-09-23;Crypto;71.29
2025-09-24;Financial Services;34.7
2025-09-24;Utilities;41.69
2025-09-24;energy;50.38
2025-09-24;Basic Materials;24.37
2025-09-24;consumer cyclical;52.33
2025-09-24;consumer defensive;50.76
2025-09-24;communication services;58.65
2025-09-24;  Real Estate ;66.07
2025-09-24;TECHNOLOGY;45.5
2025-09-24;INDUSTRIALS;47.5
2025-09-24;Healthcare;69.31
2025-09-24;CRYPTO;31.76
2025-09-25;FINANCIAL SERVICES;32.4
2025-09-25;Utilities;47.04
2025-09-25;Energy;66.5
2025-09-25;basic materials;58.54
2025-09-25;Consumer Cyclical;53.79
2025-09-25;  Consumer Defensive ;42.95
2025-09-25;COMMUNICATION SERVICES;44.35
2025-09-25;REAL ESTATE;41.78
2025-09-25;Technology;57.38
2025-09-25;Industrials;77.81
2025-09-25;healthcare;59.11
2025-09-25;  Crypto ;71.58
2025-09-26;financial services;46.78
2025-09-26;utilities;50.55
2025-09-26;Energy;60.65
2025-09-26;Basic Materials;63.15
2025-09-26;  Consumer Cyclical ;61.41
2025-09-26;consumer defensive;33.87
2025-09-26;communication services;53.23
2025-09-26;  Real Estate ;33.92
2025-09-26;  Technology ;29.84
2025-09-26;  Industrials ;48.38
2025-09-26;HEALTHCARE;52.57
2025-09-26;Crypto;42.06
2025-09-29;Financial Services;49.5
2025-09-29;utilities;80.44
2025-09-29;  Energy ;58.5
2025-09-29;  Basic Materials ;56.77
2025-09-29;Consumer Cyclical;44.73
2025-09-29;CONSUMER DEFENSIVE;53.46
2025-09-29;communication services;64.28
2025-09-29;Real Estate;31.66
2025-09-29;TECHNOLOGY;61.62
2025-09-29;Industrials;65.31
2025-09-29;Healthcare;52.37
2025-09-29;crypto;67.74
2025-09-30;FINANCIAL SERVICES;28.97
2025-09-30;  Utilities ;44.52
2025-09-30;energy;24.94
2025-09-30;Basic Materials;67.44
2025-09-30;CONSUMER CYCLICAL;45.33
2025-09-30;Consumer Defensive;32.12
2025-09-30;COMMUNICATION SERVICES;52.4
2025-09-30;REAL ESTATE;55.48
2025-09-30;TECHNOLOGY;70.64
2025-09-30;INDUSTRIALS;53.77
2025-09-30;Healthcare;43.83
2025-09-30;crypto;58.42
2025-10-01;Financial Services;37.65
2025-10-01;  Utilities ;20.77
2025-10-01;ENERGY;42.83
2025-10-01;Basic Materials;68.73
2025-10-01;CONSUMER CYCLICAL;30.74
2025-10-01;CONSUMER DEFENSIVE;56.9
2025-10-01;COMMUNICATION SERVICES;59.2
2025-10-01;REAL ESTATE;33.51
2025-10-01;Technology;33.75
2025-10-01;industrials;52.02
2025-10-01;HEALTHCARE;58.96
2025-10-01;CRYPTO;31.29
2025-10-02;  Financial Services ;49.32
2025-10-02;utilities;65.29
2025-10-02;energy;67.68
2025-10-02;Basic Materials;64.25
2025-10-02;CONSUMER CYCLICAL;51.6
2025-10-02;Consumer Defensive;39.26
2025-10-02;Communication Services;57.1
2025-10-02;REAL ESTATE;76.63
2025-10-02;Technology;63.38
2025-10-02;Industrials;40.36
2025-10-02;Healthcare;63.46
2025-10-02;CRYPTO;59.34
2025-10-03;Financial Services;33.08
2025-10-03;UTILITIES;53.11
2025-10-03;  Energy ;48.69
2025-10-03;BASIC MATERIALS;59.61
2025-10-03;  Consumer Cyclical ;50.41
2025-10-03;Consumer Defensive;53.95
2025-10-03;  Communication Services ;65.24
2025-10-03;Real Estate;72.86
2025-10-03;Technology;71.36
2025-10-03;Industrials;47.82
2025-10-03;HEALTHCARE;53.76
2025-10-03;crypto;44.15
2025-10-06;FINANCIAL SERVICES;36.77
2025-10-06;Utilities;56.27
2025-10-06;Energy;43.38
2025-10-06;  Basic Materials ;67.62
2025-10-06;Consumer Cyclical;81.52
2025-10-06;  Consumer Defensive ;47.4
2025-10-06;  Communication Services ;44.15
2025-10-06;REAL ESTATE;45.88
2025-10-06;  Technology ;53.09
2025-10-06;Industrials;46.9
2025-10-06;Healthcare;48.31
2025-10-06;  Crypto ;69.03
2025-10-07;Financial Services;73.59
2025-10-07;Utilities;52.83
2025-10-07;energy;59.69
2025-10-07;BASIC MATERIALS;55.09
2025-10-07;consumer cyclical;43.89
2025-10-07;consumer defensive;50.63
2025-10-07;communication services;84.58
2025-10-07;Real Estate;52.52
2025-10-07;Technology;25.23
2025-10-07;Industrials;55.92
2025-10-07;healthcare;50.53
2025-10-07;Crypto;50.98
2025-10-08;Financial Services;53.44
2025-10-08;  Utilities ;42.45
2025-10-08;ENERGY;59.95
2025-10-08;Basic Materials;46.39
2025-10-08;CONSUMER CYCLICAL;48.15
2025-10-08;  Consumer Defensive ;69.59
2025-10-08;COMMUNICATION SERVICES;29.12
2025-10-08;Real Estate;65.79
2025-10-08;Technology;71.17
2025-10-08;Industrials;77.9
2025-10-08;Healthcare;42.8
2025-10-08;crypto;52.01
2025-10-09;  Financial Services ;54.54
2025-10-09;Utilities;67.62
2025-10-09;  Energy ;45.32
2025-10-09;BASIC MATERIALS;79.6
2025-10-09;  Consumer Cyclical ;60.29
2025-10-09;Consumer Defensive;47.89
2025-10-09;COMMUNICATION SERVICES;46.1
2025-10-09;Real Estate;40.42
2025-10-09;  Technology ;69.99
2025-10-09;Industrials;48.18
2025-10-09;Healthcare;61.41
2025-10-09;Crypto;40.07
2025-10-10;FINANCIAL SERVICES;47.81
2025-10-10;utilities;55.67
2025-10-10;energy;44.61
2025-10-10;basic materials;43.55
2025-10-10;Consumer Cyclical;55.12
2025-10-10;consumer defensive;24.96
2025-10-10;communication services;26.06
2025-10-10;  Real Estate ;59.86
2025-10-10;TECHNOLOGY;50.96
2025-10-10;industrials;55.36
2025-10-10;Healthcare;21.34
2025-10-10;  Crypto ;61.57
2025-10-13;Financial Services;61.15
2025-10-13;UTILITIES;55.01
2025-10-13;ENERGY;37.86
2025-10-13;Basic Materials;43.33
2025-10-13;Consumer Cyclical;36.7
2025-10-13;Consumer Defensive;69.66
2025-10-13;COMMUNICATION SERVICES;68.3
2025-10-13;Real Estate;47.53
2025-10-13;technology;36.48
2025-10-13;  Industrials ;32.93
2025-10-13;healthcare;18.23
2025-10-13;crypto;48.34
2025-10-14;financial services;31.64
2025-10-14;UTILITIES;39.91
2025-10-14;Energy;47.82
2025-10-14;BASIC MATERIALS;45.95
2025-10-14;Consumer Cyclical;76.89
2025-10-14;CONSUMER DEFENSIVE;45.15
2025-10-14;  Communication Services ;45.08
2025-10-14;real estate;48.94
2025-10-14;Technology;67.31
2025-10-14;Industrials;47.48
2025-10-14;HEALTHCARE;83.91
2025-10-14;Crypto;59.46
2025-10-15;  Financial Services ;45.93
2025-10-15;Utilities;65.35
2025-10-15;energy;42.23
2025-10-15;BASIC MATERIALS;27.12
2025-10-15;  Consumer Cyclical ;37.07
2025-10-15;Consumer Defensive;57.84
2025-10-15;  Communication Services ;32.0
2025-10-15;Real Estate;47.57
2025-10-15;Technology;36.05
2025-10-15;Industrials;54.82
2025-10-15;healthcare;58.32
2025-10-15;Crypto;54.36
2025-10-16;  Financial Services ;40.53
2025-10-16;Utilities;62.26
2025-10-16;  Energy ;70.26
2025-10-16;BASIC MATERIALS;44.61
2025-10-16;CONSUMER CYCLICAL;40.77
2025-10-16;  Consumer Defensive ;89.76
2025-10-16;COMMUNICATION SERVICES;55.01
2025-10-16;REAL ESTATE;59.91
2025-10-16;TECHNOLOGY;70.77
2025-10-16;  Industrials ;55.07
2025-10-16;HEALTHCARE;47.22
2025-10-16;crypto;38.69
2025-10-17;  Financial Services ;57.11
2025-10-17;Utilities;58.48
2025-10-17;energy;42.89
2025-10-17;  Basic Materials ;89.38
2025-10-17;  Consumer Cyclical ;59.27
2025-10-17;consumer defensive;67.9
2025-10-17;COMMUNICATION SERVICES;51.54
2025-10-17;Real Estate;41.52
2025-10-17;Technology;56.49
2025-10-17;Industrials;34.64
2025-10-17;healthcare;44.71
2025-10-17;crypto;20.41
2025-10-20;  Financial Services ;71.73
2025-10-20;UTILITIES;46.64
2025-10-20;ENERGY;61.54
2025-10-20;  Basic Materials ;55.11
2025-10-20;CONSUMER CYCLICAL;42.23
2025-10-20;  Consumer Defensive ;53.15
2025-10-20;Communication Services;55.36
2025-10-20;Real Estate;56.27
2025-10-20;TECHNOLOGY;48.6
2025-10-20;industrials;75.35
2025-10-20;Healthcare;57.54
2025-10-20;Crypto;54.36
2025-10-21;Financial Services;78.29
2025-10-21;Utilities;30.0
2025-10-21;  Energy ;42.08
2025-10-21;basic materials;60.29
2025-10-21;Consumer Cyclical;63.95
2025-10-21;consumer defensive;56.24
2025-10-21;Communication Services;77.86
2025-10-21;  Real Estate ;35.76
2025-10-21;Technology;63.62
2025-10-21;industrials;34.61
2025-10-21;  Healthcare ;45.37
2025-10-21;CRYPTO;60.2
2025-10-22;financial services;57.53
2025-10-22;Utilities;43.31
2025-10-22;Energy;58.54
2025-10-22;basic materials;53.44
2025-10-22;consumer cyclical;55.0
2025-10-22;Consumer Defensive;57.15
2025-10-22;COMMUNICATION SERVICES;53.33
2025-10-22;  Real Estate ;57.18
2025-10-22;technology;58.61
2025-10-22;  Industrials ;51.66
2025-10-22;HEALTHCARE;53.52
2025-10-22;CRYPTO;52.56
2025-10-23;  Financial Services ;44.57
2025-10-23;  Utilities ;34.14
2025-10-23;ENERGY;50.02
2025-10-23;Basic Materials;39.13
2025-10-23;Consumer Cyclical;62.89
2025-10-23;consumer defensive;36.76
2025-10-23;Communication Services;79.16
2025-10-23;REAL ESTATE;52.06
2025-10-23;  Technology ;62.2
2025-10-23;Industrials;63.93
2025-10-23;Healthcare;49.08
2025-10-23;CRYPTO;52.3
2025-10-24;financial services;46.59
2025-10-24;  Utilities ;45.62
2025-10-24;  Energy ;74.29
2025-10-24;basic materials;57.28
2025-10-24;Consumer Cyclical;68.35
2025-10-24;CONSUMER DEFENSIVE;40.09
2025-10-24;Communication Services;34.13
2025-10-24;  Real Estate ;49.67
2025-10-24;TECHNOLOGY;38.76
2025-10-24;INDUSTRIALS;52.62
2025-10-24;Healthcare;47.08
2025-10-24;CRYPTO;46.62
2025-10-27;Financial Services;57.59
2025-10-27;UTILITIES;69.97
2025-10-27;Energy;48.53
2025-10-27;basic materials;59.02
2025-10-27;Consumer Cyclical;43.48
2025-10-27;Consumer Defensive;52.29
2025-10-27;Communication Services;50.62
2025-10-27;REAL ESTATE;34.4
2025-10-27;TECHNOLOGY;56.48
2025-10-27;INDUSTRIALS;71.98
2025-10-27;Healthcare;47.06
2025-10-27;CRYPTO;40.45
2025-10-28;FINANCIAL SERVICES;43.29
2025-10-28;utilities;71.02
2025-10-28;Energy;46.04
2025-10-28;basic materials;35.66
2025-10-28;  Consumer Cyclical ;53.76
2025-10-28;CONSUMER DEFENSIVE;59.57
2025-10-28;  Communication Services ;69.14
2025-10-28;REAL ESTATE;57.87
2025-10-28;Technology;50.85
2025-10-28;industrials;14.19
2025-10-28;healthcare;67.12
2025-10-28;crypto;66.81
2025-10-29;financial services;46.72
2025-10-29;Utilities;60.73
2025-10-29;  Energy ;58.64
2025-10-29;  Basic Materials ;44.09
2025-10-29;Consumer Cyclical;41.44
2025-10-29;  Consumer Defensive ;50.54
2025-10-29;Communication Services;29.17
2025-10-29;Real Estate;45.69
2025-10-29;Technology;36.57
2025-10-29;Industrials;43.61
2025-10-29;healthcare;25.79
2025-10-29;CRYPTO;61.0
2025-10-30;  Financial Services ;37.6
2025-10-30;Utilities;26.84
2025-10-30;Energy;51.03
2025-10-30;BASIC MATERIALS;38.64
2025-10-30;  Consumer Cyclical ;40.71
2025-10-30;consumer defensive;37.0
2025-10-30;communication services;30.78
2025-10-30;REAL ESTATE;34.34
2025-10-30;  Technology ;41.16
2025-10-30;INDUSTRIALS;41.61
2025-10-30;HEALTHCARE;45.88
2025-10-30;CRYPTO;22.86
2025-10-31;Financial Services;63.45
2025-10-31;UTILITIES;62.33
2025-10-31;  Energy ;51.63
2025-10-31;  Basic Materials ;38.47
2025-10-31;  Consumer Cyclical ;70.52
2025-10-31;Consumer Defensive;56.81
2025-10-31;Communication Services;51.13
2025-10-31;real estate;49.18
2025-10-31;TECHNOLOGY;65.58
2025-10-31;Industrials;61.88
2025-10-31;Healthcare;61.95
2025-10-31;  Crypto ;25.13
2025-11-03;Financial Services;45.95
2025-11-03;UTILITIES;36.36
2025-11-03;ENERGY;43.61
2025-11-03;  Basic Materials ;42.02
2025-11-03;CONSUMER CYCLICAL;36.73
2025-11-03;CONSUMER DEFENSIVE;55.89
2025-11-03;Communication Services;48.31
2025-11-03;Real Estate;74.34
2025-11-03;Technology;49.73
2025-11-03;Industrials;36.47
2025-11-03;  Healthcare ;41.58
2025-11-03;crypto;44.37
2025-11-04;Financial Services;43.9
2025-11-04;Utilities;36.37
2025-11-04;ENERGY;63.31
2025-11-04;Basic Materials;56.64
2025-11-04;consumer cyclical;55.22
2025-11-04;CONSUMER DEFENSIVE;60.63
2025-11-04;Communication Services;40.64
2025-11-04;REAL ESTATE;58.36
2025-11-04;Technology;78.24
2025-11-04;INDUSTRIALS;46.45
2025-11-04;healthcare;52.57
2025-11-04;crypto;48.99
2025-11-05;FINANCIAL SERVICES;42.64
2025-11-05;UTILITIES;47.8
2025-11-05;energy;39.57
2025-11-05;Basic Materials;33.32
2025-11-05;Consumer Cyclical;39.4
2025-11-05;consumer defensive;38.32
2025-11-05;Communication Services;0
2025-11-05;  Real Estate ;63.17
2025-11-05;Technology;63.19
2025-11-05;  Industrials ;44.53
2025-11-05;healthcare;46.73
2025-11-05;CRYPTO;53.21
2025-11-06;Financial Services;41.12
2025-11-06;  Utilities ;57.77
2025-11-06;Energy;49.71
2025-11-06;basic materials;46.4
2025-11-06;consumer cyclical;52.35
2025-11-06;consumer defensive;43.85
2025-11-06;Communication Services;53.18
2025-11-06;  Real Estate ;35.16
2025-11-06;TECHNOLOGY;72.34
2025-11-06;INDUSTRIALS;71.53
2025-11-06;healthcare;54.05
2025-11-06;  Crypto ;41.82
2025-11-07;  Financial Services ;64.11
2025-11-07;UTILITIES;57.81
2025-11-07;Energy;66.79
2025-11-07;basic materials;62.44
2025-11-07;CONSUMER CYCLICAL;40.23
2025-11-07;CONSUMER DEFENSIVE;36.09
2025-11-07;Communication Services;45.28
2025-11-07;Real Estate;25.35
2025-11-07;TECHNOLOGY;37.95
2025-11-07;industrials;44.52
2025-11-07;Healthcare;53.58
2025-11-07;CRYPTO;36.46
2025-11-10;Financial Services;59.37
2025-11-10;UTILITIES;61.4
2025-11-10;energy;51.4
2025-11-10;Basic Materials;64.32
2025-11-10;CONSUMER CYCLICAL;52.38
2025-11-10;consumer defensive;30.78
2025-11-10;Communication Services;78.31
2025-11-10;real estate;49.1
2025-11-10;technology;59.28
2025-11-10;Industrials;46.02
2025-11-10;Healthcare;16.89
2025-11-10;CRYPTO;22.97
2025-11-11;FINANCIAL SERVICES;42.61
2025-11-11;utilities;48.87
2025-11-11;  Energy ;46.77
2025-11-11;basic materials;49.24
2025-11-11;consumer cyclical;40.25
2025-11-11;  Consumer Defensive ;41.91
2025-11-11;communication services;38.99
2025-11-11;REAL ESTATE;37.87
2025-11-11;TECHNOLOGY;44.3
2025-11-11;industrials;100
2025-11-11;healthcare;82.21
2025-11-11;crypto;45.32
2025-11-12;FINANCIAL SERVICES;49.61
2025-11-12;  Utilities ;35.63
2025-11-12;ENERGY;78.3
2025-11-12;basic materials;37.85
2025-11-12;Consumer Cyclical;49.64
2025-11-12;  Consumer Defensive ;67.95
2025-11-12;  Communication Services ;70.85
2025-11-12;REAL ESTATE;64.95
2025-11-12;technology;44.25
2025-11-12;industrials;71.17
2025-11-12;Healthcare;58.03
2025-11-12;  Crypto ;41.39
2025-11-13;Financial Services;73.91
2025-11-13;utilities;45.49
2025-11-13;  Energy ;58.0
2025-11-13;  Basic Materials ;53.97
2025-11-13;Consumer Cyclical;53.2
2025-11-13;consumer defensive;51.28
2025-11-13;Communication Services;62.57
2025-11-13;Real Estate;68.79
2025-11-13;TECHNOLOGY;59.99
2025-11-13;  Industrials ;57.83
2025-11-13;Healthcare;42.39
2025-11-13;crypto;54.15
2025-11-14;Financial Services;22.78
2025-11-14;utilities;48.42
2025-11-14;  Energy ;55.64
2025-11-14;Basic Materials;49.86
2025-11-14;  Consumer Cyclical ;23.71
2025-11-14;Consumer Defensive;48.77
2025-11-14;Communication Services;48.02
2025-11-14;  Real Estate ;40.73
2025-11-14;TECHNOLOGY;63.8
2025-11-14;  Industrials ;25.6
2025-11-14;healthcare;34.41
2025-11-14;CRYPTO;40.67
2025-11-17;FINANCIAL SERVICES;22.08
2025-11-17;  Utilities ;55.33
2025-11-17;Energy;68.63
2025-11-17;Basic Materials;30.21
2025-11-17;consumer cyclical;74.42
2025-11-17;CONSUMER DEFENSIVE;67.81
2025-11-17;  Communication Services ;62.92
2025-11-17;real estate;27.84
2025-11-17;TECHNOLOGY;59.66
2025-11-17;  Industrials ;46.07
2025-11-17;healthcare;40.03
2025-11-17;Crypto;52.02
2025-11-18;Financial Services;59.43
2025-11-18;UTILITIES;63.66
2025-11-18;ENERGY;49.68
2025-11-18;basic materials;58.28
2025-11-18;  Consumer Cyclical ;53.23
2025-11-18;CONSUMER DEFENSIVE;19.96
2025-11-18;communication services;36.53
2025-11-18;Real Estate;41.94
2025-11-18;technology;35.04
2025-11-18;  Industrials ;51.91
2025-11-18;Healthcare;45.91
2025-11-18;  Crypto ;19.12
2025-11-19;financial services;55.78
2025-11-19;  Utilities ;42.76
2025-11-19;Energy;20.42
2025-11-19;BASIC MATERIALS;47.54
2025-11-19;Consumer Cyclical;55.76
2025-11-19;Consumer Defensive;25.97
2025-11-19;COMMUNICATION SERVICES;46.03
2025-11-19;REAL ESTATE;48.61
2025-11-19;  Technology ;30.87
2025-11-19;Industrials;39.25
2025-11-19;Healthcare;42.22
2025-11-19;Crypto;90.43
2025-11-20;Financial Services;52.68
2025-11-20;Utilities;50.16
2025-11-20;energy;43.87
2025-11-20;  Basic Materials ;73.03
2025-11-20;Consumer Cyclical;44.49
2025-11-20;  Consumer Defensive ;54.28
2025-11-20;communication services;59.1
2025-11-20;REAL ESTATE;39.51
2025-11-20;TECHNOLOGY;28.79
2025-11-20;industrials;57.31
2025-11-20;HEALTHCARE;53.83
2025-11-20;Crypto;47.89
2025-11-21;  Financial Services ;46.36
2025-11-21;  Utilities ;55.88
2025-11-21;Energy;66.31
2025-11-21;Basic Materials;44.17
2025-11-21;consumer cyclical;46.96
2025-11-21;CONSUMER DEFENSIVE;43.25
2025-11-21;COMMUNICATION SERVICES;69.0
2025-11-21;Real Estate;42.59
2025-11-21;technology;11.47
2025-11-21;  Industrials ;79.18
2025-11-21;  Healthcare ;53.7
2025-11-21;CRYPTO;65.66
2025-11-24;  Financial Services ;31.13
2025-11-24;  Utilities ;50.86
2025-11-24;  Energy ;24.85
2025-11-24;basic materials;38.26
2025-11-24;CONSUMER CYCLICAL;48.61
2025-11-24;  Consumer Defensive ;62.88
2025-11-24;COMMUNICATION SERVICES;42.2
2025-11-24;REAL ESTATE;43.38
2025-11-24;TECHNOLOGY;35.72
2025-11-24;INDUSTRIALS;38.56
2025-11-24;Healthcare;55.39
2025-11-24;Crypto;57.27
2025-11-25;FINANCIAL SERVICES;69.62
2025-11-25;Utilities;46.04
2025-11-25;ENERGY;51.8
2025-11-25;Basic Materials;58.02
2025-11-25;Consumer Cyclical;59.04
2025-11-25;CONSUMER DEFENSIVE;45.72
2025-11-25;Communication Services;50.37
2025-11-25;  Real Estate ;40.1
2025-11-25;  Technology ;43.37
2025-11-25;Industrials;48.05
2025-11-25;Healthcare;51.72
2025-11-25;CRYPTO;38.25
2025-11-26;  Financial Services ;54.18
2025-11-26;Utilities;40.85
2025-11-26;ENERGY;32.21
2025-11-26;Basic Materials;59.46
2025-11-26;Consumer Cyclical;54.73
2025-11-26;CONSUMER DEFENSIVE;53.91
2025-11-26;COMMUNICATION SERVICES;63.41
2025-11-26;  Real Estate ;38.61
2025-11-26;technology;47.53
2025-11-26;INDUSTRIALS;66.63
2025-11-26;Healthcare;21.1
2025-11-26;CRYPTO;19.89
2025-11-27;FINANCIAL SERVICES;49.99
2025-11-27;Utilities;54.14
2025-11-27;Energy;61.98
2025-11-27;BASIC MATERIALS;51.64
2025-11-27;CONSUMER CYCLICAL;52.09
2025-11-27;CONSUMER DEFENSIVE;63.4
2025-11-27;  Communication Services ;41.3
2025-11-27;Real Estate;53.94
2025-11-27;Technology;75.06
2025-11-27;Industrials;39.89
2025-11-27;Healthcare;41.84
2025-11-27;crypto;24.58
2025-11-28;Financial Services;82.46
2025-11-28;utilities;55.21
2025-11-28;energy;35.54
2025-11-28;Basic Materials;48.48
2025-11-28;consumer cyclical;37.55
2025-11-28;  Consumer Defensive ;45.29
2025-11-28;COMMUNICATION SERVICES;68.48
2025-11-28;Real Estate;46.34
2025-11-28;  Technology ;56.03
2025-11-28;industrials;54.01
2025-11-28;  Healthcare ;54.97
2025-11-28;crypto;49.01
2025-12-01;Financial Services;38.95
2025-12-01;Utilities;54.03
2025-12-01;energy;63.76
2025-12-01;BASIC MATERIALS;48.2
2025-12-01;CONSUMER CYCLICAL;40.38
2025-12-01;consumer defensive;66.43
2025-12-01;COMMUNICATION SERVICES;55.08
2025-12-01;real estate;65.36
2025-12-01;Technology;46.99
2025-12-01;industrials;55.9
2025-12-01;  Healthcare ;33.5
2025-12-01;Crypto;54.9
2025-12-02;FINANCIAL SERVICES;33.71
2025-12-02;utilities;44.66
2025-12-02;ENERGY;34.27
2025-12-02;basic materials;42.63
2025-12-02;Consumer Cyclical;26.48
2025-12-02;CONSUMER DEFENSIVE;52.94
2025-12-02;  Communication Services ;57.64
2025-12-02;REAL ESTATE;66.97
2025-12-02;Technology;46.93
2025-12-02;INDUSTRIALS;28.56
2025-12-02;Healthcare;37.56
2025-12-02;Crypto;44.57
2025-12-03;FINANCIAL SERVICES;60.37
2025-12-03;  Utilities ;47.84
2025-12-03;ENERGY;52.52
2025-12-03;BASIC MATERIALS;36.54
2025-12-03;CONSUMER CYCLICAL;63.1
2025-12-03;Consumer Defensive;50.84
2025-12-03;Communication Services;35.19
2025-12-03;REAL ESTATE;58.8
2025-12-03;TECHNOLOGY;23.61
2025-12-03;Industrials;50.16
2025-12-03;  Healthcare ;44.3
2025-12-03;CRYPTO;81.02
2025-12-04;  Financial Services ;51.54
2025-12-04;UTILITIES;57.07
2025-12-04;  Energy ;34.92
2025-12-04;Basic Materials;46.51
2025-12-04;CONSUMER CYCLICAL;47.38
2025-12-04;consumer defensive;37.63
2025-12-04;Communication Services;39.9
2025-12-04;Real Estate;71.74
2025-12-04;Technology;58.07
2025-12-04;INDUSTRIALS;57.42
2025-12-04;HEALTHCARE;56.7
2025-12-04;Crypto;54.5
2025-12-05;financial services;58.21
2025-12-05;Utilities;37.51
2025-12-05;ENERGY;59.63
2025-12-05;BASIC MATERIALS;39.57
2025-12-05;CONSUMER CYCLICAL;58.54
2025-12-05;Consumer Defensive;60.75
2025-12-05;COMMUNICATION SERVICES;43.86
2025-12-05;real estate;51.83
2025-12-05;Technology;38.92
2025-12-05;industrials;66.69
2025-12-05;Healthcare;77.5
2025-12-05;CRYPTO;48.78
2025-12-08;financial services;39.35
2025-12-08;Utilities;81.77
2025-12-08;ENERGY;45.14
2025-12-08;BASIC MATERIALS;30.99
2025-12-08;Consumer Cyclical;68.54
2025-12-08;consumer defensive;44.71
2025-12-08;Communication Services;50.52
2025-12-08;REAL ESTATE;48.28
2025-12-08;  Technology ;31.71
2025-12-08;  Industrials ;50.25
2025-12-08;Healthcare;55.2
2025-12-08;  Crypto ;64.32
2025-12-09;Financial Services;39.15
2025-12-09;UTILITIES;43.72
2025-12-09;energy;44.31
2025-12-09;  Basic Materials ;66.24
2025-12-09;Consumer Cyclical;53.9
2025-12-09;Consumer Defensive;51.69
2025-12-09;Communication Services;34.54
2025-12-09;Real Estate;36.54
2025-12-09;technology;45.45
2025-12-09;Industrials;48.69
2025-12-09;HEALTHCARE;37.57
2025-12-09;Crypto;49.3
2025-12-10;FINANCIAL SERVICES;61.33
2025-12-10;Utilities;51.4
2025-12-10;ENERGY;76.76
2025-12-10;BASIC MATERIALS;67.63
2025-12-10;CONSUMER CYCLICAL;64.44
2025-12-10;  Consumer Defensive ;26.95
2025-12-10;COMMUNICATION SERVICES;60.91
2025-12-10;Real Estate;53.56
2025-12-10;Technology;58.54
2025-12-10;Industrials;41.33
2025-12-10;Healthcare;54.06
2025-12-10;crypto;68.14
2025-12-11;Financial Services;39.39
2025-12-11;Utilities;50.81
2025-12-11;Energy;43.04
2025-12-11;basic materials;40.18
2025-12-11;Consumer Cyclical;51.08
2025-12-11;consumer defensive;54.94
2025-12-11;COMMUNICATION SERVICES;36.38
2025-12-11;real estate;48.89
2025-12-11;TECHNOLOGY;31.13
2025-12-11;INDUSTRIALS;29.91
2025-12-11;healthcare;40.91
2025-12-11;crypto;58.11
2025-12-12;Financial Services;33.85
2025-12-12;Utilities;53.25
2025-12-12;ENERGY;36.68
2025-12-12;basic materials;32.92
2025-12-12;Consumer Cyclical;76.72
2025-12-12;Consumer Defensive;38.12
2025-12-12;communication services;40.71
2025-12-12;Real Estate;34.62
2025-12-12;Technology;43.02
2025-12-12;Industrials;47.02
2025-12-12;HEALTHCARE;47.11
2025-12-12;Crypto;34.43
2025-12-15;financial services;45.96
2025-12-15;Utilities;55.85
2025-12-15;energy;35.0
2025-12-15;  Basic Materials ;53.92
2025-12-15;consumer cyclical;76.81
2025-12-15;Consumer Defensive;49.4
2025-12-15;Communication Services;69.02
2025-12-15;REAL ESTATE;25.98
2025-12-15;  Technology ;54.07
2025-12-15;  Industrials ;67.32
2025-12-15;Healthcare;64.64
2025-12-15;  Crypto ;31.33
2025-12-16;  Financial Services ;52.52
2025-12-16;Utilities;54.85
2025-12-16;Energy;48.01
2025-12-16;Basic Materials;53.86
2025-12-16;Consumer Cyclical;45.74
2025-12-16;Consumer Defensive;37.87
2025-12-16;communication services;45.51
2025-12-16;Real Estate;47.96
2025-12-16;Technology;60.18
2025-12-16;Industrials;64.92
2025-12-16;  Healthcare ;39.27
2025-12-16;CRYPTO;73.13
2025-12-17;FINANCIAL SERVICES;49.9
2025-12-17;UTILITIES;64.48
2025-12-17;ENERGY;39.12
2025-12-17;Basic Materials;49.67
2025-12-17;CONSUMER CYCLICAL;55.3
2025-12-17;Consumer Defensive;62.24
2025-12-17;COMMUNICATION SERVICES;20.94
2025-12-17;Real Estate;37.43
2025-12-17;TECHNOLOGY;35.29
2025-12-17;  Industrials ;55.24
2025-12-17;HEALTHCARE;38.78
2025-12-17;CRYPTO;61.51
2025-12-18;  Financial Services ;52.85
2025-12-18;Utilities;32.97
2025-12-18;Energy;44.82
2025-12-18;BASIC MATERIALS;43.46
2025-12-18;Consumer Cyclical;52.03
2025-12-18;CONSUMER DEFENSIVE;35.5
2025-12-18;COMMUNICATION SERVICES;67.13
2025-12-18;REAL ESTATE;39.66
2025-12-18;technology;32.66
2025-12-18;Industrials;54.26
2025-12-18;  Healthcare ;51.11
2025-12-18;crypto;27.59
2025-12-19;  Financial Services ;34.13
2025-12-19;UTILITIES;62.58
2025-12-19;  Energy ;30.3
2025-12-19;  Basic Materials ;60.0
2025-12-19;  Consumer Cyclical ;64.65
2025-12-19;consumer defensive;64.46
2025-12-19;communication services;38.85
2025-12-19;Real Estate;45.69
2025-12-19;TECHNOLOGY;75.78
2025-12-19;  Industrials ;61.04
2025-12-19;healthcare;57.37
2025-12-19;Crypto;61.28
2025-12-22;Financial Services;61.06
2025-12-22;UTILITIES;58.69
2025-12-22;  Energy ;68.47
2025-12-22;Basic Materials;50.79
2025-12-22;Consumer Cyclical;41.78
2025-12-22;consumer defensive;41.33
2025-12-22;  Communication Services ;58.41
2025-12-22;REAL ESTATE;37.76
2025-12-22;technology;34.98
2025-12-22;INDUSTRIALS;46.97
2025-12-22;HEALTHCARE;50.51
2025-12-22;  Crypto ;31.0
2025-12-23;FINANCIAL SERVICES;60.3
2025-12-23;  Utilities ;41.97
2025-12-23;  Energy ;39.7
2025-12-23;BASIC MATERIALS;48.81
2025-12-23;Consumer Cyclical;47.79
2025-12-23;CONSUMER DEFENSIVE;56.5
2025-12-23;communication services;38.51
2025-12-23;real estate;46.21
2025-12-23;TECHNOLOGY;50.71
2025-12-23;  Industrials ;65.38
2025-12-23;Healthcare;46.57
2025-12-23;Crypto;69.31
2025-12-24;FINANCIAL SERVICES;59.45
2025-12-24;utilities;51.0
2025-12-24;Energy;42.05
2025-12-24;basic materials;51.78
2025-12-24;Consumer Cyclical;41.62
2025-12-24;CONSUMER DEFENSIVE;32.57
2025-12-24;Communication Services;47.64
2025-12-24;  Real Estate ;43.6
2025-12-24;technology;38.03
2025-12-24;industrials;62.77
2025-12-24;HEALTHCARE;45.37
2025-12-24;Crypto;60.12
2025-12-29;  Financial Services ;65.94
2025-12-29;UTILITIES;30.61
2025-12-29;ENERGY;46.28
2025-12-29;Basic Materials;72.96
2025-12-29;consumer cyclical;46.89
2025-12-29;Consumer Defensive;44.16
2025-12-29;  Communication Services ;54.89
2025-12-29;REAL ESTATE;67.2
2025-12-29;Technology;55.69
2025-12-29;Industrials;45.91
2025-12-29;Healthcare;34.44
2025-12-29;Crypto;51.57
2025-12-30;FINANCIAL SERVICES;30.14
2025-12-30;Utilities;53.74
2025-12-30;ENERGY;50.46
2025-12-30;  Basic Materials ;52.82
2025-12-30;consumer cyclical;70.46
2025-12-30;  Consumer Defensive ;49.98
2025-12-30;Communication Services;64.08
2025-12-30;Real Estate;45.98
2025-12-30;technology;48.28
2025-12-30;industrials;75.42
2025-12-30;Healthcare;40.42
2025-12-30;Crypto;37.04
2025-12-31;Financial Services;78.84
2025-12-31;Utilities;67.74
2025-12-31;ENERGY;51.04
2025-12-31;Basic Materials;63.42
2025-12-31;Consumer Cyclical;47.91
2025-12-31;Consumer Defensive;69.73
2025-12-31;COMMUNICATION SERVICES;39.5
2025-12-31;real estate;46.88
2025-12-31;technology;57.25
2025-12-31;Industrials;37.7
2025-12-31;HEALTHCARE;49.44
2025-12-31;Crypto;89.49
2026-01-02;  Financial Services ;61.01
2026-01-02;UTILITIES;51.7
2026-01-02;  Energy ;64.25
2026-01-02;Basic Materials;34.26
2026-01-02;  Consumer Cyclical ;73.32
2026-01-02;consumer defensive;41.54
2026-01-02;Communication Services;32.9
2026-01-02;real estate;47.91
2026-01-02;Technology;53.25
2026-01-02;industrials;71.84
2026-01-02;HEALTHCARE;46.09
2026-01-02;Crypto;44.14
2026-01-05;financial services;82.62
2026-01-05;Utilities;57.41
2026-01-05;Energy;62.24
2026-01-05;BASIC MATERIALS;42.51
2026-01-05;consumer cyclical;38.02
2026-01-05;  Consumer Defensive ;56.39
2026-01-05;Communication Services;29.58
2026-01-05;Real Estate;36.03
2026-01-05;Technology;53.68
2026-01-05;  Industrials ;71.4
2026-01-05;Healthcare;71.6
2026-01-05;Crypto;36.88
2026-01-06;Financial Services;55.79
2026-01-06;Utilities;58.89
2026-01-06;Energy;54.49
2026-01-06;Basic Materials;56.48
2026-01-06;Consumer Cyclical;45.85
2026-01-06;CONSUMER DEFENSIVE;54.48
2026-01-06;communication services;44.6
2026-01-06;REAL ESTATE;47.27
2026-01-06;technology;82.7
2026-01-06;Industrials;42.25
2026-01-06;healthcare;77.91
2026-01-06;CRYPTO;43.49
2026-01-07;Financial Services;30.35
2026-01-07;UTILITIES;66.76
2026-01-07;energy;37.8
2026-01-07;Basic Materials;46.05
2026-01-07;CONSUMER CYCLICAL;37.84
2026-01-07;consumer defensive;24.75
2026-01-07;COMMUNICATION SERVICES;62.17
2026-01-07;REAL ESTATE;60.82
2026-01-07;TECHNOLOGY;55.14
2026-01-07;INDUSTRIALS;48.26
2026-01-07;healthcare;64.47
2026-01-07;CRYPTO;36.56
2026-01-08;financial services;31.46
2026-01-08;utilities;60.09
2026-01-08;  Energy ;28.14
2026-01-08;  Basic Materials ;55.79
2026-01-08;Consumer Cyclical;54.76
2026-01-08;Consumer Defensive;40.29
2026-01-08;COMMUNICATION SERVICES;55.01
2026-01-08;Real Estate;53.39
2026-01-08;Technology;59.2
2026-01-08;Industrials;76.12
2026-01-08;Healthcare;64.39
2026-01-08;  Crypto ;59.9
2026-01-09;FINANCIAL SERVICES;60.78
2026-01-09;Utilities;44.71
2026-01-09;Energy;25.04
2026-01-09;Basic Materials;32.63
2026-01-09;  Consumer Cyclical ;69.53
2026-01-09;  Consumer Defensive ;83.19
2026-01-09;  Communication Services ;63.22
2026-01-09;REAL ESTATE;49.12
2026-01-09;  Technology ;51.9
2026-01-09;industrials;43.86
2026-01-09;Healthcare;42.18
2026-01-09;Crypto;43.58
2026-01-12;Financial Services;53.89
2026-01-12;Utilities;71.56
2026-01-12;Energy;61.07
2026-01-12;Basic Materials;52.58
2026-01-12;CONSUMER CYCLICAL;67.09
2026-01-12;Consumer Defensive;68.67
2026-01-12;COMMUNICATION SERVICES;44.67
2026-01-12;real estate;41.76
2026-01-12;TECHNOLOGY;22.43
2026-01-12;INDUSTRIALS;59.23
2026-01-12;Healthcare;42.24
2026-01-12;Crypto;82.6
2026-01-13;financial services;32.42
2026-01-13;Utilities;69.42
2026-01-13;energy;70.08
2026-01-13;basic materials;36.38
2026-01-13;consumer cyclical;36.27
2026-01-13;  Consumer Defensive ;72.7
2026-01-13;  Communication Services ;56.0
2026-01-13;real estate;57.31
2026-01-13;Technology;30.38
2026-01-13;INDUSTRIALS;57.17
2026-01-13;healthcare;56.63
2026-01-13;Crypto;33.68
2026-01-14;Financial Services;68.9
2026-01-14;UTILITIES;50.65
2026-01-14;Energy;60.05
2026-01-14;Basic Materials;52.84
2026-01-14;Consumer Cyclical;72.89
2026-01-14;Consumer Defensive;57.69
2026-01-14;Communication Services;46.87
2026-01-14;Real Estate;22.92
2026-01-14;TECHNOLOGY;40.17
2026-01-14;INDUSTRIALS;62.97
2026-01-14;HEALTHCARE;43.5
2026-01-14;CRYPTO;62.3
2026-01-15;Financial Services;73.62
2026-01-15;UTILITIES;31.15
2026-01-15;  Energy ;58.6
2026-01-15;basic materials;60.58
2026-01-15;  Consumer Cyclical ;59.18
2026-01-15;consumer defensive;29.96
2026-01-15;communication services;59.51
2026-01-15;real estate;52.4
2026-01-15;Technology;39.11
2026-01-15;Industrials;47.34
2026-01-15;Healthcare;86.55
2026-01-15;  Crypto ;51.05
2026-01-16;  Financial Services ;76.41
2026-01-16;utilities;72.0
2026-01-16;energy;45.87
2026-01-16;BASIC MATERIALS;62.14
2026-01-16;consumer cyclical;43.37
2026-01-16;Consumer Defensive;47.31
2026-01-16;communication services;48.33
2026-01-16;  Real Estate ;57.93
2026-01-16;Technology;41.5
2026-01-16;Industrials;49.99
2026-01-16;Healthcare;57.36
2026-01-16;CRYPTO;39.53
2026-01-19;financial services;54.65
2026-01-19;UTILITIES;59.92
2026-01-19;ENERGY;51.41
2026-01-19;BASIC MATERIALS;32.48
2026-01-19;CONSUMER CYCLICAL;45.06
2026-01-19;CONSUMER DEFENSIVE;48.74
2026-01-19;  Communication Services ;23.48
2026-01-19;Real Estate;59.81
2026-01-19;  Technology ;64.08
2026-01-19;INDUSTRIALS;55.66
2026-01-19;healthcare;55.44
2026-01-19;  Crypto ;67.65
2026-01-20;Financial Services;49.6
2026-01-20;  Utilities ;35.73
2026-01-20;energy;26.03
2026-01-20;basic materials;53.14
2026-01-20;Consumer Cyclical;45.64
2026-01-20;CONSUMER DEFENSIVE;36.36
2026-01-20;  Communication Services ;59.18
2026-01-20;Real Estate;47.87
2026-01-20;  Technology ;35.06
2026-01-20;INDUSTRIALS;45.85
2026-01-20;HEALTHCARE;15.25
2026-01-20;CRYPTO;64.25
2026-01-21;Financial Services;30.98
2026-01-21;UTILITIES;18.28
2026-01-21;ENERGY;37.85
2026-01-21;Basic Materials;28.83
2026-01-21;  Consumer Cyclical ;69.5
2026-01-21;Consumer Defensive;47.5
2026-01-21;Communication Services;56.04
2026-01-21;  Real Estate ;37.29
2026-01-21;TECHNOLOGY;50.11
2026-01-21;Industrials;61.69
2026-01-21;HEALTHCARE;41.03
2026-01-21;Crypto;67.3
2026-01-22;financial services;67.82
2026-01-22;UTILITIES;58.6
2026-01-22;ENERGY;66.0
2026-01-22;BASIC MATERIALS;37.64
2026-01-22;  Consumer Cyclical ;30.79
2026-01-22;Consumer Defensive;49.61
2026-01-22;  Communication Services ;46.75
2026-01-22;Real Estate;43.17
2026-01-22;TECHNOLOGY;56.33
2026-01-22;industrials;27.21
2026-01-22;  Healthcare ;67.07
2026-01-22;crypto;52.9
2026-01-23;financial services;53.68
2026-01-23;utilities;42.09
2026-01-23;ENERGY;53.63
2026-01-23;  Basic Materials ;94.11
2026-01-23;  Consumer Cyclical ;82.82
2026-01-23;consumer defensive;69.04
2026-01-23;  Communication Services ;72.29
2026-01-23;  Real Estate ;62.59
2026-01-23;technology;62.94
2026-01-23;  Industrials ;47.09
2026-01-23;Healthcare;56.53
2026-01-23;CRYPTO;64.95
2026-01-26;Financial Services;42.93
2026-01-26;UTILITIES;49.25
2026-01-26;Energy;60.36
2026-01-26;Basic Materials;27.65
2026-01-26;CONSUMER CYCLICAL;75.14
2026-01-26;consumer defensive;56.23
2026-01-26;COMMUNICATION SERVICES;38.03
2026-01-26;Real Estate;54.37
2026-01-26;technology;73.93
2026-01-26;INDUSTRIALS;55.47
2026-01-26;  Healthcare ;45.59
2026-01-26;CRYPTO;54.71
2026-01-27;Financial Services;43.97
2026-01-27;Utilities;45.09
2026-01-27;ENERGY;66.25
2026-01-27;basic materials;40.69
2026-01-27;CONSUMER CYCLICAL;49.52
2026-01-27;  Consumer Defensive ;47.73
2026-01-27;communication services;35.21
2026-01-27;REAL ESTATE;61.34
2026-01-27;TECHNOLOGY;52.07
2026-01-27;INDUSTRIALS;52.54
2026-01-27;Healthcare;42.68
2026-01-27;Crypto;50.8
2026-01-28;financial services;56.09
2026-01-28;UTILITIES;62.38
2026-01-28;ENERGY;44.66
2026-01-28;Basic Materials;86.05
2026-01-28;Consumer Cyclical;72.08
2026-01-28;CONSUMER DEFENSIVE;48.11
2026-01-28;Communication Services;9.82
2026-01-28;  Real Estate ;41.27
2026-01-28;Technology;56.13
2026-01-28;Industrials;55.39
2026-01-28;Healthcare;32.77
2026-01-28;crypto;53.65
2026-01-29;FINANCIAL SERVICES;35.17
2026-01-29;Utilities;64.43
2026-01-29;Energy;58.95
2026-01-29;Basic Materials;38.9
2026-01-29;Consumer Cyclical;50.54
2026-01-29;Consumer Defensive;54.62
2026-01-29;communication services;58.36
2026-01-29;REAL ESTATE;67.15
2026-01-29;  Technology ;46.31
2026-01-29;INDUSTRIALS;52.09
2026-01-29;healthcare;58.48
2026-01-29;crypto;32.98
2026-01-30;Financial Services;32.18
2026-01-30;Utilities;47.48
2026-01-30;ENERGY;65.14
2026-01-30;basic materials;39.8
2026-01-30;consumer cyclical;39.56
2026-01-30;Consumer Defensive;56.57
2026-01-30;Communication Services;40.23
2026-01-30;REAL ESTATE;54.84
2026-01-30;Technology;45.94
2026-01-30;  Industrials ;45.07
2026-01-30;HEALTHCARE;52.15
2026-01-30;Crypto;46.25
2026-02-02;FINANCIAL SERVICES;65.15
2026-02-02;Utilities;71.58
2026-02-02;  Energy ;34.83
2026-02-02;basic materials;69.08
2026-02-02;CONSUMER CYCLICAL;63.58
2026-02-02;CONSUMER DEFENSIVE;23.44
2026-02-02;COMMUNICATION SERVICES;46.17
2026-02-02;Real Estate;56.43
2026-02-02;Technology;62.79
2026-02-02;Industrials;51.27
2026-02-02;  Healthcare ;48.16
2026-02-02;Crypto;43.39
2026-02-03;FINANCIAL SERVICES;40.06
2026-02-03;UTILITIES;29.92
2026-02-03;Energy;48.61
2026-02-03;Basic Materials;64.01
2026-02-03;Consumer Cyclical;66.8
2026-02-03;Consumer Defensive;23.9
2026-02-03;Communication Services;51.02
2026-02-03;Real Estate;46.83
2026-02-03;technology;46.13
2026-02-03;  Industrials ;63.14
2026-02-03;healthcare;53.0
2026-02-03;Crypto;32.18
2026-02-04;Financial Services;43.94
2026-02-04;UTILITIES;43.49
2026-02-04;ENERGY;46.36
2026-02-04;Basic Materials;47.61
2026-02-04;CONSUMER CYCLICAL;49.35
2026-02-04;CONSUMER DEFENSIVE;39.64
2026-02-04;  Communication Services ;59.55
2026-02-04;Real Estate;45.76
2026-02-04;Technology;21.18
2026-02-04;Industrials;54.98
2026-02-04;Healthcare;67.2
2026-02-04;Crypto;50.56
2026-02-05;financial services;31.59
2026-02-05;Utilities;48.22
2026-02-05;ENERGY;60.0
2026-02-05;basic materials;57.38
2026-02-05;consumer cyclical;49.22
2026-02-05;Consumer Defensive;63.86
2026-02-05;communication services;70.3
2026-02-05;REAL ESTATE;71.97
2026-02-05;technology;47.6
2026-02-05;industrials;34.83
2026-02-05;HEALTHCARE;43.86
2026-02-05;Crypto;63.54
2026-02-06;financial services;39.42
2026-02-06;utilities;47.53
2026-02-06;energy;40.3
2026-02-06;basic materials;58.13
2026-02-06;consumer cyclical;22.75
2026-02-06;CONSUMER DEFENSIVE;35.32
2026-02-06;Communication Services;27.78
2026-02-06;  Real Estate ;49.33
2026-02-06;technology;50.85
2026-02-06;Industrials;62.06
2026-02-06;HEALTHCARE;36.26
2026-02-06;Crypto;41.7
2026-02-09;financial services;49.63
2026-02-09;Utilities;48.12
2026-02-09;Energy;67.36
2026-02-09;Basic Materials;56.75
2026-02-09;Consumer Cyclical;39.84
2026-02-09;CONSUMER DEFENSIVE;59.52
2026-02-09;Communication Services;31.28
2026-02-09;Real Estate;41.47
2026-02-09;TECHNOLOGY;44.82
2026-02-09;industrials;72.34
2026-02-09;Healthcare;60.12
2026-02-09;crypto;50.37
2026-02-10;FINANCIAL SERVICES;56.66
2026-02-10;UTILITIES;38.99
2026-02-10;Energy;71.13
2026-02-10;  Basic Materials ;45.42
2026-02-10;CONSUMER CYCLICAL;63.15
2026-02-10;CONSUMER DEFENSIVE;59.58
2026-02-10;Communication Services;36.31
2026-02-10;REAL ESTATE;54.87
2026-02-10;  Technology ;55.36
2026-02-10;INDUSTRIALS;77.29
2026-02-10;Healthcare;64.97
2026-02-10;Crypto;27.75
2026-02-11;financial services;51.39
2026-02-11;UTILITIES;41.94
2026-02-11;Energy;37.4
2026-02-11;Basic Materials;47.64
2026-02-11;Consumer Cyclical;45.58
2026-02-11;Consumer Defensive;36.88
2026-02-11;COMMUNICATION SERVICES;48.16
2026-02-11;  Real Estate ;55.96
2026-02-11;technology;46.45
2026-02-11;industrials;58.41
2026-02-11;Healthcare;48.14
2026-02-11;  Crypto ;44.03
2026-02-12;FINANCIAL SERVICES;33.31
2026-02-12;Utilities;73.28
2026-02-12;ENERGY;49.4
2026-02-12;Basic Materials;37.81
2026-02-12;consumer cyclical;44.2
2026-02-12;CONSUMER DEFENSIVE;52.43
2026-02-12;Communication Services;47.8
2026-02-12;REAL ESTATE;38.32
2026-02-12;technology;33.14
2026-02-12;Industrials;60.96
2026-02-12;healthcare;50.3
2026-02-12;crypto;43.71
2026-02-13;financial services;39.5
2026-02-13;utilities;74.38
2026-02-13;ENERGY;29.82
2026-02-13;  Basic Materials ;26.23
2026-02-13;CONSUMER CYCLICAL;56.54
2026-02-13;CONSUMER DEFENSIVE;55.88
2026-02-13;Communication Services;64.99
2026-02-13;real estate;53.43
2026-02-13;Technology;48.26
2026-02-13;Industrials;77.44
2026-02-13;Healthcare;45.91
2026-02-13;Crypto;60.24
2026-02-16;financial services;55.26
2026-02-16;UTILITIES;42.9
2026-02-16;Energy;66.79
2026-02-16;Basic Materials;48.08
2026-02-16;Consumer Cyclical;50.17
2026-02-16;Consumer Defensive;49.46
2026-02-16;COMMUNICATION SERVICES;39.94
2026-02-16;REAL ESTATE;42.33
2026-02-16;Technology;73.65
2026-02-16;INDUSTRIALS;53.77
2026-02-16;HEALTHCARE;49.24
2026-02-16;Crypto;56.14
2026-02-17;financial services;63.75
2026-02-17;  Utilities ;48.88
2026-02-17;ENERGY;54.74
2026-02-17;basic materials;65.35
2026-02-17;consumer cyclical;57.03
2026-02-17;CONSUMER DEFENSIVE;47.26
2026-02-17;COMMUNICATION SERVICES;51.38
2026-02-17;real estate;55.6
2026-02-17;Technology;38.82
2026-02-17;INDUSTRIALS;61.49
2026-02-17;HEALTHCARE;50.29
2026-02-17;Crypto;74.94
2026-02-18;FINANCIAL SERVICES;49.56
2026-02-18;utilities;61.18
2026-02-18;energy;69.44
2026-02-18;BASIC MATERIALS;39.35
2026-02-18;CONSUMER CYCLICAL;54.88
2026-02-18;  Consumer Defensive ;30.35
2026-02-18;communication services;62.73
2026-02-18;real estate;69.7
2026-02-18;  Technology ;52.45
2026-02-18;industrials;58.7
2026-02-18;Healthcare;43.12
2026-02-18;Crypto;57.65
2026-02-19;Financial Services;69.07
2026-02-19;Utilities;25.66
2026-02-19;energy;79.23
2026-02-19;Basic Materials;52.42
2026-02-19;  Consumer Cyclical ;47.54
2026-02-19;CONSUMER DEFENSIVE;64.93
2026-02-19;COMMUNICATION SERVICES;41.76
2026-02-19;Real Estate;32.98
2026-02-19;  Technology ;58.25
2026-02-19;Industrials;51.01
2026-02-19;HEALTHCARE;66.34
2026-02-19;  Crypto ;12.11
2026-02-20;  Financial Services ;76.67
2026-02-20;Utilities;38.11
2026-02-20;Energy;56.92
2026-02-20;BASIC MATERIALS;43.98
2026-02-20;Consumer Cyclical;39.41
2026-02-20;CONSUMER DEFENSIVE;47.19
2026-02-20;Communication Services;50.73
2026-02-20;  Real Estate ;28.24
2026-02-20;  Technology ;44.43
2026-02-20;  Industrials ;37.2
2026-02-20;healthcare;45.69
2026-02-20;crypto;62.72
2026-02-23;FINANCIAL SERVICES;37.46
2026-02-23;Utilities;49.93
2026-02-23;  Energy ;49.93
2026-02-23;Basic Materials;56.91
2026-02-23;CONSUMER CYCLICAL;48.69
2026-02-23;Consumer Defensive;63.09
2026-02-23;COMMUNICATION SERVICES;46.73
2026-02-23;REAL ESTATE;57.49
2026-02-23;TECHNOLOGY;50.64
2026-02-23;Industrials;43.64
2026-02-23;  Healthcare ;43.79
2026-02-23;  Crypto ;71.54
2026-02-24;financial services;48.62
2026-02-24;Utilities;70.94
2026-02-24;ENERGY;51.03
2026-02-24;Basic Materials;35.72
2026-02-24;  Consumer Cyclical ;42.41
2026-02-24;  Consumer Defensive ;72.39
2026-02-24;COMMUNICATION SERVICES;66.86
2026-02-24;  Real Estate ;39.01
2026-02-24;Technology;50.55
2026-02-24;Industrials;60.78
2026-02-24;healthcare;40.17
2026-02-24;  Crypto ;65.88
2026-02-25;  Financial Services ;47.36
2026-02-25;utilities;77.53
2026-02-25;Energy;64.04
2026-02-25;Basic Materials;50.85
2026-02-25;Consumer Cyclical;38.9
2026-02-25;CONSUMER DEFENSIVE;48.14
2026-02-25;COMMUNICATION SERVICES;58.88
2026-02-25;  Real Estate ;61.16
2026-02-25;Technology;26.84
2026-02-25;industrials;69.42
2026-02-25;healthcare;63.41
2026-02-25;crypto;39.76
2026-02-26;financial services;66.45
2026-02-26;UTILITIES;27.65
2026-02-26;Energy;54.91
2026-02-26;Basic Materials;53.97
2026-02-26;consumer cyclical;61.46
2026-02-26;CONSUMER DEFENSIVE;54.81
2026-02-26;COMMUNICATION SERVICES;59.09
2026-02-26;real estate;60.98
2026-02-26;technology;71.19
2026-02-26;Industrials;54.07
2026-02-26;Healthcare;81.36
2026-02-26;CRYPTO;30.33
2026-02-27;  Financial Services ;54.97
2026-02-27;utilities;40.09
2026-02-27;ENERGY;68.65
2026-02-27;BASIC MATERIALS;35.91
2026-02-27;CONSUMER CYCLICAL;76.59
2026-02-27;Consumer Defensive;55.59
2026-02-27;  Communication Services ;45.98
2026-02-27;Real Estate;62.3
2026-02-27;technology;83.01
2026-02-27;Industrials;45.22
2026-02-27;healthcare;49.36
2026-02-27;CRYPTO;41.84
2026-03-02;FINANCIAL SERVICES;52.42
2026-03-02;Utilities;68.1
2026-03-02;Energy;34.8
2026-03-02;basic materials;69.34
2026-03-02;consumer cyclical;53.92
2026-03-02;CONSUMER DEFENSIVE;64.82
2026-03-02;communication services;72.07
2026-03-02;real estate;53.41
2026-03-02;Technology;60.78
2026-03-02;industrials;32.4
2026-03-02;HEALTHCARE;34.84
2026-03-02;CRYPTO;61.52
2026-03-03;Financial Services;43.91
2026-03-03;Utilities;33.58
2026-03-03;Energy;83.84
2026-03-03;BASIC MATERIALS;33.96
2026-03-03;  Consumer Cyclical ;42.25
2026-03-03;  Consumer Defensive ;34.52
2026-03-03;  Communication Services ;57.12
2026-03-03;Real Estate;38.96
2026-03-03;Technology;50.77
2026-03-03;industrials;74.16
2026-03-03;Healthcare;39.46
2026-03-03;crypto;51.24
2026-03-04;FINANCIAL SERVICES;28.22
2026-03-04;utilities;18.72
2026-03-04;Energy;45.72
2026-03-04;Basic Materials;14.94
2026-03-04;CONSUMER CYCLICAL;47.51
2026-03-04;Consumer Defensive;33.51
2026-03-04;Communication Services;42.66
2026-03-04;  Real Estate ;37.89
2026-03-04;TECHNOLOGY;53.36
2026-03-04;industrials;18.49
2026-03-04;healthcare;39.01
2026-03-04;crypto;41.49
2026-03-05;financial services;53.87
2026-03-05;Utilities;60.93
2026-03-05;  Energy ;63.93
2026-03-05;BASIC MATERIALS;64.21
2026-03-05;CONSUMER CYCLICAL;39.21
2026-03-05;  Consumer Defensive ;53.87
2026-03-05;COMMUNICATION SERVICES;53.61
2026-03-05;REAL ESTATE;65.36
2026-03-05;TECHNOLOGY;75.94
2026-03-05;INDUSTRIALS;59.34
2026-03-05;HEALTHCARE;52.18
2026-03-05;Crypto;59.76
2026-03-06;Financial Services;55.05
2026-03-06;utilities;70.33
2026-03-06;ENERGY;48.21
2026-03-06;Basic Materials;37.29
2026-03-06;CONSUMER CYCLICAL;38.92
2026-03-06;consumer defensive;38.05
2026-03-06;communication services;25.96
2026-03-06;real estate;50.28
2026-03-06;  Technology ;66.39
2026-03-06;industrials;28.53
2026-03-06;Healthcare;59.3
2026-03-06;Crypto;25.59
2026-03-09;Financial Services;42.46
2026-03-09;Utilities;33.7
2026-03-09;  Energy ;66.27
2026-03-09;Basic Materials;25.55
2026-03-09;Consumer Cyclical;32.49
2026-03-09;Consumer Defensive;15.77
2026-03-09;Communication Services;40.61
2026-03-09;Real Estate;32.24
2026-03-09;TECHNOLOGY;58.94
2026-03-09;industrials;62.01
2026-03-09;healthcare;30.22
2026-03-09;crypto;47.34
2026-03-10;Financial Services;45.04
2026-03-10;Utilities;54.51
2026-03-10;ENERGY;72.84
2026-03-10;basic materials;30.9
2026-03-10;Consumer Cyclical;62.21
2026-03-10;consumer defensive;41.94
2026-03-10;  Communication Services ;36.83
2026-03-10;Real Estate;35.08
2026-03-10;TECHNOLOGY;49.69
2026-03-10;industrials;34.57
2026-03-10;Healthcare;70.72
2026-03-10;CRYPTO;36.37
2026-03-11;Financial Services;72.21
2026-03-11;Utilities;60.47
2026-03-11;  Energy ;55.05
2026-03-11;Basic Materials;85.5
2026-03-11;consumer cyclical;45.15
2026-03-11;Consumer Defensive;40.1
2026-03-11;Communication Services;71.81
2026-03-11;real estate;26.06
2026-03-11;Technology;34.82
2026-03-11;industrials;68.11
2026-03-11;Healthcare;83.43
2026-03-11;CRYPTO;60.87
2026-03-12;financial services;55.0
2026-03-12;UTILITIES;48.45
2026-03-12;energy;60.02
2026-03-12;basic materials;38.4
2026-03-12;Consumer Cyclical;45.88
2026-03-12;Consumer Defensive;36.63
2026-03-12;  Communication Services ;34.97
2026-03-12;Real Estate;58.18
2026-03-12;TECHNOLOGY;57.96
2026-03-12;INDUSTRIALS;46.54
2026-03-12;healthcare;37.7
2026-03-12;crypto;52.29
2026-03-13;Financial Services;37.86
2026-03-13;UTILITIES;68.59
2026-03-13;Energy;52.18
2026-03-13;basic materials;35.56
2026-03-13;Consumer Cyclical;44.79
2026-03-13;  Consumer Defensive ;31.82
2026-03-13;COMMUNICATION SERVICES;48.35
2026-03-13;Real Estate;28.82
2026-03-13;technology;38.6
2026-03-13;  Industrials ;36.72
2026-03-13;  Healthcare ;55.07
2026-03-13;CRYPTO;66.43
2026-03-16;Financial Services;50.41
2026-03-16;Utilities;50.39
2026-03-16;Energy;53.05
2026-03-16;BASIC MATERIALS;37.53
2026-03-16;Consumer Cyclical;35.33
2026-03-16;  Consumer Defensive ;45.36
2026-03-16;communication services;52.23
2026-03-16;REAL ESTATE;39.18
2026-03-16;technology;44.82
2026-03-16;  Industrials ;55.66
2026-03-16;HEALTHCARE;25.79
2026-03-16;CRYPTO;35.83
2026-03-17;Financial Services;61.12
2026-03-17;  Utilities ;42.23
2026-03-17;ENERGY;57.92
2026-03-17;Basic Materials;58.76
2026-03-17;  Consumer Cyclical ;45.17
2026-03-17;  Consumer Defensive ;69.9
2026-03-17;Communication Services;8.51
2026-03-17;  Real Estate ;40.26
2026-03-17;TECHNOLOGY;45.04
2026-03-17;Industrials;58.24
2026-03-17;  Healthcare ;64.79
2026-03-17;crypto;55.38
2026-03-18;  Financial Services ;47.4
2026-03-18;Utilities;37.86
2026-03-18;Energy;58.21
2026-03-18;  Basic Materials ;56.75
2026-03-18;  Consumer Cyclical ;58.97
2026-03-18;consumer defensive;55.02
2026-03-18;Communication Services;51.61
2026-03-18;  Real Estate ;54.21
2026-03-18;technology;43.62
2026-03-18;INDUSTRIALS;44.65
2026-03-18;  Healthcare ;61.08
2026-03-18;CRYPTO;44.24
2026-03-19;  Financial Services ;72.62
2026-03-19;utilities;48.33
2026-03-19;Energy;65.51
2026-03-19;Basic Materials;45.93
2026-03-19;consumer cyclical;48.93
2026-03-19;consumer defensive;42.47
2026-03-19;Communication Services;34.74
2026-03-19;Real Estate;39.21
2026-03-19;technology;54.5
2026-03-19;INDUSTRIALS;49.29
2026-03-19;Healthcare;46.61
2026-03-19;Crypto;67.04
2026-03-20;Financial Services;44.55
2026-03-20;UTILITIES;56.69
2026-03-20;Energy;45.65
2026-03-20;Basic Materials;30.06
2026-03-20;CONSUMER CYCLICAL;49.15
2026-03-20;consumer defensive;51.69
2026-03-20;Communication Services;28.11
2026-03-20;Real Estate;34.74
2026-03-20;technology;28.49
2026-03-20;industrials;30.38
2026-03-20;Healthcare;34.77
2026-03-20;crypto;49.88
2026-03-23;financial services;58.67
2026-03-23;UTILITIES;36.0
2026-03-23;ENERGY;65.66
2026-03-23;Basic Materials;39.76
2026-03-23;Consumer Cyclical;63.02
2026-03-23;CONSUMER DEFENSIVE;38.09
2026-03-23;  Communication Services ;28.87
2026-03-23;  Real Estate ;48.78
2026-03-23;Technology;49.03
2026-03-23;Industrials;46.0
2026-03-23;Healthcare;72.06
2026-03-23;  Crypto ;56.1
2026-03-24;  Financial Services ;69.71
2026-03-24;UTILITIES;65.11
2026-03-24;energy;23.39
2026-03-24;  Basic Materials ;54.96
2026-03-24;consumer cyclical;81.59
2026-03-24;CONSUMER DEFENSIVE;70.01
2026-03-24;Communication Services;42.93
2026-03-24;real estate;62.66
2026-03-24;Technology;64.86
2026-03-24;industrials;46.91
2026-03-24;HEALTHCARE;44.76
2026-03-24;Crypto;43.65
2026-03-25;  Financial Services ;58.87
2026-03-25;utilities;57.7
2026-03-25;ENERGY;72.29
2026-03-25;BASIC MATERIALS;65.51
2026-03-25;CONSUMER CYCLICAL;49.66
2026-03-25;CONSUMER DEFENSIVE;79.68
2026-03-25;communication services;62.22
2026-03-25;REAL ESTATE;28.93
2026-03-25;Technology;39.6
2026-03-25;INDUSTRIALS;38.38
2026-03-25;Healthcare;63.25
2026-03-25;Crypto;27.22
2026-03-26;Financial Services;51.16
2026-03-26;Utilities;37.03
2026-03-26;ENERGY;36.76
2026-03-26;Basic Materials;65.12
2026-03-26;  Consumer Cyclical ;58.25
2026-03-26;Consumer Defensive;51.97
2026-03-26;Communication Services;87.21
2026-03-26;real estate;47.74
2026-03-26;Technology;62.83
2026-03-26;industrials;52.34
2026-03-26;  Healthcare ;48.16
2026-03-26;CRYPTO;66.75
2026-03-27;  Financial Services ;29.59
2026-03-27;Utilities;59.06
2026-03-27;  Energy ;48.81
2026-03-27;Basic Materials;59.62
2026-03-27;Consumer Cyclical;45.02
2026-03-27;Consumer Defensive;58.25
2026-03-27;communication services;18.4
2026-03-27;Real Estate;47.15
2026-03-27;TECHNOLOGY;57.66
2026-03-27;industrials;34.37
2026-03-27;HEALTHCARE;51.2
2026-03-27;crypto;58.23
2026-03-30;financial services;43.57
2026-03-30;Utilities;81.65
2026-03-30;energy;60.66
2026-03-30;  Basic Materials ;21.97
2026-03-30;consumer cyclical;38.89
2026-03-30;consumer defensive;22.49
2026-03-30;communication services;61.1
2026-03-30;real estate;76.72
2026-03-30;Technology;36.24
2026-03-30;industrials;48.89
2026-03-30;healthcare;43.99
2026-03-30;Crypto;75.82
2026-03-31;Financial Services;39.77
2026-03-31;Utilities;68.03
2026-03-31;ENERGY;31.91
2026-03-31;  Basic Materials ;44.92
2026-03-31;Consumer Cyclical;47.87
2026-03-31;CONSUMER DEFENSIVE;46.6
2026-03-31;communication services;63.03
2026-03-31;Real Estate;54.78
2026-03-31;TECHNOLOGY;72.76
2026-03-31;Industrials;48.48
2026-03-31;healthcare;46.34
2026-03-31;CRYPTO;35.26
2026-04-01;financial services;60.89
2026-04-01;  Utilities ;40.67
2026-04-01;Energy;64.12
2026-04-01;  Basic Materials ;42.54
2026-04-01;consumer cyclical;31.96
2026-04-01;consumer defensive;51.35
2026-04-01;communication services;49.43
2026-04-01;Real Estate;28.95
2026-04-01;Technology;75.72
2026-04-01;Industrials;59.08
2026-04-01;Healthcare;46.75
2026-04-01;Crypto;41.0
2026-04-02;  Financial Services ;42.57
2026-04-02;UTILITIES;54.56
2026-04-02;energy;56.66
2026-04-02;BASIC MATERIALS;81.23
2026-04-02;consumer cyclical;85.97
2026-04-02;  Consumer Defensive ;45.72
2026-04-02;COMMUNICATION SERVICES;44.16
2026-04-02;  Real Estate ;46.85
2026-04-02;technology;42.23
2026-04-02;INDUSTRIALS;50.24
2026-04-02;Healthcare;52.45
2026-04-02;CRYPTO;49.07
2026-04-07;Financial Services;40.13
2026-04-07;Utilities;53.62
2026-04-07;Energy;54.51
2026-04-07;basic materials;55.69
2026-04-07;consumer cyclical;46.82
2026-04-07;Consumer Defensive;54.55
2026-04-07;Communication Services;70.65
2026-04-07;Real Estate;47.37
2026-04-07;Technology;50.61
2026-04-07;  Industrials ;52.42
2026-04-07;healthcare;48.54
2026-04-07;Crypto;43.2
2026-04-08;Financial Services;42.64
2026-04-08;utilities;50.47
2026-04-08;  Energy ;29.31
2026-04-08;BASIC MATERIALS;56.07
2026-04-08;consumer cyclical;35.52
2026-04-08;CONSUMER DEFENSIVE;31.09
2026-04-08;COMMUNICATION SERVICES;49.14
2026-04-08;real estate;61.04
2026-04-08;technology;65.45
2026-04-08;Industrials;40.28
2026-04-08;healthcare;32.45
2026-04-08;crypto;61.86
2026-04-09;Financial Services;68.31
2026-04-09;Utilities;42.31
2026-04-09;Energy;22.14
2026-04-09;basic materials;100
2026-04-09;Consumer Cyclical;58.82
2026-04-09;Consumer Defensive;59.37
2026-04-09;Communication Services;34.06
2026-04-09;Real Estate;40.2
2026-04-09;TECHNOLOGY;63.56
2026-04-09;Industrials;60.11
2026-04-09;Healthcare;62.86
2026-04-09;Crypto;43.15
2026-04-10;  Financial Services ;43.21
2026-04-10;  Utilities ;68.19
2026-04-10;Energy;69.19
2026-04-10;BASIC MATERIALS;55.26
2026-04-10;CONSUMER CYCLICAL;64.52
2026-04-10;consumer defensive;69.27
2026-04-10;Communication Services;33.54
2026-04-10;Real Estate;42.39
2026-04-10;  Technology ;31.98
2026-04-10;INDUSTRIALS;54.2
2026-04-10;Healthcare;30.43
2026-04-10;  Crypto ;59.35
2026-04-13;Financial Services;43.92
2026-04-13;Utilities;24.98
2026-04-13;  Energy ;23.61
2026-04-13;basic materials;59.26
2026-04-13;CONSUMER CYCLICAL;55.19
2026-04-13;CONSUMER DEFENSIVE;33.63
2026-04-13;communication services;51.67
2026-04-13;Real Estate;61.43
2026-04-13;TECHNOLOGY;65.2
2026-04-13;Industrials;34.52
2026-04-13;Healthcare;76.78
2026-04-13;crypto;50.36
2026-04-14;Financial Services;58.47
2026-04-14;  Utilities ;42.07
2026-04-14;Energy;54.63
2026-04-14;BASIC MATERIALS;63.25
2026-04-14;Consumer Cyclical;55.75
2026-04-14;Consumer Defensive;34.79
2026-04-14;COMMUNICATION SERVICES;41.01
2026-04-14;REAL ESTATE;50.08
2026-04-14;technology;42.11
2026-04-14;Industrials;45.9
2026-04-14;  Healthcare ;60.01
2026-04-14;Crypto;67.82
2026-04-15;financial services;36.65
2026-04-15;UTILITIES;30.07
2026-04-15;ENERGY;48.94
2026-04-15;basic materials;80.97
2026-04-15;Consumer Cyclical;46.01
2026-04-15;consumer defensive;55.23
2026-04-15;COMMUNICATION SERVICES;41.44
2026-04-15;real estate;53.28
2026-04-15;Technology;73.07
2026-04-15;industrials;65.77
2026-04-15;Healthcare;45.77
2026-04-15;CRYPTO;55.23
2026-04-16;Financial Services;43.73
2026-04-16;Utilities;57.17
2026-04-16;ENERGY;42.59
2026-04-16;Basic Materials;35.77
2026-04-16;  Consumer Cyclical ;35.82
2026-04-16;  Consumer Defensive ;40.44
2026-04-16;Communication Services;50.45
2026-04-16;Real Estate;32.39
2026-04-16;TECHNOLOGY;46.01
2026-04-16;  Industrials ;37.59
2026-04-16;Healthcare;54.94
2026-04-16;  Crypto ;21.48
2026-04-17;FINANCIAL SERVICES;29.15
2026-04-17;Utilities;36.41
2026-04-17;ENERGY;59.07
2026-04-17;Basic Materials;66.58
2026-04-17;Consumer Cyclical;53.93
2026-04-17;  Consumer Defensive ;39.65
2026-04-17;  Communication Services ;48.28
2026-04-17;Real Estate;38.41
2026-04-17;Technology;58.17
2026-04-17;industrials;42.67
2026-04-17;Healthcare;76.92
2026-04-17;CRYPTO;77.14
2026-04-20;Financial Services;55.81
2026-04-20;  Utilities ;44.7
2026-04-20;Energy;46.42
2026-04-20;BASIC MATERIALS;75.4
2026-04-20;CONSUMER CYCLICAL;47.16
2026-04-20;  Consumer Defensive ;83.18
2026-04-20;COMMUNICATION SERVICES;54.0
2026-04-20;Real Estate;64.08
2026-04-20;TECHNOLOGY;67.78
2026-04-20;industrials;57.88
2026-04-20;Healthcare;64.68
2026-04-20;Crypto;48.06
2026-04-21;Financial Services;38.62
2026-04-21;UTILITIES;35.78
2026-04-21;Energy;67.93
2026-04-21;Basic Materials;26.28
2026-04-21;Consumer Cyclical;49.61
2026-04-21;consumer defensive;41.45
2026-04-21;communication services;29.77
2026-04-21;real estate;27.0
2026-04-21;Technology;46.31
2026-04-21;INDUSTRIALS;27.02
2026-04-21;Healthcare;55.59
2026-04-21;crypto;40.57
2026-04-22;FINANCIAL SERVICES;36.43
2026-04-22;utilities;50.12
2026-04-22;ENERGY;56.22
2026-04-22;  Basic Materials ;38.14
2026-04-22;consumer cyclical;49.55
2026-04-22;CONSUMER DEFENSIVE;78.61
2026-04-22;COMMUNICATION SERVICES;36.37
2026-04-22;Real Estate;30.1
2026-04-22;Technology;33.57
2026-04-22;INDUSTRIALS;49.88
2026-04-22;  Healthcare ;32.9
2026-04-22;Crypto;31.01
2026-04-23;financial services;63.88
2026-04-23;Utilities;44.49
2026-04-23;energy;73.74
2026-04-23;Basic Materials;43.91
2026-04-23;Consumer Cyclical;58.33
2026-04-23;Consumer Defensive;68.85
2026-04-23;  Communication Services ;48.3
2026-04-23;  Real Estate ;46.93
2026-04-23;  Technology ;46.14
2026-04-23;industrials;48.06
2026-04-23;HEALTHCARE;36.18
2026-04-23;crypto;58.07
2026-04-24;Financial Services;41.88
2026-04-24;  Utilities ;62.07
2026-04-24;ENERGY;79.68
2026-04-24;BASIC MATERIALS;49.44
2026-04-24;CONSUMER CYCLICAL;33.12
2026-04-24;consumer defensive;63.03
2026-04-24;COMMUNICATION SERVICES;59.57
2026-04-24;real estate;53.02
2026-04-24;Technology;40.34
2026-04-24;INDUSTRIALS;30.77
2026-04-24;  Healthcare ;61.5
2026-04-24;crypto;38.53
2026-04-27;FINANCIAL SERVICES;58.37
2026-04-27;UTILITIES;31.26
2026-04-27;energy;53.83
2026-04-27;basic materials;18.27
2026-04-27;CONSUMER CYCLICAL;50.95
2026-04-27;CONSUMER DEFENSIVE;64.63
2026-04-27;  Communication Services ;60.48
2026-04-27;  Real Estate ;49.28
2026-04-27;  Technology ;37.44
2026-04-27;  Industrials ;49.39
2026-04-27;  Healthcare ;49.64
2026-04-27;Crypto;96.84
2026-04-28;financial services;48.92
2026-04-28;  Utilities ;58.91
2026-04-28;ENERGY;56.64
2026-04-28;BASIC MATERIALS;54.15
2026-04-28;consumer cyclical;63.53
2026-04-28;CONSUMER DEFENSIVE;52.85
2026-04-28;Communication Services;58.31
2026-04-28;Real Estate;39.13
2026-04-28;technology;65.95
2026-04-28;Industrials;43.49
2026-04-28;healthcare;66.27
2026-04-28;CRYPTO;52.61
2026-04-29;  Financial Services ;41.31
2026-04-29;  Utilities ;66.3
2026-04-29;ENERGY;39.88
2026-04-29;basic materials;43.12
2026-04-29;consumer cyclical;38.17
2026-04-29;consumer defensive;63.14
2026-04-29;communication services;56.0
2026-04-29;Real Estate;80.06
2026-04-29;TECHNOLOGY;63.0
2026-04-29;Industrials;74.56
2026-04-29;Healthcare;65.03
2026-04-29;CRYPTO;70.7
2026-04-30;  Financial Services ;50.53
2026-04-30;Utilities;61.05
2026-04-30;ENERGY;44.53
2026-04-30;Basic Materials;57.26
2026-04-30;Consumer Cyclical;41.23
2026-04-30;Consumer Defensive;44.45
2026-04-30;  Communication Services ;59.05
2026-04-30;REAL ESTATE;52.65
2026-04-30;Technology;51.04
2026-04-30;industrials;28.52
2026-04-30;HEALTHCARE;67.9
2026-04-30;  Crypto ;44.03
2026-05-04;Financial Services;40.01
2026-05-04;Utilities;67.04
2026-05-04;Energy;65.13
2026-05-04;Basic Materials;68.43
2026-05-04;consumer cyclical;38.16
2026-05-04;consumer defensive;34.14
2026-05-04;COMMUNICATION SERVICES;66.18
2026-05-04;  Real Estate ;31.98
2026-05-04;Technology;71.41
2026-05-04;Industrials;50.58
2026-05-04;healthcare;50.13
2026-05-04;  Crypto ;56.23
2026-05-05;  Financial Services ;43.91
2026-05-05;Utilities;60.49
2026-05-05;Energy;57.34
2026-05-05;Basic Materials;57.18
2026-05-05;Consumer Cyclical;57.22
2026-05-05;CONSUMER DEFENSIVE;58.99
2026-05-05;communication services;43.96
2026-05-05;real estate;57.18
2026-05-05;TECHNOLOGY;28.94
2026-05-05;Industrials;37.63
2026-05-05;healthcare;54.62
2026-05-05;Crypto;58.56
2026-05-06;FINANCIAL SERVICES;43.21
2026-05-06;  Utilities ;58.14
2026-05-06;ENERGY;43.53
2026-05-06;BASIC MATERIALS;53.14
2026-05-06;consumer cyclical;45.76
2026-05-06;consumer defensive;54.95
2026-05-06;Communication Services;64.43
2026-05-06;  Real Estate ;39.88
2026-05-06;  Technology ;64.1
2026-05-06;industrials;60.97
2026-05-06;  Healthcare ;51.89
2026-05-06;CRYPTO;38.36
2026-05-07;FINANCIAL SERVICES;57.94
2026-05-07;UTILITIES;59.29
2026-05-07;ENERGY;47.31
2026-05-07;BASIC MATERIALS;47.02
2026-05-07;Consumer Cyclical;55.76
2026-05-07;CONSUMER DEFENSIVE;32.29
2026-05-07;  Communication Services ;59.08
2026-05-07;Real Estate;73.35
2026-05-07;TECHNOLOGY;66.58
2026-05-07;Industrials;43.77
2026-05-07;Healthcare;42.3
2026-05-07;CRYPTO;52.1
2026-05-08;FINANCIAL SERVICES;25.63
2026-05-08;UTILITIES;31.06
2026-05-08;ENERGY;62.93
2026-05-08;Basic Materials;70.77
2026-05-08;  Consumer Cyclical ;51.14
2026-05-08;Consumer Defensive;50.2
2026-05-08;communication services;26.93
2026-05-08;REAL ESTATE;56.01
2026-05-08;Technology;37.06
2026-05-08;Industrials;26.9
2026-05-08;healthcare;47.66
2026-05-08;crypto;74.33
2026-05-11;Financial Services;61.92
2026-05-11;  Utilities ;37.88
2026-05-11;Energy;32.17
2026-05-11;Basic Materials;34.62
2026-05-11;Consumer Cyclical;58.52
2026-05-11;CONSUMER DEFENSIVE;45.93
2026-05-11;Communication Services;46.79
2026-05-11;Real Estate;27.36
2026-05-11;Technology;59.56
2026-05-11;INDUSTRIALS;61.71
2026-05-11;Healthcare;61.01
2026-05-11;Crypto;19.53
2026-05-12;  Financial Services ;55.37
2026-05-12;Utilities;53.34
2026-05-12;ENERGY;39.15
2026-05-12;Basic Materials;84.43
2026-05-12;consumer cyclical;64.51
2026-05-12;Consumer Defensive;40.86
2026-05-12;communication services;50.06
2026-05-12;REAL ESTATE;49.66
2026-05-12;Technology;46.41
2026-05-12;industrials;55.25
2026-05-12;Healthcare;17.28
2026-05-12;CRYPTO;57.05
2026-05-13;FINANCIAL SERVICES;53.12
2026-05-13;Utilities;65.67
2026-05-13;Energy;67.69
2026-05-13;  Basic Materials ;47.39
2026-05-13;Consumer Cyclical;64.46
2026-05-13;Consumer Defensive;53.75
2026-05-13;communication services;67.61
2026-05-13;Real Estate;54.95
2026-05-13;  Technology ;76.2
2026-05-13;INDUSTRIALS;22.28
2026-05-13;Healthcare;49.93
2026-05-13;crypto;75.88
2026-05-14;financial services;38.47
2026-05-14;UTILITIES;50.26
2026-05-14;Energy;46.52
2026-05-14;  Basic Materials ;64.84
2026-05-14;Consumer Cyclical;41.8
2026-05-14;consumer defensive;45.42
2026-05-14;communication services;50.0
2026-05-14;  Real Estate ;52.28
2026-05-14;Technology;30.78
2026-05-14;INDUSTRIALS;82.14
2026-05-14;HEALTHCARE;55.6
2026-05-14;  Crypto ;51.14
2026-05-15;Financial Services;55.35
2026-05-15;utilities;44.19
2026-05-15;Energy;55.72
2026-05-15;Basic Materials;48.69
2026-05-15;Consumer Cyclical;38.86
2026-05-15;CONSUMER DEFENSIVE;43.74
2026-05-15;communication services;57.01
2026-05-15;Real Estate;48.3
2026-05-15;TECHNOLOGY;47.63
2026-05-15;INDUSTRIALS;66.04
2026-05-15;healthcare;34.65
2026-05-15;Crypto;45.07
2026-05-18;Financial Services;42.99
2026-05-18;utilities;37.87
2026-05-18;Energy;84.51
2026-05-18;BASIC MATERIALS;38.69
2026-05-18;CONSUMER CYCLICAL;50.41
2026-05-18;Consumer Defensive;47.01
2026-05-18;Communication Services;57.05
2026-05-18;  Real Estate ;40.31
2026-05-18;  Technology ;41.06
2026-05-18;Industrials;57.23
2026-05-18;Healthcare;52.58
2026-05-18;Crypto;47.87
2026-05-19;FINANCIAL SERVICES;59.96
2026-05-19;Utilities;67.41
2026-05-19;Energy;52.97
2026-05-19;  Basic Materials ;53.88
2026-05-19;Consumer Cyclical;47.52
2026-05-19;consumer defensive;67.26
2026-05-19;communication services;39.18
2026-05-19;Real Estate;57.69
2026-05-19;TECHNOLOGY;59.03
2026-05-19;  Industrials ;59.35
2026-05-19;healthcare;49.28
2026-05-19;CRYPTO;47.71
2026-05-20;Financial Services;58.39
2026-05-20;utilities;18.57
2026-05-20;ENERGY;49.02
2026-05-20;basic materials;36.87
2026-05-20;consumer cyclical;72.33
2026-05-20;CONSUMER DEFENSIVE;51.42
2026-05-20;communication services;46.92
2026-05-20;Real Estate;49.53
2026-05-20;Technology;79.04
2026-05-20;industrials;43.78
2026-05-20;  Healthcare ;78.22
2026-05-20;  Crypto ;73.4
2026-05-21;FINANCIAL SERVICES;45.5
2026-05-21;utilities;48.52
2026-05-21;Energy;36.71
2026-05-21;Basic Materials;58.58
2026-05-21;Consumer Cyclical;59.26
2026-05-21;CONSUMER DEFENSIVE;42.69
2026-05-21;Communication Services;51.61
2026-05-21;  Real Estate ;68.61
2026-05-21;TECHNOLOGY;68.15
2026-05-21;INDUSTRIALS;44.16
2026-05-21;Healthcare;69.16
2026-05-21;crypto;54.37
2026-05-22;FINANCIAL SERVICES;57.79
2026-05-22;  Utilities ;57.8
2026-05-22;energy;57.14
2026-05-22;BASIC MATERIALS;51.77
2026-05-22;CONSUMER CYCLICAL;49.18
2026-05-22;  Consumer Defensive ;77.31
2026-05-22;COMMUNICATION SERVICES;68.34
2026-05-22;Real Estate;33.23
2026-05-22;TECHNOLOGY;32.57
2026-05-22;  Industrials ;69.46
2026-05-22;  Healthcare ;24.4
2026-05-22;  Crypto ;62.38
2026-05-25;FINANCIAL SERVICES;50.42
2026-05-25;Utilities;25.07
2026-05-25;energy;32.85
2026-05-25;Basic Materials;60.24
2026-05-25;Consumer Cyclical;56.43
2026-05-25;CONSUMER DEFENSIVE;0
2026-05-25;communication services;67.58
2026-05-25;  Real Estate ;56.76
2026-05-25;technology;58.86
2026-05-25;Industrials;50.28
2026-05-25;HEALTHCARE;58.84
2026-05-25;CRYPTO;43.06
2026-05-26;FINANCIAL SERVICES;31.58
2026-05-26;UTILITIES;65.72
2026-05-26;ENERGY;15.26
2026-05-26;Basic Materials;63.23
2026-05-26;  Consumer Cyclical ;37.47
2026-05-26;  Consumer Defensive ;61.11
2026-05-26;Communication Services;66.39
2026-05-26;real estate;43.74
2026-05-26;Technology;74.8
2026-05-26;INDUSTRIALS;75.33
2026-05-26;Healthcare;69.04
2026-05-26;crypto;30.39
2026-05-27;financial services;33.72
2026-05-27;Utilities;71.36
2026-05-27;ENERGY;40.04
2026-05-27;Basic Materials;39.94
2026-05-27;Consumer Cyclical;66.3
2026-05-27;CONSUMER DEFENSIVE;49.14
2026-05-27;Communication Services;59.57
2026-05-27;Real Estate;62.3
2026-05-27;TECHNOLOGY;62.81
2026-05-27;Industrials;52.04
2026-05-27;healthcare;22.08
2026-05-27;Crypto;62.13
2026-05-28;financial services;49.32
2026-05-28;Utilities;33.38
2026-05-28;  Energy ;35.27
2026-05-28;BASIC MATERIALS;49.13
2026-05-28;consumer cyclical;35.22
2026-05-28;CONSUMER DEFENSIVE;89.53
2026-05-28;COMMUNICATION SERVICES;36.56
2026-05-28;  Real Estate ;72.98
2026-05-28;Technology;56.34
2026-05-28;Industrials;65.87
2026-05-28;Healthcare;29.21
2026-05-28;crypto;50.44
2026-05-29;FINANCIAL SERVICES;62.81
2026-05-29;utilities;54.06
2026-05-29;Energy;44.66
2026-05-29;Basic Materials;39.84
2026-05-29;CONSUMER CYCLICAL;53.79
2026-05-29;  Consumer Defensive ;58.39
2026-05-29;COMMUNICATION SERVICES;29.38
2026-05-29;REAL ESTATE;53.51
2026-05-29;TECHNOLOGY;48.38
2026-05-29;Industrials;54.77
2026-05-29;Healthcare;54.82
2026-05-29;  Crypto ;47.07
2026-06-01;  Financial Services ;48.14
2026-06-01;UTILITIES;45.03
2026-06-01;Energy;52.8
2026-06-01;basic materials;44.12
2026-06-01;CONSUMER CYCLICAL;23.87
2026-06-01;CONSUMER DEFENSIVE;46.86
2026-06-01;communication services;57.08
2026-06-01;Real Estate;70.3
2026-06-01;technology;57.7
2026-06-01;INDUSTRIALS;71.09
2026-06-01;Healthcare;56.53
2026-06-01;Crypto;49.86
2026-06-02;financial services;40.11
2026-06-02;UTILITIES;44.69
2026-06-02;Energy;62.88
2026-06-02;BASIC MATERIALS;38.2
2026-06-02;consumer cyclical;36.43
2026-06-02;Consumer Defensive;10.98
2026-06-02;COMMUNICATION SERVICES;45.99
2026-06-02;Real Estate;38.06
2026-06-02;  Technology ;41.22
2026-06-02;  Industrials ;53.66
2026-06-02;healthcare;62.99
2026-06-02;Crypto;61.95
2026-06-03;Financial Services;48.72
2026-06-03;  Utilities ;45.87
2026-06-03;Energy;69.86
2026-06-03;Basic Materials;34.57
2026-06-03;CONSUMER CYCLICAL;32.84
2026-06-03;  Consumer Defensive ;58.24
2026-06-03;COMMUNICATION SERVICES;63.05
2026-06-03;Real Estate;68.5
2026-06-03;Technology;26.3
2026-06-03;industrials;64.25
2026-06-03;healthcare;42.14
2026-06-03;Crypto;51.52
2026-06-04;Financial Services;37.65
2026-06-04;Utilities;44.9
2026-06-04;ENERGY;34.22
2026-06-04;basic materials;60.97
2026-06-04;  Consumer Cyclical ;48.29
2026-06-04;Consumer Defensive;59.03
2026-06-04;COMMUNICATION SERVICES;40.89
2026-06-04;Real Estate;27.91
2026-06-04;technology;61.02
2026-06-04;INDUSTRIALS;58.26
2026-06-04;Healthcare;30.68
2026-06-04;CRYPTO;46.36
2026-06-05;Financial Services;57.2
2026-06-05;Utilities;47.26
2026-06-05;Energy;55.65
2026-06-05;BASIC MATERIALS;59.44
2026-06-05;Consumer Cyclical;17.53
2026-06-05;Consumer Defensive;58.4
2026-06-05;COMMUNICATION SERVICES;30.76
2026-06-05;Real Estate;49.46
2026-06-05;technology;58.02
2026-06-05;  Industrials ;41.6
2026-06-05;Healthcare;65.4
2026-06-05;Crypto;30.57
2026-06-08;FINANCIAL SERVICES;51.79
2026-06-08;UTILITIES;54.15
2026-06-08;ENERGY;59.22
2026-06-08;BASIC MATERIALS;49.21
2026-06-08;Consumer Cyclical;57.63
2026-06-08;Consumer Defensive;76.07
2026-06-08;Communication Services;51.78
2026-06-08;REAL ESTATE;56.23
2026-06-08;Technology;72.24
2026-06-08;Industrials;52.86
2026-06-08;Healthcare;59.21
2026-06-08;  Crypto ;51.59
2026-06-09;financial services;41.85
2026-06-09;utilities;35.08
2026-06-09;Energy;29.56
2026-06-09;Basic Materials;41.93
2026-06-09;CONSUMER CYCLICAL;66.52
2026-06-09;consumer defensive;52.45
2026-06-09;Communication Services;59.19
2026-06-09;Real Estate;66.09
2026-06-09;TECHNOLOGY;62.53
2026-06-09;industrials;61.41
2026-06-09;HEALTHCARE;53.58
2026-06-09;Crypto;55.5
2026-06-10;Financial Services;60.87
2026-06-10;UTILITIES;45.23
2026-06-10;  Energy ;43.45
2026-06-10;Basic Materials;38.92
2026-06-10;consumer cyclical;50.27
2026-06-10;Consumer Defensive;30.17
2026-06-10;Communication Services;26.44
2026-06-10;  Real Estate ;57.94
2026-06-10;technology;20.8
2026-06-10;INDUSTRIALS;52.33
2026-06-10;Healthcare;52.13
2026-06-10;  Crypto ;44.58
2026-06-11;  Financial Services ;32.97
2026-06-11;  Utilities ;44.5
2026-06-11;energy;43.84
2026-06-11;Basic Materials;50.31
2026-06-11;consumer cyclical;50.2
2026-06-11;consumer defensive;44.14
2026-06-11;  Communication Services ;66.86
2026-06-11;REAL ESTATE;59.0
2026-06-11;technology;64.97
2026-06-11;INDUSTRIALS;64.39
2026-06-11;Healthcare;63.18
2026-06-11;Crypto;42.44
2026-06-12;Financial Services;49.88
2026-06-12;Utilities;46.83
2026-06-12;energy;61.15
2026-06-12;BASIC MATERIALS;45.4
2026-06-12;consumer cyclical;42.36
2026-06-12;Consumer Defensive;41.89
2026-06-12;Communication Services;31.37
2026-06-12;Real Estate;62.66
2026-06-12;TECHNOLOGY;39.48
2026-06-12;INDUSTRIALS;50.32
2026-06-12;healthcare;26.96
2026-06-12;crypto;59.69
2026-06-15;Financial Services;53.55
2026-06-15;UTILITIES;30.51
2026-06-15;  Energy ;26.36
2026-06-15;BASIC MATERIALS;61.59
2026-06-15;Consumer Cyclical;60.43
2026-06-15;Consumer Defensive;37.16
2026-06-15;communication services;64.54
2026-06-15;Real Estate;53.66
2026-06-15;Technology;42.13
2026-06-15;Industrials;70.42
2026-06-15;HEALTHCARE;60.9
2026-06-15;CRYPTO;46.09
2026-06-16;Financial Services;51.64
2026-06-16;UTILITIES;39.66
2026-06-16;energy;15.78
2026-06-16;BASIC MATERIALS;24.92
2026-06-16;Consumer Cyclical;58.85
2026-06-16;Consumer Defensive;28.72
2026-06-16;Communication Services;52.41
2026-06-16;real estate;44.3
2026-06-16;Technology;52.26
2026-06-16;Industrials;45.56
2026-06-16;  Healthcare ;48.74
2026-06-16;Crypto;57.19
2026-06-17;financial services;61.95
2026-06-17;Utilities;45.23
2026-06-17;  Energy ;29.8
2026-06-17;basic materials;49.0
2026-06-17;CONSUMER CYCLICAL;64.75
2026-06-17;Consumer Defensive;37.7
2026-06-17;COMMUNICATION SERVICES;40.02
2026-06-17;REAL ESTATE;65.89
2026-06-17;Technology;51.66
2026-06-17;industrials;60.17
2026-06-17;  Healthcare ;42.57
2026-06-17;Crypto;40.52
2026-06-18;Financial Services;41.07
2026-06-18;Utilities;49.16
2026-06-18;ENERGY;66.57
2026-06-18;Basic Materials;50.41
2026-06-18;Consumer Cyclical;43.47
2026-06-18;consumer defensive;49.57
2026-06-18;  Communication Services ;26.59
2026-06-18;REAL ESTATE;47.4
2026-06-18;TECHNOLOGY;61.54
2026-06-18;Industrials;55.38
2026-06-18;healthcare;45.36
2026-06-18;crypto;22.76
2026-06-19;FINANCIAL SERVICES;54.16
2026-06-19;Utilities;56.39
2026-06-19;Energy;42.72
2026-06-19;Basic Materials;42.79
2026-06-19;  Consumer Cyclical ;83.1
2026-06-19;consumer defensive;71.38
2026-06-19;Communication Services;70.93
2026-06-19;  Real Estate ;45.0
2026-06-19;Technology;39.27
2026-06-19;Industrials;19.42
2026-06-19;Healthcare;32.26
2026-06-19;CRYPTO;34.38
2026-06-22;financial services;53.86
2026-06-22;UTILITIES;41.67
2026-06-22;energy;62.54
2026-06-22;  Basic Materials ;57.43
2026-06-22;Consumer Cyclical;43.33
2026-06-22;Consumer Defensive;61.83
2026-06-22;communication services;34.33
2026-06-22;Real Estate;61.65
2026-06-22;Technology;38.36
2026-06-22;industrials;40.11
2026-06-22;Healthcare;30.94
2026-06-22;CRYPTO;56.75
2026-06-23;  Financial Services ;62.35
2026-06-23;Utilities;46.37
2026-06-23;  Energy ;42.63
2026-06-23;basic materials;53.81
2026-06-23;CONSUMER CYCLICAL;71.96
2026-06-23;Consumer Defensive;40.42
2026-06-23;COMMUNICATION SERVICES;37.88
2026-06-23;Real Estate;34.1
2026-06-23;Technology;51.4
2026-06-23;INDUSTRIALS;44.66
2026-06-23;healthcare;63.94
2026-06-23;Crypto;65.49
2026-06-24;financial services;64.43
2026-06-24;Utilities;52.54
2026-06-24;Energy;76.52
2026-06-24;  Basic Materials ;52.7
2026-06-24;CONSUMER CYCLICAL;45.09
2026-06-24;Consumer Defensive;63.48
2026-06-24;COMMUNICATION SERVICES;61.25
2026-06-24;Real Estate;56.9
2026-06-24;TECHNOLOGY;39.17
2026-06-24;industrials;33.41
2026-06-24;Healthcare;36.41
2026-06-24;Crypto;51.17
2026-06-25;FINANCIAL SERVICES;51.4
2026-06-25;Utilities;41.94
2026-06-25;ENERGY;26.65
2026-06-25;basic materials;18.83
2026-06-25;CONSUMER CYCLICAL;47.86
2026-06-25;consumer defensive;60.39
2026-06-25;  Communication Services ;15.58
2026-06-25;real estate;58.58
2026-06-25;Technology;42.74
2026-06-25;industrials;27.85
2026-06-25;Healthcare;55.87
2026-06-25;CRYPTO;68.2
2026-06-26;Financial Services;60.25
2026-06-26;UTILITIES;38.58
2026-06-26;ENERGY;67.78
2026-06-26;Basic Materials;49.78
2026-06-26;Consumer Cyclical;64.69
2026-06-26;Consumer Defensive;52.28
2026-06-26;Communication Services;37.63
2026-06-26;REAL ESTATE;43.45
2026-06-26;Technology;20.66
2026-06-26;  Industrials ;50.79
2026-06-26;HEALTHCARE;44.17
2026-06-26;Crypto;34.54
2026-06-29;Financial Services;43.3
2026-06-29;Utilities;34.29
2026-06-29;  Energy ;36.24
2026-06-29;Basic Materials;46.18
2026-06-29;Consumer Cyclical;56.77
2026-06-29;CONSUMER DEFENSIVE;37.9
2026-06-29;Communication Services;46.48
2026-06-29;real estate;42.44
2026-06-29;TECHNOLOGY;58.11
2026-06-29;INDUSTRIALS;38.99
2026-06-29;Healthcare;64.82
2026-06-29;  Crypto ;53.6
2026-06-30;  Financial Services ;33.35
2026-06-30;UTILITIES;52.71
2026-06-30;  Energy ;59.25
2026-06-30;Basic Materials;59.93
2026-06-30;consumer cyclical;30.8
2026-06-30;CONSUMER DEFENSIVE;69.05
2026-06-30;COMMUNICATION SERVICES;61.13
2026-06-30;  Real Estate ;36.27
2026-06-30;Technology;30.98
2026-06-30;INDUSTRIALS;48.09
2026-06-30;healthcare;51.95
2026-06-30;Crypto;62.31
2026-07-01;financial services;47.19
2026-07-01;utilities;39.47
2026-07-01;  Energy ;47.98
2026-07-01;  Basic Materials ;51.59
2026-07-01;CONSUMER CYCLICAL;43.61
2026-07-01;CONSUMER DEFENSIVE;44.41
2026-07-01;  Communication Services ;60.38
2026-07-01;real estate;26.22
2026-07-01;TECHNOLOGY;63.47
2026-07-01;Industrials;44.81
2026-07-01;  Healthcare ;54.8
2026-07-01;CRYPTO;45.71
2026-07-02;  Financial Services ;52.92
2026-07-02;UTILITIES;56.75
2026-07-02;energy;42.71
2026-07-02;basic materials;64.25
2026-07-02;Consumer Cyclical;22.9
2026-07-02;Consumer Defensive;46.38
2026-07-02;Communication Services;56.07
2026-07-02;REAL ESTATE;24.61
2026-07-02;  Technology ;56.86
2026-07-02;industrials;38.3
2026-07-02;HEALTHCARE;59.75
2026-07-02;crypto;37.57
2026-07-03;FINANCIAL SERVICES;65.55
2026-07-03;utilities;39.61
2026-07-03;energy;59.38
2026-07-03;BASIC MATERIALS;61.58
2026-07-03;Consumer Cyclical;52.61
2026-07-03;consumer defensive;52.75
2026-07-03;COMMUNICATION SERVICES;54.87
2026-07-03;Real Estate;68.24
2026-07-03;TECHNOLOGY;57.03
2026-07-03;industrials;58.11
2026-07-03;healthcare;68.18
2026-07-03;CRYPTO;61.38
2026-07-06;FINANCIAL SERVICES;56.38
2026-07-06;UTILITIES;59.77
2026-07-06;ENERGY;37.95
2026-07-06;Basic Materials;52.8
2026-07-06;consumer cyclical;49.86
2026-07-06;CONSUMER DEFENSIVE;51.77
2026-07-06;Communication Services;54.28
2026-07-06;  Real Estate ;38.12
2026-07-06;Technology;45.94
2026-07-06;INDUSTRIALS;59.82
2026-07-06;healthcare;67.57
2026-07-06;CRYPTO;60.36
2026-07-07;  Financial Services ;64.91
2026-07-07;  Utilities ;40.36
2026-07-07;energy;45.8
2026-07-07;basic materials;42.11
2026-07-07;CONSUMER CYCLICAL;53.15
2026-07-07;  Consumer Defensive ;51.62
2026-07-07;communication services;30.94
2026-07-07;REAL ESTATE;42.64
2026-07-07;TECHNOLOGY;57.18
2026-07-07;industrials;47.77
2026-07-07;  Healthcare ;44.78
2026-07-07;Crypto;56.35
2026-07-08;  Financial Services ;20.94
2026-07-08;  Utilities ;40.79
2026-07-08;ENERGY;68.46
2026-07-08;BASIC MATERIALS;29.25
2026-07-08;consumer cyclical;71.81
2026-07-08;consumer defensive;60.87
2026-07-08;Communication Services;55.24
2026-07-08;Real Estate;50.15
2026-07-08;Technology;37.65
2026-07-08;Industrials;12.5
2026-07-08;HEALTHCARE;41.92
2026-07-08;Crypto;60.33
2026-07-09;Financial Services;34.16
2026-07-09;UTILITIES;42.12
2026-07-09;Energy;75.86
2026-07-09;BASIC MATERIALS;54.81
2026-07-09;  Consumer Cyclical ;7.89
2026-07-09;Consumer Defensive;41.74
2026-07-09;COMMUNICATION SERVICES;54.19
2026-07-09;Real Estate;59.04
2026-07-09;TECHNOLOGY;37.6
2026-07-09;Industrials;46.07
2026-07-09;  Healthcare ;39.28
2026-07-09;Crypto;45.5
2026-07-10;  Financial Services ;44.85
2026-07-10;Utilities;37.02
2026-07-10;Energy;39.04
2026-07-10;Basic Materials;78.95
2026-07-10;Consumer Cyclical;50.1
2026-07-10;CONSUMER DEFENSIVE;30.36
2026-07-10;COMMUNICATION SERVICES;43.31
2026-07-10;Real Estate;13.36
2026-07-10;Technology;57.56
2026-07-10;industrials;55.36
2026-07-10;Healthcare;41.76
2026-07-10;CRYPTO;27.59
2026-07-13;Financial Services;55.54
2026-07-13;  Utilities ;25.48
2026-07-13;ENERGY;53.23
2026-07-13;Basic Materials;69.21
2026-07-13;consumer cyclical;56.3
2026-07-13;  Consumer Defensive ;56.81
2026-07-13;  Communication Services ;28.3
2026-07-13;Real Estate;46.44
2026-07-13;technology;29.39
2026-07-13;INDUSTRIALS;29.63
2026-07-13;Healthcare;42.77
2026-07-13;  Crypto ;52.03
2026-07-14;financial services;49.99
2026-07-14;Utilities;25.09
2026-07-14;ENERGY;61.8
2026-07-14;BASIC MATERIALS;65.34
2026-07-14;consumer cyclical;52.44
2026-07-14;CONSUMER DEFENSIVE;77.74
2026-07-14;  Communication Services ;61.62
2026-07-14;Real Estate;36.08
2026-07-14;technology;70.21
2026-07-14;industrials;46.63
2026-07-14;Healthcare;33.64
2026-07-14;Crypto;51.29
2026-07-15;FINANCIAL SERVICES;48.64
2026-07-15;utilities;84.67
2026-07-15;energy;56.8
2026-07-15;Basic Materials;71.81
2026-07-15;Consumer Cyclical;39.92
2026-07-15;CONSUMER DEFENSIVE;52.48
2026-07-15;COMMUNICATION SERVICES;69.99
2026-07-15;  Real Estate ;56.76
2026-07-15;Technology;64.2
2026-07-15;INDUSTRIALS;47.84
2026-07-15;Healthcare;25.15
2026-07-15;crypto;66.69
2026-07-16;  Financial Services ;62.84
2026-07-16;Utilities;34.78
2026-07-16;energy;50.37
2026-07-16;  Basic Materials ;43.95
2026-07-16;Consumer Cyclical;48.28
2026-07-16;Consumer Defensive;61.6
2026-07-16;communication services;38.04
2026-07-16;Real Estate;50.63
2026-07-16;Technology;61.1
2026-07-16;industrials;66.48
2026-07-16;Healthcare;60.26
2026-07-16;Crypto;66.79
2026-07-17;  Financial Services ;51.58
2026-07-17;Utilities;41.62
2026-07-17;energy;61.54
2026-07-17;BASIC MATERIALS;60.94
2026-07-17;  Consumer Cyclical ;46.55
2026-07-17;  Consumer Defensive ;43.32
2026-07-17;Communication Services;64.36
2026-07-17;Real Estate;67.17
2026-07-17;  Technology ;41.11
2026-07-17;INDUSTRIALS;46.03
2026-07-17;healthcare;63.86
2026-07-17;Crypto;14.95
2026-07-20;FINANCIAL SERVICES;26.74
2026-07-20;utilities;65.77
2026-07-20;Energy;38.39
2026-07-20;basic materials;58.59
2026-07-20;CONSUMER CYCLICAL;47.89
2026-07-20;consumer defensive;28.58
2026-07-20;Communication Services;66.6
2026-07-20;REAL ESTATE;53.52
2026-07-20;technology;37.02
2026-07-20;  Industrials ;45.31
2026-07-20;Healthcare;57.63
2026-07-20;CRYPTO;61.76
2026-07-21;Financial Services;66.3
2026-07-21;  Utilities ;61.23
2026-07-21;Energy;98.07
2026-07-21;BASIC MATERIALS;33.14
2026-07-21;Consumer Cyclical;64.78
2026-07-21;Consumer Defensive;65.18
2026-07-21;Communication Services;51.06
2026-07-21;real estate;63.39
2026-07-21;Technology;57.98
2026-07-21;INDUSTRIALS;46.67
2026-07-21;HEALTHCARE;77.5
2026-07-21;Crypto;68.93
2026-07-22;financial services;69.65
2026-07-22;Utilities;61.26
2026-07-22;Energy;50.16
2026-07-22;basic materials;66.56
2026-07-22;CONSUMER CYCLICAL;49.33
2026-07-22;consumer defensive;53.6
2026-07-22;  Communication Services ;40.79
2026-07-22;real estate;50.2
2026-07-22;TECHNOLOGY;56.91
2026-07-22;Industrials;56.28
2026-07-22;  Healthcare ;55.4
2026-07-22;Crypto;26.05
2026-07-23;Financial Services;56.36
2026-07-23;Utilities;47.3
2026-07-23;energy;59.49
2026-07-23;Basic Materials;41.53
2026-07-23;consumer cyclical;30.22
2026-07-23;consumer defensive;55.25
2026-07-23;communication services;63.72
2026-07-23;real estate;51.09
2026-07-23;Technology;40.01
2026-07-23;INDUSTRIALS;43.17
2026-07-23;healthcare;60.3
2026-07-23;Crypto;46.1
2026-07-24;  Financial Services ;39.98
2026-07-24;Utilities;50.9
2026-07-24;Energy;61.95
2026-07-24;basic materials;38.15
2026-07-24;CONSUMER CYCLICAL;62.67
2026-07-24;Consumer Defensive;46.81
2026-07-24;Communication Services;58.14
2026-07-24;REAL ESTATE;54.44
2026-07-24;Technology;61.05
2026-07-24;INDUSTRIALS;35.81
2026-07-24;Healthcare;50.04
2026-07-24;Crypto;61.57
2026-07-27;Financial Services;62.34
2026-07-27;UTILITIES;52.9
2026-07-27;energy;44.7
2026-07-27;BASIC MATERIALS;79.7
2026-07-27;consumer cyclical;48.39
2026-07-27;CONSUMER DEFENSIVE;53.54
2026-07-27;  Communication Services ;61.21
2026-07-27;  Real Estate ;48.51
2026-07-27;Technology;63.28
2026-07-27;Industrials;47.13
2026-07-27;HEALTHCARE;82.48
2026-07-27;Crypto;60.82
2026-07-28;Financial Services;52.33
2026-07-28;Utilities;47.9
2026-07-28;  Energy ;34.26
2026-07-28;basic materials;48.63
2026-07-28;Consumer Cyclical;39.31
2026-07-28;CONSUMER DEFENSIVE;35.62
2026-07-28;Communication Services;63.97
2026-07-28;  Real Estate ;53.59
2026-07-28;Technology;50.13
2026-07-28;INDUSTRIALS;57.7
2026-07-28;HEALTHCARE;67.32
2026-07-28;Crypto;70.82
2026-07-29;financial services;34.48
2026-07-29;Utilities;61.65
2026-07-29;  Energy ;38.97
2026-07-29;  Basic Materials ;62.44
2026-07-29;consumer cyclical;66.85
2026-07-29;Consumer Defensive;47.34
2026-07-29;Communication Services;48.75
2026-07-29;Real Estate;63.65
2026-07-29;technology;78.06
2026-07-29;industrials;44.57
2026-07-29;HEALTHCARE;52.58
2026-07-29;Crypto;50.71
2026-07-30;financial services;83.16
2026-07-30;Utilities;62.66
2026-07-30;Energy;52.47
2026-07-30;basic materials;42.67
2026-07-30;consumer cyclical;33.4
2026-07-30;Consumer Defensive;53.64
2026-07-30;communication services;61.5
2026-07-30;Real Estate;34.5
2026-07-30;technology;57.29
2026-07-30;INDUSTRIALS;36.74
2026-07-30;healthcare;52.49
2026-07-30;Crypto;73.71
2026-07-31;Financial Services;64.45
2026-07-31;  Utilities ;40.83
2026-07-31;ENERGY;60.07
2026-07-31;Basic Materials;72.24
2026-07-31;  Consumer Cyclical ;74.51
2026-07-31;CONSUMER DEFENSIVE;40.64
2026-07-31;communication services;49.24
2026-07-31;real estate;49.28
2026-07-31;TECHNOLOGY;45.42
2026-07-31;Industrials;47.81
2026-07-31;Healthcare;62.76
2026-07-31;CRYPTO;74.0
2026-08-03;Financial Services;40.21
2026-08-03;Utilities;55.76
2026-08-03;Energy;58.16
2026-08-03;Basic Materials;55.42
2026-08-03;  Consumer Cyclical ;36.57
2026-08-03;Consumer Defensive;52.82
2026-08-03;communication services;36.52
2026-08-03;real estate;75.75
2026-08-03;  Technology ;44.52
2026-08-03;industrials;61.56
2026-08-03;Healthcare;33.26
2026-08-03;CRYPTO;29.37
2026-08-04;  Financial Services ;54.93
2026-08-04;utilities;56.47
2026-08-04;Energy;31.22
2026-08-04;  Basic Materials ;78.28
2026-08-04;Consumer Cyclical;52.11
2026-08-04;consumer defensive;51.16
2026-08-04;COMMUNICATION SERVICES;70.72
2026-08-04;  Real Estate ;47.94
2026-08-04;Technology;57.75
2026-08-04;INDUSTRIALS;38.4
2026-08-04;HEALTHCARE;49.8
2026-08-04;  Crypto ;59.04
2026-08-05;financial services;73.68
2026-08-05;Utilities;48.42
2026-08-05;Energy;48.28
2026-08-05;Basic Materials;47.24
2026-08-05;CONSUMER CYCLICAL;79.3
2026-08-05;consumer defensive;43.5
2026-08-05;COMMUNICATION SERVICES;57.25
2026-08-05;REAL ESTATE;45.72
2026-08-05;TECHNOLOGY;60.51
2026-08-05;Industrials;57.55
2026-08-05;healthcare;54.21
2026-08-05;crypto;66.21
2026-08-06;FINANCIAL SERVICES;47.71
2026-08-06;utilities;43.86
2026-08-06;Energy;42.4
2026-08-06;basic materials;40.74
2026-08-06;  Consumer Cyclical ;47.44
2026-08-06;  Consumer Defensive ;38.21
2026-08-06;Communication Services;69.42
2026-08-06;Real Estate;51.53
2026-08-06;  Technology ;72.74
2026-08-06;INDUSTRIALS;21.07
2026-08-06;HEALTHCARE;60.34
2026-08-06;Crypto;35.54
2026-08-07;FINANCIAL SERVICES;37.38
2026-08-07;UTILITIES;65.5
2026-08-07;energy;38.37
2026-08-07;basic materials;64.29
2026-08-07;CONSUMER CYCLICAL;40.62
2026-08-07;consumer defensive;70.64
2026-08-07;communication services;68.68
2026-08-07;REAL ESTATE;50.58
2026-08-07;Technology;48.82
2026-08-07;  Industrials ;54.25
2026-08-07;HEALTHCARE;56.71
2026-08-07;CRYPTO;59.78
2026-08-10;FINANCIAL SERVICES;51.54
2026-08-10;Utilities;44.59
2026-08-10;Energy;55.36
2026-08-10;BASIC MATERIALS;42.75
2026-08-10;CONSUMER CYCLICAL;56.58
2026-08-10;CONSUMER DEFENSIVE;57.83
2026-08-10;Communication Services;63.26
2026-08-10;Real Estate;55.27
2026-08-10;Technology;40.34
2026-08-10;  Industrials ;27.78
2026-08-10;HEALTHCARE;53.17
2026-08-10;crypto;58.73
2026-08-11;financial services;59.6
2026-08-11;Utilities;37.35
2026-08-11;ENERGY;75.4
2026-08-11;BASIC MATERIALS;34.68
2026-08-11;CONSUMER CYCLICAL;27.03
2026-08-11;Consumer Defensive;20.85
2026-08-11;Communication Services;31.94
2026-08-11;Real Estate;16.6
2026-08-11;  Technology ;45.49
2026-08-11;industrials;57.03
2026-08-11;healthcare;66.59
2026-08-11;crypto;82.42
2026-08-12;financial services;47.08
2026-08-12;utilities;59.21
2026-08-12;energy;44.65
2026-08-12;Basic Materials;37.84
2026-08-12;Consumer Cyclical;45.12
2026-08-12;Consumer Defensive;34.48
2026-08-12;Communication Services;40.72
2026-08-12;REAL ESTATE;57.44
2026-08-12;TECHNOLOGY;31.17
2026-08-12;Industrials;47.61
2026-08-12;healthcare;54.31
2026-08-12;Crypto;47.52
2026-08-13;Financial Services;65.83
2026-08-13;utilities;53.32
2026-08-13;  Energy ;50.77
2026-08-13;Basic Materials;60.86
2026-08-13;Consumer Cyclical;53.99
2026-08-13;consumer defensive;52.6
2026-08-13;COMMUNICATION SERVICES;31.04
2026-08-13;Real Estate;31.3
2026-08-13;technology;33.57
2026-08-13;INDUSTRIALS;43.08
2026-08-13;Healthcare;33.88
2026-08-13;CRYPTO;66.37
2026-08-14;Financial Services;49.16
2026-08-14;Utilities;35.44
2026-08-14;ENERGY;74.86
2026-08-14;  Basic Materials ;62.33
2026-08-14;CONSUMER CYCLICAL;50.19
2026-08-14;Consumer Defensive;58.9
2026-08-14;communication services;37.31
2026-08-14;real estate;45.0
2026-08-14;  Technology ;35.86
2026-08-14;industrials;33.59
2026-08-14;Healthcare;49.34
2026-08-14;CRYPTO;65.72
2026-08-17;Financial Services;61.69
2026-08-17;Utilities;25.57
2026-08-17;Energy;74.72
2026-08-17;  Basic Materials ;42.91
2026-08-17;Consumer Cyclical;47.53
2026-08-17;Consumer Defensive;60.12
2026-08-17;COMMUNICATION SERVICES;54.34
2026-08-17;Real Estate;47.13
2026-08-17;technology;45.05
2026-08-17;industrials;52.28
2026-08-17;HEALTHCARE;40.0
2026-08-17;Crypto;59.0
2026-08-18;Financial Services;46.27
2026-08-18;Utilities;32.53
2026-08-18;energy;59.05
2026-08-18;basic materials;41.48
2026-08-18;CONSUMER CYCLICAL;55.27
2026-08-18;  Consumer Defensive ;56.38
2026-08-18;communication services;28.21
2026-08-18;REAL ESTATE;76.65
2026-08-18;Technology;39.46
2026-08-18;Industrials;36.53
2026-08-18;HEALTHCARE;89.67
2026-08-18;Crypto;78.38
2026-08-19;Financial Services;43.84
2026-08-19;  Utilities ;55.55
2026-08-19;Energy;46.0
2026-08-19;Basic Materials;39.87
2026-08-19;Consumer Cyclical;36.57
2026-08-19;CONSUMER DEFENSIVE;53.38
2026-08-19;  Communication Services ;38.89
2026-08-19;REAL ESTATE;37.11
2026-08-19;TECHNOLOGY;28.59
2026-08-19;Industrials;52.78
2026-08-19;Healthcare;67.71
2026-08-19;Crypto;47.25
2026-08-20;Financial Services;77.81
2026-08-20;utilities;39.22
2026-08-20;  Energy ;31.99
2026-08-20;BASIC MATERIALS;56.88
2026-08-20;Consumer Cyclical;63.84
2026-08-20;Consumer Defensive;47.28
2026-08-20;COMMUNICATION SERVICES;36.27
2026-08-20;Real Estate;34.31
2026-08-20;Technology;35.68
2026-08-20;INDUSTRIALS;56.5
2026-08-20;Healthcare;47.41
2026-08-20;  Crypto ;71.78
2026-08-21;FINANCIAL SERVICES;32.8
2026-08-21;Utilities;69.16
2026-08-21;energy;71.21
2026-08-21;Basic Materials;39.25
2026-08-21;Consumer Cyclical;40.98
2026-08-21;Consumer Defensive;49.53
2026-08-21;communication services;57.45
2026-08-21;real estate;57.21
2026-08-21;TECHNOLOGY;48.35
2026-08-21;Industrials;47.09
2026-08-21;  Healthcare ;45.55
2026-08-21;  Crypto ;44.38
2026-08-24;Financial Services;59.65
2026-08-24;Utilities;54.1
2026-08-24;Energy;68.96
2026-08-24;BASIC MATERIALS;60.28
2026-08-24;Consumer Cyclical;56.44
2026-08-24;CONSUMER DEFENSIVE;68.84
2026-08-24;COMMUNICATION SERVICES;34.42
2026-08-24;real estate;51.32
2026-08-24;TECHNOLOGY;41.12
2026-08-24;industrials;62.5
2026-08-24;HEALTHCARE;51.07
2026-08-24;CRYPTO;71.51
2026-08-25;Financial Services;47.77
2026-08-25;utilities;42.4
2026-08-25;ENERGY;41.81
2026-08-25;  Basic Materials ;49.55
2026-08-25;CONSUMER CYCLICAL;56.27
2026-08-25;CONSUMER DEFENSIVE;39.07
2026-08-25;Communication Services;64.83
2026-08-25;REAL ESTATE;63.99
2026-08-25;Technology;53.4
2026-08-25;INDUSTRIALS;34.89
2026-08-25;HEALTHCARE;58.69
2026-08-25;Crypto;60.62
2026-08-26;  Financial Services ;49.05
2026-08-26;Utilities;44.44
2026-08-26;Energy;58.08
2026-08-26;Basic Materials;44.04
2026-08-26;CONSUMER CYCLICAL;49.57
2026-08-26;Consumer Defensive;48.9
2026-08-26;Communication Services;59.37
2026-08-26;Real Estate;47.67
2026-08-26;TECHNOLOGY;64.74
2026-08-26;Industrials;56.43
2026-08-26;HEALTHCARE;33.03
2026-08-26;CRYPTO;82.63
2026-08-27;  Financial Services ;32.44
2026-08-27;Utilities;46.89
2026-08-27;Energy;46.46
2026-08-27;basic materials;70.96
2026-08-27;Consumer Cyclical;46.4
2026-08-27;Consumer Defensive;46.66
2026-08-27;Communication Services;64.44
2026-08-27;  Real Estate ;40.88
2026-08-27;  Technology ;63.71
2026-08-27;industrials;46.3
2026-08-27;  Healthcare ;51.71
2026-08-27;crypto;80.96
2026-08-28;  Financial Services ;45.62
2026-08-28;Utilities;59.54
2026-08-28;Energy;24.45
2026-08-28;Basic Materials;37.34
2026-08-28;CONSUMER CYCLICAL;68.93
2026-08-28;consumer defensive;31.97
2026-08-28;communication services;57.5
2026-08-28;  Real Estate ;31.91
2026-08-28;Technology;67.0
2026-08-28;industrials;49.29
2026-08-28;  Healthcare ;49.3
2026-08-28;Crypto;40.64
2026-08-31;Financial Services;65.05
2026-08-31;utilities;43.29
2026-08-31;ENERGY;37.94
2026-08-31;Basic Materials;34.57
2026-08-31;CONSUMER CYCLICAL;49.71
2026-08-31;Consumer Defensive;46.2
2026-08-31;communication services;52.79
2026-08-31;Real Estate;30.73
2026-08-31;Technology;35.64
2026-08-31;Industrials;61.24
2026-08-31;Healthcare;26.5
2026-08-31;CRYPTO;56.68
2026-09-01;  Financial Services ;53.13
2026-09-01;Utilities;81.87
2026-09-01;ENERGY;47.08
2026-09-01;basic materials;60.18
2026-09-01;  Consumer Cyclical ;57.22
2026-09-01;consumer defensive;50.2
2026-09-01;Communication Services;56.01
2026-09-01;  Real Estate ;37.27
2026-09-01;Technology;42.95
2026-09-01;Industrials;38.14
2026-09-01;Healthcare;35.25
2026-09-01;  Crypto ;65.81
2026-09-02;financial services;45.28
2026-09-02;Utilities;54.44
2026-09-02;ENERGY;68.92
2026-09-02;basic materials;58.36
2026-09-02;  Consumer Cyclical ;48.3
2026-09-02;Consumer Defensive;51.94
2026-09-02;Communication Services;64.46
2026-09-02;  Real Estate ;40.32
2026-09-02;Technology;37.91
2026-09-02;industrials;46.37
2026-09-02;healthcare;69.5
2026-09-02;CRYPTO;61.96
2026-09-03;Financial Services;62.71
2026-09-03;  Utilities ;35.41
2026-09-03;Energy;38.83
2026-09-03;basic materials;55.83
2026-09-03;Consumer Cyclical;59.52
2026-09-03;consumer defensive;41.2
2026-09-03;COMMUNICATION SERVICES;55.43
2026-09-03;real estate;46.82
2026-09-03;TECHNOLOGY;58.27
2026-09-03;Industrials;69.38
2026-09-03;Healthcare;32.17
2026-09-03;crypto;37.37
2026-09-04;financial services;51.5
2026-09-04;Utilities;44.39
2026-09-04;ENERGY;48.05
2026-09-04;  Basic Materials ;70.57
2026-09-04;CONSUMER CYCLICAL;84.28
2026-09-04;CONSUMER DEFENSIVE;46.64
2026-09-04;COMMUNICATION SERVICES;49.57
2026-09-04;Real Estate;54.33
2026-09-04;TECHNOLOGY;66.99
2026-09-04;Industrials;56.78
2026-09-04;Healthcare;48.16
2026-09-04;Crypto;43.41
2026-09-07;Financial Services;70.62
2026-09-07;utilities;53.1
2026-09-07;ENERGY;54.66
2026-09-07;Basic Materials;70.21
2026-09-07;Consumer Cyclical;51.25
2026-09-07;CONSUMER DEFENSIVE;56.56
2026-09-07;Communication Services;36.26
2026-09-07;Real Estate;22.91
2026-09-07;  Technology ;54.01
2026-09-07;INDUSTRIALS;53.9
2026-09-07;Healthcare;38.42
2026-09-07;CRYPTO;39.23
2026-09-08;Financial Services;49.27
2026-09-08;UTILITIES;31.73
2026-09-08;Energy;64.71
2026-09-08;BASIC MATERIALS;47.2
2026-09-08;CONSUMER CYCLICAL;66.95
2026-09-08;CONSUMER DEFENSIVE;64.02
2026-09-08;Communication Services;46.63
2026-09-08;REAL ESTATE;45.15
2026-09-08;Technology;39.86
2026-09-08;INDUSTRIALS;64.91
2026-09-08;Healthcare;63.39
2026-09-08;Crypto;81.8
2026-09-09;financial services;31.16
2026-09-09;UTILITIES;39.75
2026-09-09;ENERGY;44.29
2026-09-09;basic materials;71.8
2026-09-09;CONSUMER CYCLICAL;45.79
2026-09-09;CONSUMER DEFENSIVE;54.4
2026-09-09;COMMUNICATION SERVICES;73.96
2026-09-09;  Real Estate ;48.91
2026-09-09;TECHNOLOGY;15.88
2026-09-09;Industrials;50.98
2026-09-09;HEALTHCARE;50.22
2026-09-09;  Crypto ;52.22
2026-09-10;FINANCIAL SERVICES;50.43
2026-09-10;  Utilities ;56.84
2026-09-10;Energy;56.48
2026-09-10;Basic Materials;58.07
2026-09-10;CONSUMER CYCLICAL;43.06
2026-09-10;CONSUMER DEFENSIVE;37.74
2026-09-10;Communication Services;60.18
2026-09-10;Real Estate;44.97
2026-09-10;  Technology ;45.31
2026-09-10;Industrials;35.97
2026-09-10;healthcare;38.01
2026-09-10;Crypto;32.06
2026-09-11;financial services;41.81
2026-09-11;utilities;60.44
2026-09-11;Energy;49.37
2026-09-11;BASIC MATERIALS;41.02
2026-09-11;Consumer Cyclical;59.02
2026-09-11;Consumer Defensive;44.51
2026-09-11;Communication Services;36.44
2026-09-11;  Real Estate ;39.69
2026-09-11;Technology;69.89
2026-09-11;INDUSTRIALS;56.38
2026-09-11;  Healthcare ;24.5
2026-09-11;CRYPTO;37.79
2026-09-14;FINANCIAL SERVICES;53.88
2026-09-14;UTILITIES;48.62
2026-09-14;ENERGY;58.67
2026-09-14;Basic Materials;51.55
2026-09-14;Consumer Cyclical;59.54
2026-09-14;Consumer Defensive;41.77
2026-09-14;communication services;33.77
2026-09-14;Real Estate;53.74
2026-09-14;Technology;61.27
2026-09-14;INDUSTRIALS;46.29
2026-09-14;healthcare;70.04
2026-09-14;Crypto;70.21
2026-09-15;financial services;43.59
2026-09-15;Utilities;44.74
2026-09-15;ENERGY;58.49
2026-09-15;BASIC MATERIALS;38.5
2026-09-15;CONSUMER CYCLICAL;46.29
2026-09-15;consumer defensive;38.23
2026-09-15;  Communication Services ;50.26
2026-09-15;REAL ESTATE;52.44
2026-09-15;Technology;54.0
2026-09-15;Industrials;29.04
2026-09-15;HEALTHCARE;66.23
2026-09-15;  Crypto ;30.62
2026-09-16;  Financial Services ;71.75
2026-09-16;utilities;32.45
2026-09-16;Energy;65.93
2026-09-16;Basic Materials;80.1
2026-09-16;consumer cyclical;41.65
2026-09-16;Consumer Defensive;54.78
2026-09-16;Communication Services;45.4
2026-09-16;Real Estate;44.57
2026-09-16;  Technology ;54.75
2026-09-16;Industrials;73.07
2026-09-16;HEALTHCARE;68.11
2026-09-16;Crypto;15.22
2026-09-17;financial services;37.3
2026-09-17;  Utilities ;70.26
2026-09-17;ENERGY;41.79
2026-09-17;BASIC MATERIALS;63.87
2026-09-17;Consumer Cyclical;58.66
2026-09-17;  Consumer Defensive ;58.54
2026-09-17;communication services;77.15
2026-09-17;  Real Estate ;30.36
2026-09-17;  Technology ;65.95
2026-09-17;INDUSTRIALS;49.29
2026-09-17;healthcare;44.95
2026-09-17;CRYPTO;47.71
2026-09-18;Financial Services;48.29
2026-09-18;UTILITIES;56.76
2026-09-18;  Energy ;60.56
2026-09-18;BASIC MATERIALS;66.76
2026-09-18;  Consumer Cyclical ;48.65
2026-09-18;CONSUMER DEFENSIVE;24.27
2026-09-18;Communication Services;58.56
2026-09-18;  Real Estate ;52.79
2026-09-18;Technology;30.54
2026-09-18;industrials;54.91
2026-09-18;healthcare;54.48
2026-09-18;  Crypto ;33.54
2026-09-21;Financial Services;48.27
2026-09-21;  Utilities ;63.59
2026-09-21;Energy;43.75
2026-09-21;Basic Materials;55.98
2026-09-21;consumer cyclical;34.51
2026-09-21;  Consumer Defensive ;35.21
2026-09-21;Communication Services;41.42
2026-09-21;  Real Estate ;44.5
2026-09-21;  Technology ;45.7
2026-09-21;Industrials;53.45
2026-09-21;Healthcare;66.99
2026-09-21;crypto;66.13
2026-09-22;  Financial Services ;57.79
2026-09-22;Utilities;41.27
2026-09-22;Energy;46.24
2026-09-22;  Basic Materials ;54.93
2026-09-22;consumer cyclical;45.38
2026-09-22;CONSUMER DEFENSIVE;57.88
2026-09-22;Communication Services;49.27
2026-09-22;Real Estate;56.05
2026-09-22;  Technology ;55.35
2026-09-22;  Industrials ;59.81
2026-09-22;Healthcare;70.1
2026-09-22;CRYPTO;36.2
2026-09-23;financial services;62.63
2026-09-23;Utilities;65.26
2026-09-23;energy;62.4
2026-09-23;BASIC MATERIALS;72.81
2026-09-23;  Consumer Cyclical ;64.24
2026-09-23;CONSUMER DEFENSIVE;64.93
2026-09-23;COMMUNICATION SERVICES;52.75
2026-09-23;Real Estate;47.24
2026-09-23;Technology;45.52
2026-09-23;INDUSTRIALS;55.72
2026-09-23;Healthcare;69.53
2026-09-23;Crypto;57.96
2026-09-24;FINANCIAL SERVICES;66.58
2026-09-24;Utilities;62.01
2026-09-24;Energy;66.74
2026-09-24;Basic Materials;54.25
2026-09-24;Consumer Cyclical;31.59
2026-09-24;consumer defensive;71.65
2026-09-24;COMMUNICATION SERVICES;30.64
2026-09-24;Real Estate;80.28
2026-09-24;Technology;47.28
2026-09-24;  Industrials ;39.15
2026-09-24;Healthcare;31.1
2026-09-24;Crypto;46.34
2026-09-25;Financial Services;55.86
2026-09-25;Utilities;45.04
2026-09-25;Energy;43.1
2026-09-25;Basic Materials;43.73
2026-09-25;Consumer Cyclical;54.94
2026-09-25;CONSUMER DEFENSIVE;59.41
2026-09-25;Communication Services;44.93
2026-09-25;Real Estate;33.6
2026-09-25;Technology;41.34
2026-09-25;INDUSTRIALS;42.94
2026-09-25;HEALTHCARE;30.37
2026-09-25;Crypto;46.47
2026-09-28;FINANCIAL SERVICES;51.99
2026-09-28;  Utilities ;48.14
2026-09-28;  Energy ;43.81
2026-09-28;Basic Materials;59.63
2026-09-28;CONSUMER CYCLICAL;53.16
2026-09-28;consumer defensive;34.59
2026-09-28;  Communication Services ;62.23
2026-09-28;Real Estate;62.14
2026-09-28;TECHNOLOGY;48.69
2026-09-28;industrials;47.69
2026-09-28;HEALTHCARE;69.14
2026-09-28;Crypto;48.73
2026-09-29;Financial Services;41.24
2026-09-29;UTILITIES;43.9
2026-09-29;energy;37.91
2026-09-29;Basic Materials;37.03
2026-09-29;Consumer Cyclical;61.64
2026-09-29;Consumer Defensive;50.46
2026-09-29;COMMUNICATION SERVICES;64.19
2026-09-29;Real Estate;27.52
2026-09-29;Technology;52.68
2026-09-29;INDUSTRIALS;47.94
2026-09-29;healthcare;73.49
2026-09-29;  Crypto ;33.76
2026-09-30;financial services;42.92
2026-09-30;Utilities;36.96
2026-09-30;ENERGY;33.05
2026-09-30;basic materials;58.74
2026-09-30;Consumer Cyclical;54.48
2026-09-30;consumer defensive;44.4
2026-09-30;Communication Services;40.19
2026-09-30;REAL ESTATE;56.42
2026-09-30;Technology;54.68
2026-09-30;INDUSTRIALS;26.73
2026-09-30;HEALTHCARE;46.4
2026-09-30;Crypto;60.86
